,CALTRM01_EVE001,CALTRM01_EVE003,CAJZCY01_EVE003,CAJZCY01_EVE004,CALTRM01_EVE002,CAJZCY01_EVE002,CALTRM01_EVE033,CAJZCY01_EVE058,CAJZCY01_EVE062,CAJZCY01_EVE065,CAJZCY01_EVE051,CAJZCY01_EVE066,CALTRM01_EVE013,CAJZCY01_EVE041,CAJZCY01_EVE050,CAJZCY01_EVE063,CAJZCY01_EVE064,CALTRM01_EVE018,CAJZCY01_EVE083,CALTRM01_EVE021,CALTRM01_EVE022,CAJZCY01_EVE079,CALTRM01_EVE019,CAJZCY01_EVE084,CALTRM01_EVE020,CALTRM01_EVE023,CAJZCY01_EVE078,CALTRM01_EVE031,CALTRM01_EVE032,CAJZCY01_EVE068,CAJZCY01_EVE077,CAJZCY01_EVE048,CAJZCY01_EVE080,CAJZCY01_EVE085,CAJZCY01_EVE086,CAJZCY01_EVE047,CAJZCY01_EVE049,CAJZCY01_EVE061,CAJZCY01_EVE037,CAJZCY01_EVE042,CAJZCY01_EVE046,CAJZCY01_EVE045,CAJZCY01_EVE044,CALTRM01_EVE012,CAJZCY01_EVE043,CAJZCY01_EVE039,CAJZCY01_EVE038,CAJZCY01_EVE040,CAJZCY01_EVE052,CALTRM01_EVE014,CAJZCY01_EVE057,CALTRM01_EVE015,CAJZCY01_EVE056,CALTRM01_EVE027,CALTRM01_EVE029,CAJZCY01_EVE071,CAJZCY01_EVE073,CAJZCY01_EVE055,CALTRM01_EVE016,CAJZCY01_EVE082,CALTRM01_EVE024,CAJZCY01_EVE076,CAJZCY01_EVE087,CALTRM01_EVE017,CAJZCY01_EVE081,CALTRM01_EVE028,CALTRM01_EVE026,CAJZCY01_EVE074,CAJZCY01_EVE059,CAJZCY01_EVE067,CAJZCY01_EVE070,CAJZCY01_EVE072,CALTRM01_EVE030,CAJZCY01_EVE069,CALTRM01_EVE025,CAJZCY01_EVE075,CAJZCY01_EVE060,CALTRM01_EVE034,CAJZCY01_EVE054,CAJZCY01_EVE015,CAJZCY01_EVE016,CALTRM01_EVE010,CAJZCY01_EVE034,CAJZCY01_EVE021,CAJZCY01_EVE001,CAJZCY01_EVE013,CAJZCY01_EVE018,CAJZCY01_EVE005,CAJZCY01_EVE009,CAJZCY01_EVE006,CAJZCY01_EVE008,CAJZCY01_EVE010,CAJZCY01_EVE011,CAJZCY01_EVE007,CAJZCY01_EVE012,CAJZCY01_EVE026,CAJZCY01_EVE027,CAJZCY01_EVE028,CAJZCY01_EVE029,CAJZCY01_EVE030,CAJZCY01_EVE031,CAJZCY01_EVE032,CAJZCY01_EVE019,CAJZCY01_EVE020,CALTRM01_EVE004,CALTRM01_EVE005,CAJZCY01_EVE022,CAJZCY01_EVE024,CAJZCY01_EVE023,CALTRM01_EVE008,CALTRM01_EVE009,CAJZCY01_EVE033,CAJZCY01_EVE014,CAJZCY01_EVE017,CALTRM01_EVE006,CALTRM01_EVE007,CAJZCY01_EVE025,CAJZCY01_EVE035,CAJZCY01_EVE036
CALTRM01_EVE001,,32.59,32.59,30.63,7.25,7.43,8.24,8.24,8.63,8.43,0.00,9.61,8.91,11.86,9.09,8.58,8.58,8.97,8.97,9.16,9.16,9.16,8.97,8.97,8.97,8.97,8.97,8.97,8.97,8.97,8.97,10.53,9.16,8.97,8.97,0.82,5.65,9.16,3.41,0.00,0.00,0.00,0.00,6.98,4.65,5.70,5.85,0.00,1.26,9.74,9.74,9.74,9.74,9.74,9.74,9.74,9.74,9.74,9.74,9.74,9.74,9.74,9.64,9.74,9.74,9.74,9.53,9.53,9.74,9.74,9.74,9.74,9.74,9.74,9.74,9.74,9.74,9.28,1.21,6.39,2.80,16.06,11.58,5.69,13.91,17.11,9.91,6.60,6.60,6.75,6.75,6.75,6.75,6.75,8.32,10.53,10.53,10.53,10.53,10.53,10.53,10.53,6.85,6.70,8.44,8.44,10.55,8.67,8.67,10.71,10.71,11.04,9.50,11.74,16.91,16.91,16.54,13.95,18.97
CALTRM01_EVE003,32.59,,99.77,100.00,14.17,14.40,13.76,13.76,13.47,13.86,6.19,13.86,12.42,12.00,11.91,12.93,12.93,14.61,14.61,14.61,14.61,14.61,14.51,14.51,14.61,14.61,14.61,14.62,14.62,14.53,14.62,19.10,14.22,13.92,13.92,0.00,16.46,13.72,0.00,0.00,0.00,0.00,0.00,0.00,0.00,16.99,16.04,0.00,0.00,11.93,11.93,11.93,11.93,11.92,11.82,11.82,11.93,11.83,13.86,13.86,13.86,13.86,13.59,13.86,13.86,13.86,13.86,13.86,13.86,13.86,13.86,13.76,13.96,13.96,13.86,13.86,13.86,11.43,0.00,11.10,0.00,16.43,15.58,9.17,14.26,15.92,14.59,12.50,12.50,12.50,12.50,12.50,12.41,14.61,22.98,16.88,16.88,16.88,16.88,16.88,16.88,16.88,13.83,16.70,13.02,13.13,22.30,13.32,13.32,11.84,11.84,11.84,14.50,14.97,19.05,19.05,17.86,20.14,12.83
CAJZCY01_EVE003,32.59,99.77,,100.00,14.17,14.40,13.66,13.66,13.37,13.76,6.19,13.76,12.53,12.00,12.02,13.03,13.03,14.51,14.51,14.51,14.51,14.51,14.41,14.41,14.51,14.51,14.51,14.53,14.53,14.43,14.53,19.10,14.12,13.82,13.82,0.00,16.46,13.82,0.00,0.00,0.00,0.00,0.00,0.00,0.00,16.84,16.16,0.00,0.00,11.93,11.93,11.93,11.93,11.92,11.82,11.82,11.93,11.83,13.76,13.76,13.76,13.76,13.47,13.76,13.76,13.76,13.76,13.76,13.76,13.76,13.76,13.65,13.86,13.86,13.76,13.76,13.76,11.43,0.00,11.18,0.00,16.43,15.58,9.23,14.26,15.92,14.59,12.59,12.59,12.59,12.59,12.59,12.50,14.74,22.98,17.10,17.10,17.10,17.10,17.10,17.10,17.10,13.83,16.70,13.02,13.13,22.30,13.32,13.32,11.84,11.84,11.84,14.50,14.97,19.05,19.05,17.86,20.14,12.83
CAJZCY01_EVE004,30.63,100.00,100.00,,12.72,12.90,14.50,14.50,14.69,14.69,0.00,15.08,12.89,8.47,13.09,13.28,13.28,15.18,15.18,15.37,15.37,15.37,15.18,15.18,15.18,15.18,15.18,15.18,15.18,15.18,15.18,19.10,14.42,14.04,14.04,3.28,9.97,17.14,2.30,0.00,0.00,0.00,0.00,4.76,4.76,10.63,10.15,0.00,4.10,15.14,15.14,15.14,15.14,15.14,15.14,15.14,15.14,14.94,15.14,15.14,15.14,15.14,18.69,15.14,15.14,15.14,15.14,15.14,15.14,15.14,15.14,15.14,14.94,14.94,15.14,15.14,15.14,14.29,3.13,9.71,8.41,16.67,13.33,8.65,15.64,13.11,15.10,13.57,13.57,13.42,13.42,13.42,13.42,13.42,14.51,16.16,16.16,16.16,16.16,16.16,16.16,16.16,12.63,12.33,13.98,14.16,15.80,14.52,14.52,18.40,18.40,18.40,14.37,15.72,16.76,16.76,15.92,19.71,18.96
CALTRM01_EVE002,7.25,14.17,14.17,12.72,,98.91,26.67,26.75,26.59,26.27,19.62,25.48,22.24,30.19,24.55,26.52,26.52,26.06,26.14,26.06,26.06,26.06,26.14,26.14,26.06,26.06,26.14,26.06,25.98,25.90,25.98,28.19,24.94,25.18,25.18,9.41,18.38,26.32,13.01,20.93,0.00,19.64,1.99,22.77,20.95,23.55,22.41,0.00,13.16,25.56,25.56,25.56,25.56,25.37,25.37,25.29,25.56,25.39,26.09,26.09,26.00,26.00,26.13,26.17,26.17,26.17,26.17,26.17,26.17,26.17,26.17,26.17,26.25,26.25,26.06,26.06,26.17,24.38,8.92,19.78,15.86,17.19,17.22,15.24,18.23,11.77,16.11,23.25,23.25,23.31,23.31,23.31,23.31,24.33,26.16,25.69,25.69,25.69,25.69,25.69,25.69,25.69,25.76,26.34,24.33,24.49,24.44,24.76,24.76,11.28,11.28,11.38,15.10,20.31,11.42,11.42,11.60,16.33,8.40
CAJZCY01_EVE002,7.43,14.40,14.40,12.90,98.91,,26.83,26.91,26.75,26.43,19.62,25.64,22.24,30.19,24.47,26.52,26.52,25.90,25.98,25.90,25.90,25.90,25.98,25.98,25.90,25.90,25.98,25.90,25.82,25.74,25.82,28.19,24.86,25.10,25.10,9.41,18.38,26.23,12.33,20.93,0.00,19.64,1.83,21.78,20.00,23.64,22.41,0.00,13.16,25.65,25.65,25.65,25.65,25.37,25.37,25.29,25.65,25.48,26.09,26.09,26.00,26.00,26.13,26.17,26.17,26.17,26.17,26.17,26.17,26.17,26.17,26.17,26.25,26.25,26.06,26.06,26.17,24.38,9.46,20.00,15.17,17.09,16.97,14.93,18.34,11.77,16.28,23.18,23.18,23.25,23.25,23.25,23.25,24.24,25.96,25.69,25.69,25.69,25.69,25.69,25.69,25.69,25.60,26.21,24.18,24.33,24.25,24.60,24.60,11.28,11.28,11.38,14.98,20.58,11.23,11.23,11.42,16.55,8.40
CALTRM01_EVE033,8.24,13.76,13.66,14.50,26.67,26.83,,99.82,98.60,98.25,87.44,80.88,63.79,72.38,68.06,72.04,72.04,72.27,72.18,72.18,72.18,72.18,72.35,72.35,72.18,72.18,72.00,72.00,71.92,71.92,72.00,69.75,71.74,71.65,71.65,66.67,69.25,71.20,0.00,0.00,0.00,0.00,0.00,0.00,0.00,94.40,63.22,0.00,63.64,54.20,54.20,54.11,54.11,54.40,54.31,54.23,54.20,54.02,57.05,57.05,56.96,56.96,56.85,57.05,57.05,57.05,57.05,57.05,57.13,57.13,57.05,56.96,56.87,56.87,56.84,56.84,56.96,52.18,6.56,25.63,0.00,17.53,18.60,23.93,20.29,12.98,16.61,25.98,25.98,25.76,25.76,25.76,25.69,26.36,23.88,26.04,26.04,26.04,26.04,26.04,26.04,26.04,27.03,29.67,28.69,28.77,32.18,28.98,28.98,11.09,11.09,10.98,15.93,22.22,18.02,18.02,18.02,17.85,10.66
CAJZCY01_EVE058,8.24,13.76,13.66,14.50,26.75,26.91,99.82,,98.77,98.43,87.44,80.96,63.88,72.38,68.15,72.13,72.13,72.35,72.27,72.27,72.27,72.27,72.44,72.44,72.27,72.27,72.09,72.09,72.00,72.00,72.09,69.75,71.83,71.74,71.74,66.67,69.25,71.30,0.00,0.00,0.00,0.00,0.00,0.00,0.00,94.66,63.33,0.00,63.64,54.37,54.37,54.29,54.29,54.57,54.48,54.40,54.37,54.20,57.22,57.22,57.13,57.13,57.05,57.22,57.22,57.22,57.22,57.22,57.30,57.30,57.22,57.13,57.05,57.05,57.01,57.01,57.13,52.35,6.56,25.70,0.00,17.53,18.60,23.93,20.29,12.98,16.61,26.13,26.13,25.91,25.91,25.91,25.84,26.57,23.88,26.04,26.04,26.04,26.04,26.04,26.04,26.04,27.21,29.67,28.69,28.77,32.18,28.98,28.98,11.09,11.09,10.98,15.93,22.32,18.02,18.02,18.02,17.85,10.66
CAJZCY01_EVE062,8.63,13.47,13.37,14.69,26.59,26.75,98.60,98.77,,98.43,87.18,81.05,63.88,73.33,68.15,72.22,72.22,72.18,72.09,72.27,72.27,72.27,72.44,72.44,72.09,72.09,71.92,71.92,71.83,71.83,71.92,69.75,71.74,71.65,71.65,66.67,68.85,71.30,0.00,0.00,0.00,0.00,0.00,0.00,0.00,94.92,63.33,0.00,63.64,54.11,54.11,54.02,54.02,54.31,54.23,54.14,54.11,53.93,57.22,57.22,57.13,57.13,56.95,57.22,57.22,57.22,57.22,57.22,57.30,57.30,57.22,57.13,57.05,57.05,57.01,57.01,57.13,52.09,6.56,25.56,0.00,17.53,18.70,23.88,20.53,12.98,16.44,25.69,25.69,25.47,25.47,25.47,25.40,26.14,24.16,26.24,26.24,26.24,26.24,26.24,26.24,26.24,27.30,29.34,28.77,28.69,32.43,28.89,28.89,11.09,11.09,10.98,15.68,22.42,18.22,18.22,18.22,17.85,10.54
CAJZCY01_EVE065,8.43,13.86,13.76,14.69,26.27,26.43,98.25,98.43,98.43,,86.29,81.03,63.74,73.33,67.99,71.87,71.87,72.19,72.10,72.10,72.10,72.10,72.28,72.28,72.10,72.10,71.93,71.93,71.84,71.84,71.93,67.90,71.67,71.58,71.58,66.67,68.85,70.92,0.00,0.00,0.00,0.00,0.00,0.00,0.00,94.92,63.27,0.00,63.64,54.27,54.27,54.18,54.18,54.47,54.38,54.30,54.27,54.09,57.28,57.28,57.19,57.19,56.92,57.28,57.28,57.28,57.28,57.28,57.36,57.36,57.28,57.19,57.11,57.11,57.07,57.07,57.19,52.17,6.56,25.84,0.00,17.34,18.41,23.99,20.41,12.98,16.30,26.11,26.11,25.89,25.89,25.89,25.82,26.36,24.44,26.04,26.04,26.04,26.04,26.04,26.04,26.04,27.72,29.84,29.02,29.19,32.67,29.39,29.39,11.15,11.15,11.04,16.06,22.14,17.62,17.62,17.62,17.97,10.61
CAJZCY01_EVE051,0.00,6.19,6.19,0.00,19.62,19.62,87.44,87.44,87.18,86.29,,76.15,69.21,0.00,68.25,73.16,73.16,66.67,66.41,66.67,66.67,66.67,66.67,66.67,66.92,66.92,66.92,66.15,65.90,66.15,66.15,0.00,66.67,66.67,66.67,0.00,0.00,66.92,0.00,0.00,0.00,0.00,0.00,0.00,0.00,44.44,43.26,0.00,0.00,61.77,61.77,61.77,61.77,58.72,58.72,58.72,62.08,61.47,58.72,58.72,58.72,58.72,58.46,58.72,58.72,58.72,58.72,58.72,58.72,58.72,58.72,58.72,58.72,58.72,58.72,58.72,58.46,58.21,0.00,27.55,0.00,16.80,18.82,26.27,15.00,0.00,14.53,23.72,23.72,23.72,23.72,23.72,23.72,11.11,0.00,0.00,0.00,0.00,0.00,0.00,0.00,0.00,23.35,0.00,22.34,22.34,0.00,22.34,22.34,11.24,11.24,11.24,50.00,16.75,0.00,0.00,0.00,0.00,6.41
CAJZCY01_EVE066,9.61,13.86,13.76,15.08,25.48,25.64,80.88,80.96,81.05,81.03,76.15,,64.53,78.10,68.62,74.50,74.50,73.21,73.12,73.12,73.12,73.12,73.04,73.04,73.12,73.12,73.04,73.04,72.86,72.86,72.95,68.52,73.04,73.12,73.12,74.07,70.24,72.37,0.00,0.00,0.00,0.00,0.00,0.00,0.00,78.13,64.93,0.00,68.18,54.29,54.29,54.29,54.29,54.65,54.74,54.65,54.20,54.11,57.73,57.73,57.64,57.64,57.47,57.73,57.73,57.73,57.73,57.73,57.81,57.81,57.73,57.64,57.73,57.73,57.29,57.29,57.64,52.43,8.20,25.77,0.00,17.63,18.51,23.84,19.68,11.88,16.78,25.25,25.25,25.18,25.18,25.18,25.25,26.03,26.40,26.64,26.64,26.64,26.64,26.64,26.64,26.64,26.85,28.52,28.36,28.19,33.66,28.31,28.31,11.09,11.09,10.98,16.06,23.01,17.03,17.03,17.23,17.72,10.77
CALTRM01_EVE013,8.91,12.42,12.53,12.89,22.24,22.24,63.79,63.88,63.88,63.74,69.21,64.53,,92.38,92.42,78.83,78.83,70.29,70.19,70.29,70.29,70.29,70.29,70.29,70.29,70.29,70.19,70.01,69.92,70.10,69.92,51.85,67.78,68.25,68.25,81.48,66.86,77.95,0.00,0.00,0.00,0.00,0.00,0.00,0.00,59.79,54.62,0.00,65.15,49.28,49.28,49.18,49.18,49.28,49.37,49.28,49.18,49.09,52.99,52.99,52.90,52.90,50.44,53.08,53.08,52.99,52.99,52.99,52.90,52.90,52.99,52.90,52.99,52.99,52.90,52.90,52.72,47.28,6.56,23.03,0.00,16.60,17.85,21.37,18.85,10.39,15.15,24.34,24.34,24.34,24.34,24.34,24.19,23.41,23.71,24.50,24.50,24.50,24.50,24.50,24.50,24.50,25.07,28.31,25.15,25.24,29.62,25.17,25.17,11.16,11.16,10.93,14.80,19.84,16.84,16.84,17.04,17.64,11.27
CAJZCY01_EVE041,11.86,12.00,12.00,8.47,30.19,30.19,72.38,72.38,73.33,73.33,0.00,78.10,92.38,,92.38,91.43,91.43,88.57,88.57,88.57,88.57,88.57,88.57,88.57,88.57,88.57,87.62,88.57,88.57,88.57,88.57,0.00,80.00,80.95,80.95,0.00,80.00,66.67,0.00,0.00,0.00,0.00,0.00,0.00,0.00,75.24,70.75,0.00,74.36,64.55,64.55,64.55,64.55,64.55,64.55,64.55,64.55,64.55,64.55,64.55,64.55,64.55,0.00,64.55,64.55,64.55,64.55,64.55,64.55,64.55,64.55,64.55,63.64,63.64,64.55,64.55,64.55,64.55,11.76,18.54,0.00,27.59,27.59,24.55,26.05,15.09,34.17,29.91,29.91,29.91,29.91,29.91,29.91,29.91,29.91,20.00,20.00,20.00,20.00,20.00,20.00,20.00,33.64,33.64,26.72,26.72,27.59,27.59,27.59,3.81,3.81,3.81,15.09,28.21,33.94,33.94,34.86,29.27,25.20
CAJZCY01_EVE050,9.09,11.91,12.02,13.09,24.55,24.47,68.06,68.15,68.15,67.99,68.25,68.62,92.42,92.38,,83.29,83.29,73.91,73.82,73.91,73.91,73.91,73.91,73.91,73.91,73.91,73.82,73.63,73.54,73.72,73.54,51.23,71.49,71.68,71.68,77.78,65.88,83.23,0.00,0.00,0.00,0.00,0.00,0.00,0.00,66.15,59.09,0.00,63.64,52.45,52.45,52.36,52.36,52.45,52.54,52.45,52.36,52.26,56.16,56.16,56.07,56.07,54.65,56.25,56.25,56.16,56.16,56.16,56.07,56.07,56.16,56.07,56.16,56.16,56.07,56.07,55.89,50.63,6.56,24.40,0.00,15.83,16.93,23.16,17.88,10.19,14.32,25.60,25.60,25.60,25.60,25.60,25.52,25.74,22.86,23.90,23.90,23.90,23.90,23.90,23.90,23.90,26.63,27.65,26.60,26.68,29.37,26.63,26.63,10.68,10.68,10.47,13.47,20.25,16.60,16.60,16.80,16.23,10.37
CAJZCY01_EVE063,8.58,12.93,13.03,13.28,26.52,26.52,72.04,72.13,72.22,71.87,73.16,74.50,78.83,91.43,83.29,,100.00,79.96,79.87,79.96,79.96,79.96,79.87,79.87,79.96,79.96,79.87,79.60,79.60,79.60,79.69,74.07,77.87,78.23,78.23,88.89,74.40,87.00,0.00,0.00,0.00,0.00,0.00,0.00,0.00,70.83,63.11,0.00,68.18,55.71,55.71,55.63,55.63,56.10,56.18,56.10,55.71,55.63,60.16,60.16,60.07,60.07,58.91,60.25,60.25,60.16,60.16,60.16,60.07,60.07,60.16,60.07,60.16,60.16,60.07,60.07,59.89,53.89,6.56,25.71,0.00,16.71,17.80,23.48,18.89,11.45,16.57,27.79,27.79,27.71,27.71,27.71,27.64,27.55,26.12,27.24,27.24,27.24,27.24,27.24,27.24,27.24,27.57,29.34,27.53,27.61,32.43,27.64,27.64,10.95,10.95,10.84,14.75,22.65,16.93,16.93,17.13,18.03,11.55
CAJZCY01_EVE064,8.58,12.93,13.03,13.28,26.52,26.52,72.04,72.13,72.22,71.87,73.16,74.50,78.83,91.43,83.29,100.00,,79.96,79.87,79.96,79.96,79.96,79.87,79.87,79.96,79.96,79.87,79.60,79.60,79.60,79.69,74.07,77.87,78.23,78.23,88.89,74.40,87.00,0.00,0.00,0.00,0.00,0.00,0.00,0.00,70.83,63.11,0.00,68.18,55.71,55.71,55.63,55.63,56.10,56.18,56.10,55.71,55.63,60.16,60.16,60.07,60.07,58.91,60.25,60.25,60.16,60.16,60.16,60.07,60.07,60.16,60.07,60.16,60.16,60.07,60.07,59.89,53.89,6.56,25.71,0.00,16.71,17.80,23.48,18.89,11.45,16.57,27.79,27.79,27.71,27.71,27.71,27.64,27.55,26.12,27.24,27.24,27.24,27.24,27.24,27.24,27.24,27.57,29.34,27.53,27.61,32.43,27.64,27.64,10.95,10.95,10.84,14.75,22.65,16.93,16.93,17.13,18.03,11.55
CALTRM01_EVE018,8.97,14.61,14.51,15.18,26.06,25.90,72.27,72.35,72.18,72.19,66.67,73.21,70.29,88.57,73.91,79.96,79.96,,99.91,99.65,99.65,99.65,99.65,99.65,99.74,99.74,99.56,99.48,99.48,99.48,99.48,87.65,94.42,94.24,94.24,100.00,85.91,78.47,0.00,0.00,0.00,0.00,0.00,0.00,0.00,71.88,63.11,0.00,65.15,57.41,57.41,57.32,57.32,58.07,58.16,58.07,57.32,57.14,61.83,61.83,61.74,61.74,61.48,62.00,62.00,61.91,61.91,61.91,62.00,62.00,61.91,61.83,61.74,61.74,61.53,61.53,61.83,55.85,6.56,26.52,0.00,17.20,17.98,23.61,20.10,11.64,16.65,26.06,26.06,25.84,25.84,25.84,25.69,25.49,25.56,27.24,27.24,27.24,27.24,27.24,27.24,27.24,27.57,30.49,27.94,28.03,32.18,27.81,27.81,11.58,11.58,11.58,16.13,21.57,17.13,17.13,17.32,19.17,11.09
CAJZCY01_EVE083,8.97,14.61,14.51,15.18,26.14,25.98,72.18,72.27,72.09,72.10,66.41,73.12,70.19,88.57,73.82,79.87,79.87,99.91,,99.56,99.56,99.56,99.56,99.56,99.65,99.65,99.48,99.39,99.39,99.39,99.39,87.65,94.33,94.15,94.15,100.00,85.91,78.37,0.00,0.00,0.00,0.00,0.00,0.00,0.00,71.88,63.11,0.00,65.15,57.32,57.32,57.23,57.23,57.98,58.07,57.98,57.23,57.05,61.74,61.74,61.66,61.66,61.38,61.91,61.91,61.83,61.83,61.83,61.91,61.91,61.83,61.74,61.66,61.66,61.44,61.44,61.74,55.76,6.56,26.45,0.00,17.20,17.98,23.61,20.10,11.64,16.65,26.06,26.06,25.84,25.84,25.84,25.69,25.49,25.56,27.24,27.24,27.24,27.24,27.24,27.24,27.24,27.57,30.49,28.03,28.11,32.18,27.89,27.89,11.58,11.58,11.58,16.13,21.57,17.13,17.13,17.32,19.17,11.09
CALTRM01_EVE021,9.16,14.61,14.51,15.37,26.06,25.90,72.18,72.27,72.27,72.10,66.67,73.12,70.29,88.57,73.91,79.96,79.96,99.65,99.56,,100.00,100.00,99.65,99.65,99.56,99.56,99.39,99.30,99.30,99.30,99.30,88.27,94.42,94.07,94.07,100.00,85.71,78.37,0.00,0.00,0.00,0.00,0.00,0.00,0.00,71.88,62.79,0.00,65.15,57.41,57.41,57.32,57.32,58.07,58.16,58.07,57.32,57.14,61.91,61.91,61.83,61.83,61.59,62.08,62.08,62.00,62.00,62.00,62.08,62.08,62.00,61.91,61.83,61.83,61.53,61.53,61.91,55.85,6.56,26.52,0.00,17.29,18.08,23.56,20.10,11.82,16.57,26.06,26.06,25.84,25.84,25.84,25.69,25.49,25.84,27.44,27.44,27.44,27.44,27.44,27.44,27.44,27.48,30.16,28.03,28.11,32.43,27.89,27.89,11.68,11.68,11.68,16.00,21.76,17.32,17.32,17.52,19.04,11.20
CALTRM01_EVE022,9.16,14.61,14.51,15.37,26.06,25.90,72.18,72.27,72.27,72.10,66.67,73.12,70.29,88.57,73.91,79.96,79.96,99.65,99.56,100.00,,100.00,99.65,99.65,99.56,99.56,99.39,99.30,99.30,99.30,99.30,88.27,94.42,94.07,94.07,100.00,85.71,78.37,0.00,0.00,0.00,0.00,0.00,0.00,0.00,71.88,62.79,0.00,65.15,57.41,57.41,57.32,57.32,58.07,58.16,58.07,57.32,57.14,61.91,61.91,61.83,61.83,61.59,62.08,62.08,62.00,62.00,62.00,62.08,62.08,62.00,61.91,61.83,61.83,61.53,61.53,61.91,55.85,6.56,26.52,0.00,17.29,18.08,23.56,20.10,11.82,16.57,26.06,26.06,25.84,25.84,25.84,25.69,25.49,25.84,27.44,27.44,27.44,27.44,27.44,27.44,27.44,27.48,30.16,28.03,28.11,32.43,27.89,27.89,11.68,11.68,11.68,16.00,21.76,17.32,17.32,17.52,19.04,11.20
CAJZCY01_EVE079,9.16,14.61,14.51,15.37,26.06,25.90,72.18,72.27,72.27,72.10,66.67,73.12,70.29,88.57,73.91,79.96,79.96,99.65,99.56,100.00,100.00,,99.65,99.65,99.56,99.56,99.39,99.30,99.30,99.30,99.30,88.27,94.42,94.07,94.07,100.00,85.71,78.37,0.00,0.00,0.00,0.00,0.00,0.00,0.00,71.88,62.79,0.00,65.15,57.41,57.41,57.32,57.32,58.07,58.16,58.07,57.32,57.14,61.91,61.91,61.83,61.83,61.59,62.08,62.08,62.00,62.00,62.00,62.08,62.08,62.00,61.91,61.83,61.83,61.53,61.53,61.91,55.85,6.56,26.52,0.00,17.29,18.08,23.56,20.10,11.82,16.57,26.06,26.06,25.84,25.84,25.84,25.69,25.49,25.84,27.44,27.44,27.44,27.44,27.44,27.44,27.44,27.48,30.16,28.03,28.11,32.43,27.89,27.89,11.68,11.68,11.68,16.00,21.76,17.32,17.32,17.52,19.04,11.20
CALTRM01_EVE019,8.97,14.51,14.41,15.18,26.14,25.98,72.35,72.44,72.44,72.28,66.67,73.04,70.29,88.57,73.91,79.87,79.87,99.65,99.56,99.65,99.65,99.65,,100.00,99.56,99.56,99.39,99.30,99.30,99.30,99.30,87.65,94.33,94.15,94.15,100.00,85.91,78.37,0.00,0.00,0.00,0.00,0.00,0.00,0.00,72.01,62.90,0.00,65.15,57.32,57.32,57.23,57.23,57.98,58.07,57.98,57.23,57.05,61.83,61.83,61.74,61.74,61.48,62.00,62.00,61.91,61.91,61.91,62.00,62.00,61.91,61.83,61.74,61.74,61.53,61.53,61.83,55.76,6.56,26.52,0.00,17.20,17.98,23.67,20.22,11.82,16.65,25.91,25.91,25.69,25.69,25.69,25.55,25.27,25.56,27.24,27.24,27.24,27.24,27.24,27.24,27.24,27.48,30.16,27.86,27.94,32.18,27.73,27.73,11.58,11.58,11.58,16.25,21.57,17.13,17.13,17.32,19.29,11.09
CAJZCY01_EVE084,8.97,14.51,14.41,15.18,26.14,25.98,72.35,72.44,72.44,72.28,66.67,73.04,70.29,88.57,73.91,79.87,79.87,99.65,99.56,99.65,99.65,99.65,100.00,,99.56,99.56,99.39,99.30,99.30,99.30,99.30,87.65,94.33,94.15,94.15,100.00,85.91,78.37,0.00,0.00,0.00,0.00,0.00,0.00,0.00,72.01,62.90,0.00,65.15,57.32,57.32,57.23,57.23,57.98,58.07,57.98,57.23,57.05,61.83,61.83,61.74,61.74,61.48,62.00,62.00,61.91,61.91,61.91,62.00,62.00,61.91,61.83,61.74,61.74,61.53,61.53,61.83,55.76,6.56,26.52,0.00,17.20,17.98,23.67,20.22,11.82,16.65,25.91,25.91,25.69,25.69,25.69,25.55,25.27,25.56,27.24,27.24,27.24,27.24,27.24,27.24,27.24,27.48,30.16,27.86,27.94,32.18,27.73,27.73,11.58,11.58,11.58,16.25,21.57,17.13,17.13,17.32,19.29,11.09
CALTRM01_EVE020,8.97,14.61,14.51,15.18,26.06,25.90,72.18,72.27,72.09,72.10,66.92,73.12,70.29,88.57,73.91,79.96,79.96,99.74,99.65,99.56,99.56,99.56,99.56,99.56,,100.00,99.83,99.39,99.39,99.39,99.39,87.65,94.33,94.15,94.15,100.00,85.91,78.47,0.00,0.00,0.00,0.00,0.00,0.00,0.00,71.88,62.90,0.00,65.15,57.41,57.41,57.32,57.32,57.98,58.07,57.98,57.32,57.14,61.74,61.74,61.66,61.66,61.38,61.91,61.91,61.83,61.83,61.83,61.91,61.91,61.83,61.74,61.66,61.66,61.44,61.44,61.74,55.76,6.56,26.52,0.00,17.20,17.98,23.56,20.10,11.64,16.65,26.06,26.06,25.84,25.84,25.84,25.69,25.49,25.56,27.24,27.24,27.24,27.24,27.24,27.24,27.24,27.66,30.49,27.94,28.03,32.18,27.81,27.81,11.58,11.58,11.58,16.13,21.67,17.13,17.13,17.32,19.17,11.09
CALTRM01_EVE023,8.97,14.61,14.51,15.18,26.06,25.90,72.18,72.27,72.09,72.10,66.92,73.12,70.29,88.57,73.91,79.96,79.96,99.74,99.65,99.56,99.56,99.56,99.56,99.56,100.00,,99.83,99.39,99.39,99.39,99.39,87.65,94.33,94.15,94.15,100.00,85.91,78.47,0.00,0.00,0.00,0.00,0.00,0.00,0.00,71.88,62.90,0.00,65.15,57.41,57.41,57.32,57.32,57.98,58.07,57.98,57.32,57.14,61.74,61.74,61.66,61.66,61.38,61.91,61.91,61.83,61.83,61.83,61.91,61.91,61.83,61.74,61.66,61.66,61.44,61.44,61.74,55.76,6.56,26.52,0.00,17.20,17.98,23.56,20.10,11.64,16.65,26.06,26.06,25.84,25.84,25.84,25.69,25.49,25.56,27.24,27.24,27.24,27.24,27.24,27.24,27.24,27.66,30.49,27.94,28.03,32.18,27.81,27.81,11.58,11.58,11.58,16.13,21.67,17.13,17.13,17.32,19.17,11.09
CAJZCY01_EVE078,8.97,14.61,14.51,15.18,26.14,25.98,72.00,72.09,71.92,71.93,66.92,73.04,70.19,87.62,73.82,79.87,79.87,99.56,99.48,99.39,99.39,99.39,99.39,99.39,99.83,99.83,,99.21,99.21,99.21,99.21,87.65,94.15,93.98,93.98,100.00,85.71,78.47,0.00,0.00,0.00,0.00,0.00,0.00,0.00,71.61,62.90,0.00,63.64,57.59,57.59,57.50,57.50,58.16,58.24,58.16,57.50,57.32,61.91,61.91,61.83,61.83,61.48,62.08,62.08,62.00,62.00,62.00,62.08,62.08,62.00,61.91,61.83,61.83,61.61,61.61,61.91,55.94,6.56,26.58,0.00,17.20,17.98,23.56,20.10,11.64,16.74,26.06,26.06,25.84,25.84,25.84,25.69,25.49,25.56,27.24,27.24,27.24,27.24,27.24,27.24,27.24,27.75,30.66,27.86,27.94,31.93,27.73,27.73,11.58,11.58,11.58,16.13,21.67,17.13,17.13,17.32,19.04,11.09
CALTRM01_EVE031,8.97,14.62,14.53,15.18,26.06,25.90,72.00,72.09,71.92,71.93,66.15,73.04,70.01,88.57,73.63,79.60,79.60,99.48,99.39,99.30,99.30,99.30,99.30,99.30,99.39,99.39,99.21,,99.83,99.83,99.83,87.65,94.07,93.89,93.89,100.00,85.32,78.17,0.00,0.00,0.00,0.00,0.00,0.00,0.00,71.74,62.79,0.00,65.15,57.14,57.14,57.05,57.05,57.81,57.90,57.81,57.05,56.88,61.57,61.57,61.49,61.49,61.28,61.74,61.74,61.66,61.66,61.66,61.74,61.74,61.66,61.57,61.49,61.49,61.27,61.27,61.57,55.59,6.56,26.58,0.00,17.31,18.10,23.67,20.10,11.64,16.65,25.91,25.91,25.69,25.69,25.69,25.55,25.27,25.56,27.24,27.24,27.24,27.24,27.24,27.24,27.24,27.39,30.16,27.94,28.03,32.18,27.81,27.81,11.47,11.47,11.47,16.00,21.57,17.13,17.13,17.32,19.29,11.09
CALTRM01_EVE032,8.97,14.62,14.53,15.18,25.98,25.82,71.92,72.00,71.83,71.84,65.90,72.86,69.92,88.57,73.54,79.60,79.60,99.48,99.39,99.30,99.30,99.30,99.30,99.30,99.39,99.39,99.21,99.83,,99.83,99.83,87.65,94.07,93.89,93.89,100.00,85.52,78.07,0.00,0.00,0.00,0.00,0.00,0.00,0.00,71.74,62.69,0.00,65.15,57.05,57.05,56.96,56.96,57.73,57.81,57.73,56.96,56.79,61.49,61.49,61.40,61.40,61.17,61.66,61.66,61.57,61.57,61.57,61.66,61.66,61.57,61.49,61.40,61.40,61.19,61.19,61.49,55.51,6.56,26.52,0.00,17.21,18.00,23.67,20.10,11.64,16.82,25.91,25.91,25.69,25.69,25.69,25.55,25.38,25.56,27.04,27.04,27.04,27.04,27.04,27.04,27.04,27.39,30.33,27.94,28.03,32.18,27.81,27.81,11.58,11.58,11.58,16.00,21.47,17.13,17.13,17.32,19.29,11.09
CAJZCY01_EVE068,8.97,14.53,14.43,15.18,25.90,25.74,71.92,72.00,71.83,71.84,66.15,72.86,70.10,88.57,73.72,79.60,79.60,99.48,99.39,99.30,99.30,99.30,99.30,99.30,99.39,99.39,99.21,99.83,99.83,,99.83,87.65,94.07,93.89,93.89,100.00,85.52,78.07,0.00,0.00,0.00,0.00,0.00,0.00,0.00,71.61,62.69,0.00,65.15,57.14,57.14,57.05,57.05,57.81,57.90,57.81,57.05,56.88,61.57,61.57,61.49,61.49,61.28,61.74,61.74,61.66,61.66,61.66,61.74,61.74,61.66,61.57,61.49,61.49,61.27,61.27,61.57,55.59,6.56,26.58,0.00,17.21,18.00,23.72,20.10,11.64,16.74,26.06,26.06,25.84,25.84,25.84,25.69,25.49,25.56,27.04,27.04,27.04,27.04,27.04,27.04,27.04,27.57,30.49,27.86,27.94,32.18,27.73,27.73,11.58,11.58,11.58,16.00,21.57,17.13,17.13,17.32,19.29,11.09
CAJZCY01_EVE077,8.97,14.62,14.53,15.18,25.98,25.82,72.00,72.09,71.92,71.93,66.15,72.95,69.92,88.57,73.54,79.69,79.69,99.48,99.39,99.30,99.30,99.30,99.30,99.30,99.39,99.39,99.21,99.83,99.83,99.83,,87.65,94.07,93.89,93.89,100.00,85.52,78.17,0.00,0.00,0.00,0.00,0.00,0.00,0.00,71.74,62.69,0.00,65.15,57.14,57.14,57.05,57.05,57.81,57.90,57.81,57.05,56.88,61.49,61.49,61.40,61.40,61.17,61.66,61.66,61.57,61.57,61.57,61.66,61.66,61.57,61.49,61.40,61.40,61.19,61.19,61.49,55.59,6.56,26.65,0.00,17.21,18.00,23.72,20.10,11.64,16.74,25.91,25.91,25.69,25.69,25.69,25.55,25.27,25.56,27.04,27.04,27.04,27.04,27.04,27.04,27.04,27.39,30.33,27.94,28.03,32.18,27.81,27.81,11.58,11.58,11.58,16.00,21.57,17.13,17.13,17.32,19.29,11.09
CAJZCY01_EVE048,10.53,19.10,19.10,19.10,28.19,28.19,69.75,69.75,69.75,67.90,0.00,68.52,51.85,0.00,51.23,74.07,74.07,87.65,87.65,88.27,88.27,88.27,87.65,87.65,87.65,87.65,87.65,87.65,87.65,87.65,87.65,,96.91,96.91,96.91,0.00,93.21,70.99,0.00,0.00,0.00,0.00,0.00,0.00,0.00,69.75,64.81,0.00,0.00,46.41,46.41,45.86,45.86,45.86,45.86,45.30,45.30,45.86,45.86,45.86,45.86,45.86,45.86,45.86,45.86,45.86,45.86,45.86,45.86,45.86,45.86,45.86,45.86,45.86,45.86,45.86,45.86,41.44,0.00,18.66,0.00,15.64,16.76,21.83,26.88,17.92,21.32,28.65,28.65,28.65,28.65,28.65,28.11,28.65,24.39,25.95,25.95,25.95,25.95,25.95,25.95,25.95,24.86,24.86,33.14,33.14,32.74,33.14,33.14,17.06,17.06,17.06,22.95,24.31,16.57,16.57,16.57,20.65,14.63
CAJZCY01_EVE080,9.16,14.22,14.12,14.42,24.94,24.86,71.74,71.83,71.74,71.67,66.67,73.04,67.78,80.00,71.49,77.87,77.87,94.42,94.33,94.42,94.42,94.42,94.33,94.33,94.33,94.33,94.15,94.07,94.07,94.07,94.07,96.91,,98.34,98.34,100.00,94.64,76.99,0.00,0.00,0.00,0.00,0.00,0.00,0.00,71.09,62.26,0.00,65.15,57.50,57.50,57.41,57.41,58.16,58.24,58.16,57.41,57.23,61.91,61.91,61.83,61.83,61.48,62.08,62.08,62.00,62.00,62.00,62.08,62.08,62.00,61.91,61.83,61.83,61.61,61.61,61.91,55.85,8.20,26.72,0.00,16.71,17.51,23.78,19.61,11.45,16.82,26.20,26.20,25.98,25.98,25.98,25.91,25.92,26.69,27.44,27.44,27.44,27.44,27.44,27.44,27.44,26.85,29.02,27.20,27.28,31.19,27.06,27.06,11.58,11.58,11.47,15.63,21.96,17.32,17.32,17.52,17.65,11.44
CAJZCY01_EVE085,8.97,13.92,13.82,14.04,25.18,25.10,71.65,71.74,71.65,71.58,66.67,73.12,68.25,80.95,71.68,78.23,78.23,94.24,94.15,94.07,94.07,94.07,94.15,94.15,94.15,94.15,93.98,93.89,93.89,93.89,93.89,96.91,98.34,,100.00,100.00,95.63,76.99,0.00,0.00,0.00,0.00,0.00,0.00,0.00,70.57,62.69,0.00,65.15,57.41,57.41,57.32,57.32,58.07,58.16,58.07,57.32,57.14,61.83,61.83,61.74,61.74,61.38,62.00,62.00,61.91,61.91,61.91,62.00,62.00,61.83,61.83,61.74,61.74,61.53,61.53,61.83,55.76,8.20,26.79,0.00,16.71,17.51,23.72,19.98,11.64,16.74,26.27,26.27,26.06,26.06,26.06,25.98,26.14,26.97,28.03,28.03,28.03,28.03,28.03,28.03,28.03,26.85,29.34,27.45,27.53,30.94,27.31,27.31,11.37,11.37,11.26,15.75,21.76,17.32,17.32,17.52,17.53,11.32
CAJZCY01_EVE086,8.97,13.92,13.82,14.04,25.18,25.10,71.65,71.74,71.65,71.58,66.67,73.12,68.25,80.95,71.68,78.23,78.23,94.24,94.15,94.07,94.07,94.07,94.15,94.15,94.15,94.15,93.98,93.89,93.89,93.89,93.89,96.91,98.34,100.00,,100.00,95.63,76.99,0.00,0.00,0.00,0.00,0.00,0.00,0.00,70.57,62.69,0.00,65.15,57.41,57.41,57.32,57.32,58.07,58.16,58.07,57.32,57.14,61.83,61.83,61.74,61.74,61.38,62.00,62.00,61.91,61.91,61.91,62.00,62.00,61.83,61.83,61.74,61.74,61.53,61.53,61.83,55.76,8.20,26.79,0.00,16.71,17.51,23.72,19.98,11.64,16.74,26.27,26.27,26.06,26.06,26.06,25.98,26.14,26.97,28.03,28.03,28.03,28.03,28.03,28.03,28.03,26.85,29.34,27.45,27.53,30.94,27.31,27.31,11.37,11.37,11.26,15.75,21.76,17.32,17.32,17.52,17.53,11.32
CAJZCY01_EVE047,0.82,0.00,0.00,3.28,9.41,9.41,66.67,66.67,66.67,66.67,0.00,74.07,81.48,0.00,77.78,88.89,88.89,100.00,100.00,100.00,100.00,100.00,100.00,100.00,100.00,100.00,100.00,100.00,100.00,100.00,100.00,0.00,100.00,100.00,100.00,,96.33,0.00,98.57,70.37,5.56,39.17,14.29,70.30,66.27,69.94,73.42,0.00,54.30,57.14,57.14,57.14,57.14,57.14,57.14,57.14,57.14,57.14,57.14,57.14,57.14,57.14,0.00,57.14,57.14,57.14,57.14,57.14,57.14,57.14,57.14,57.14,57.14,57.14,57.14,57.14,52.38,57.14,41.36,23.83,25.29,6.85,16.43,25.44,7.31,0.00,11.32,14.25,14.25,14.25,14.25,14.25,14.25,14.25,14.25,0.00,0.00,0.00,0.00,0.00,0.00,0.00,14.55,14.55,9.25,9.03,9.25,9.25,9.03,2.19,2.19,2.19,7.75,11.97,0.82,0.82,0.82,6.91,1.81
CAJZCY01_EVE049,5.65,16.46,16.46,9.97,18.38,18.38,69.25,69.25,68.85,68.85,0.00,70.24,66.86,80.00,65.88,74.40,74.40,85.91,85.91,85.71,85.71,85.71,85.91,85.91,85.91,85.91,85.71,85.32,85.52,85.52,85.52,93.21,94.64,95.63,95.63,96.33,,71.20,95.25,69.32,44.55,58.52,6.94,67.00,65.34,67.61,68.31,9.87,55.17,51.63,51.63,51.43,51.43,51.43,51.43,51.24,51.24,51.24,52.20,52.20,52.01,52.01,45.51,52.20,52.20,52.01,52.01,52.01,52.20,52.20,51.82,52.01,51.82,51.82,52.20,52.20,52.01,46.65,39.23,22.81,24.71,16.62,19.36,26.33,18.51,5.47,18.01,22.76,22.76,22.76,22.76,22.76,22.65,22.76,20.34,27.90,27.90,27.90,27.90,27.90,27.90,27.90,22.28,22.84,20.74,20.74,19.12,20.54,20.43,9.73,9.73,9.61,15.18,19.37,11.05,11.05,11.16,15.41,11.04
CAJZCY01_EVE061,9.16,13.72,13.82,17.14,26.32,26.23,71.20,71.30,71.30,70.92,66.92,72.37,77.95,66.67,83.23,87.00,87.00,78.47,78.37,78.37,78.37,78.37,78.37,78.37,78.47,78.47,78.47,78.17,78.07,78.07,78.17,70.99,76.99,76.99,76.99,0.00,71.20,,0.00,0.00,0.00,0.00,0.00,0.00,0.00,69.95,62.62,0.00,0.00,56.45,56.45,56.25,56.25,57.24,57.33,57.24,56.35,56.25,61.27,61.27,61.17,61.17,60.35,61.46,61.46,61.36,61.36,61.36,61.27,61.27,61.36,61.27,61.27,61.27,60.93,60.93,61.17,54.65,0.00,26.01,0.00,15.87,16.81,23.81,19.77,12.14,14.30,27.11,27.11,26.95,26.95,26.95,26.87,26.93,24.00,28.25,28.25,28.25,28.25,28.25,28.25,28.25,27.68,29.65,27.86,27.95,31.82,27.80,27.80,12.30,12.30,12.18,17.16,21.05,13.87,13.87,13.87,15.94,9.44
CAJZCY01_EVE037,3.41,0.00,0.00,2.30,13.01,12.33,0.00,0.00,0.00,0.00,0.00,0.00,0.00,0.00,0.00,0.00,0.00,0.00,0.00,0.00,0.00,0.00,0.00,0.00,0.00,0.00,0.00,0.00,0.00,0.00,0.00,0.00,0.00,0.00,0.00,98.57,95.25,0.00,,67.18,46.33,57.96,34.97,54.55,53.38,56.37,57.07,29.06,52.30,0.00,0.00,0.00,0.00,0.00,0.00,0.00,0.00,0.00,0.00,0.00,0.00,0.00,0.00,0.00,0.00,0.00,0.00,0.00,0.00,0.00,0.00,0.00,0.00,0.00,0.00,0.00,0.00,0.00,54.55,33.09,30.58,0.00,26.72,24.41,11.54,0.00,18.13,22.00,22.00,22.00,22.00,22.00,22.00,22.00,22.00,0.00,0.00,0.00,0.00,0.00,0.00,0.00,20.75,20.75,12.90,12.90,13.44,13.44,12.90,1.15,1.15,1.15,23.15,18.18,3.53,3.53,3.53,9.52,0.00
CAJZCY01_EVE042,0.00,0.00,0.00,0.00,20.93,20.93,0.00,0.00,0.00,0.00,0.00,0.00,0.00,0.00,0.00,0.00,0.00,0.00,0.00,0.00,0.00,0.00,0.00,0.00,0.00,0.00,0.00,0.00,0.00,0.00,0.00,0.00,0.00,0.00,0.00,70.37,69.32,0.00,67.18,,68.08,88.49,98.77,64.36,64.36,63.59,64.10,45.38,73.61,0.00,0.00,0.00,0.00,0.00,0.00,0.00,0.00,0.00,0.00,0.00,0.00,0.00,0.00,0.00,0.00,0.00,0.00,0.00,0.00,0.00,0.00,0.00,0.00,0.00,0.00,0.00,0.00,0.00,47.62,12.50,30.77,0.00,8.33,29.64,0.00,0.00,9.64,0.00,0.00,0.00,0.00,0.00,0.00,0.00,0.00,0.00,0.00,0.00,0.00,0.00,0.00,0.00,0.00,0.00,12.05,12.05,13.25,13.25,12.05,0.00,0.00,0.00,0.00,25.00,0.00,0.00,0.00,13.04,0.00
CAJZCY01_EVE046,0.00,0.00,0.00,0.00,0.00,0.00,0.00,0.00,0.00,0.00,0.00,0.00,0.00,0.00,0.00,0.00,0.00,0.00,0.00,0.00,0.00,0.00,0.00,0.00,0.00,0.00,0.00,0.00,0.00,0.00,0.00,0.00,0.00,0.00,0.00,5.56,44.55,0.00,46.33,68.08,,68.09,11.11,42.94,42.94,42.37,43.50,69.88,13.89,0.00,0.00,0.00,0.00,0.00,0.00,0.00,0.00,0.00,0.00,0.00,0.00,0.00,0.00,0.00,0.00,0.00,0.00,0.00,0.00,0.00,0.00,0.00,0.00,0.00,0.00,0.00,0.00,0.00,14.29,0.00,0.00,0.00,0.00,24.03,0.00,0.00,0.00,0.00,0.00,0.00,0.00,0.00,0.00,0.00,0.00,0.00,0.00,0.00,0.00,0.00,0.00,0.00,0.00,0.00,0.00,0.00,0.00,0.00,0.00,0.00,0.00,0.00,0.00,0.00,0.00,0.00,0.00,0.00,0.00
CAJZCY01_EVE045,0.00,0.00,0.00,0.00,19.64,19.64,0.00,0.00,0.00,0.00,0.00,0.00,0.00,0.00,0.00,0.00,0.00,0.00,0.00,0.00,0.00,0.00,0.00,0.00,0.00,0.00,0.00,0.00,0.00,0.00,0.00,0.00,0.00,0.00,0.00,39.17,58.52,0.00,57.96,88.49,68.09,,41.94,55.22,55.22,54.98,56.72,44.36,30.95,0.00,0.00,0.00,0.00,0.00,0.00,0.00,0.00,0.00,0.00,0.00,0.00,0.00,0.00,0.00,0.00,0.00,0.00,0.00,0.00,0.00,0.00,0.00,0.00,0.00,0.00,0.00,0.00,0.00,22.67,13.89,12.00,0.00,16.67,28.96,12.50,0.00,12.63,0.00,0.00,0.00,0.00,0.00,0.00,0.00,0.00,0.00,0.00,0.00,0.00,0.00,0.00,0.00,12.50,12.50,9.47,9.47,9.47,9.47,9.47,0.00,0.00,0.00,20.00,12.50,0.00,0.00,0.00,25.71,0.00
CAJZCY01_EVE044,0.00,0.00,0.00,0.00,1.99,1.83,0.00,0.00,0.00,0.00,0.00,0.00,0.00,0.00,0.00,0.00,0.00,0.00,0.00,0.00,0.00,0.00,0.00,0.00,0.00,0.00,0.00,0.00,0.00,0.00,0.00,0.00,0.00,0.00,0.00,14.29,6.94,0.00,34.97,98.77,11.11,41.94,,47.10,45.77,6.92,5.78,0.00,15.10,0.00,0.00,0.00,0.00,0.00,0.00,0.00,0.00,0.00,0.00,0.00,0.00,0.00,0.00,0.00,0.00,0.00,0.00,0.00,0.00,0.00,0.00,0.00,0.00,0.00,0.00,0.00,0.00,0.00,10.49,0.77,5.19,0.00,0.82,2.17,0.41,0.00,2.10,0.14,0.14,0.14,0.14,0.14,0.14,0.14,0.00,0.00,0.00,0.00,0.00,0.00,0.00,0.00,0.00,0.00,1.98,1.98,2.81,2.18,2.02,0.00,0.00,0.00,1.16,1.41,0.00,0.00,0.00,1.12,0.00
CALTRM01_EVE012,6.98,0.00,0.00,4.76,22.77,21.78,0.00,0.00,0.00,0.00,0.00,0.00,0.00,0.00,0.00,0.00,0.00,0.00,0.00,0.00,0.00,0.00,0.00,0.00,0.00,0.00,0.00,0.00,0.00,0.00,0.00,0.00,0.00,0.00,0.00,70.30,67.00,0.00,54.55,64.36,42.94,55.22,47.10,,98.24,96.25,60.07,29.04,59.69,0.00,0.00,0.00,0.00,0.00,0.00,0.00,0.00,0.00,0.00,0.00,0.00,0.00,0.00,0.00,0.00,0.00,0.00,0.00,0.00,0.00,0.00,0.00,0.00,0.00,0.00,0.00,0.00,0.00,57.50,32.93,25.35,0.00,29.87,25.11,22.22,0.00,21.28,29.17,29.17,29.17,29.17,29.17,29.17,29.17,29.17,0.00,0.00,0.00,0.00,0.00,0.00,0.00,24.07,24.07,15.60,15.60,16.31,16.31,15.60,4.76,4.76,4.76,25.00,30.00,5.00,5.00,5.00,13.58,0.00
CAJZCY01_EVE043,4.65,0.00,0.00,4.76,20.95,20.00,0.00,0.00,0.00,0.00,0.00,0.00,0.00,0.00,0.00,0.00,0.00,0.00,0.00,0.00,0.00,0.00,0.00,0.00,0.00,0.00,0.00,0.00,0.00,0.00,0.00,0.00,0.00,0.00,0.00,66.27,65.34,0.00,53.38,64.36,42.94,55.22,45.77,98.24,,94.91,59.09,29.01,55.64,0.00,0.00,0.00,0.00,0.00,0.00,0.00,0.00,0.00,0.00,0.00,0.00,0.00,0.00,0.00,0.00,0.00,0.00,0.00,0.00,0.00,0.00,0.00,0.00,0.00,0.00,0.00,0.00,0.00,53.23,29.07,24.00,0.00,27.16,24.96,20.69,0.00,20.00,23.08,23.08,23.08,23.08,23.08,23.08,23.08,23.08,0.00,0.00,0.00,0.00,0.00,0.00,0.00,20.69,20.69,14.48,14.48,15.17,15.17,14.48,4.76,4.76,4.76,21.67,25.68,5.00,5.00,5.00,12.94,0.00
CAJZCY01_EVE039,5.70,16.99,16.84,10.63,23.55,23.64,94.40,94.66,94.92,94.92,44.44,78.13,59.79,75.24,66.15,70.83,70.83,71.88,71.88,71.88,71.88,71.88,72.01,72.01,71.88,71.88,71.61,71.74,71.74,71.61,71.74,69.75,71.09,70.57,70.57,69.94,67.61,69.95,56.37,63.59,42.37,54.98,6.92,96.25,94.91,,64.95,9.23,49.19,49.50,49.50,49.38,49.38,49.50,49.63,49.50,49.38,49.38,53.37,53.37,53.24,53.24,51.83,53.49,53.49,53.62,53.62,53.62,53.74,53.74,53.62,53.49,53.37,53.37,53.49,53.49,53.62,46.51,37.07,24.01,25.29,15.16,17.61,24.38,16.55,5.51,14.93,22.64,22.64,22.48,22.48,22.48,22.40,22.51,18.76,25.35,25.35,25.35,25.35,25.35,25.35,25.35,23.82,23.24,23.54,23.54,20.19,23.95,23.87,8.52,8.52,8.43,13.97,21.20,11.76,11.76,11.76,14.36,9.62
CAJZCY01_EVE038,5.85,16.04,16.16,10.15,22.41,22.41,63.22,63.33,63.33,63.27,43.26,64.93,54.62,70.75,59.09,63.11,63.11,63.11,63.11,62.79,62.79,62.79,62.90,62.90,62.90,62.90,62.90,62.79,62.69,62.69,62.69,64.81,62.26,62.69,62.69,73.42,68.31,62.62,57.07,64.10,43.50,56.72,5.78,60.07,59.09,64.95,,9.06,51.52,44.14,44.14,44.03,44.03,44.14,44.24,44.14,44.03,44.03,47.12,47.12,47.02,47.02,44.49,47.22,47.22,47.33,47.33,47.33,47.22,47.22,47.22,47.33,47.43,47.43,47.12,47.12,47.12,41.77,38.41,24.88,25.29,15.68,18.19,23.06,15.14,4.58,14.91,22.59,22.59,22.59,22.59,22.59,22.52,23.31,20.06,26.04,26.04,26.04,26.04,26.04,26.04,26.04,23.16,23.14,23.61,23.54,19.83,23.62,23.55,8.88,8.88,8.80,13.62,18.71,9.23,9.23,9.35,13.75,8.59
CAJZCY01_EVE040,0.00,0.00,0.00,0.00,0.00,0.00,0.00,0.00,0.00,0.00,0.00,0.00,0.00,0.00,0.00,0.00,0.00,0.00,0.00,0.00,0.00,0.00,0.00,0.00,0.00,0.00,0.00,0.00,0.00,0.00,0.00,0.00,0.00,0.00,0.00,0.00,9.87,0.00,29.06,45.38,69.88,44.36,0.00,29.04,29.01,9.23,9.06,,0.00,0.00,0.00,0.00,0.00,0.00,0.00,0.00,0.00,0.00,0.00,0.00,0.00,0.00,0.00,0.00,0.00,0.00,0.00,0.00,0.00,0.00,0.00,0.00,0.00,0.00,0.00,0.00,0.00,0.00,0.00,0.00,0.00,0.00,0.00,3.82,0.00,0.00,0.00,0.07,0.07,0.07,0.07,0.07,0.07,0.00,0.00,0.00,0.00,0.00,0.00,0.00,0.00,0.00,0.00,0.00,0.00,0.00,0.00,0.00,0.00,0.00,0.00,0.00,0.00,0.00,0.00,0.00,0.00,0.00,0.00
CAJZCY01_EVE052,1.26,0.00,0.00,4.10,13.16,13.16,63.64,63.64,63.64,63.64,0.00,68.18,65.15,74.36,63.64,68.18,68.18,65.15,65.15,65.15,65.15,65.15,65.15,65.15,65.15,65.15,63.64,65.15,65.15,65.15,65.15,0.00,65.15,65.15,65.15,54.30,55.17,0.00,52.30,73.61,13.89,30.95,15.10,59.69,55.64,49.19,51.52,0.00,,62.30,62.30,62.30,62.30,62.30,62.30,62.30,62.30,62.30,62.30,62.30,62.30,62.30,0.00,62.30,62.30,62.30,62.30,62.30,62.30,62.30,62.30,62.30,62.30,62.30,62.30,62.30,60.66,62.30,32.07,20.17,17.88,11.21,17.33,21.23,9.17,2.72,11.26,16.16,16.16,16.16,16.16,16.16,16.16,16.16,16.16,0.00,0.00,0.00,0.00,0.00,0.00,0.00,16.16,16.16,10.82,10.59,11.06,11.06,10.82,2.52,2.52,2.52,10.26,18.21,4.75,4.75,5.06,8.94,5.78
CALTRM01_EVE014,9.74,11.93,11.93,15.14,25.56,25.65,54.20,54.37,54.11,54.27,61.77,54.29,49.28,64.55,52.45,55.71,55.71,57.41,57.32,57.41,57.41,57.41,57.32,57.32,57.41,57.41,57.59,57.14,57.05,57.14,57.14,46.41,57.50,57.41,57.41,57.14,51.63,56.45,0.00,0.00,0.00,0.00,0.00,0.00,0.00,49.50,44.14,0.00,62.30,,100.00,99.80,99.80,99.80,99.70,99.60,99.70,99.70,94.01,94.01,93.91,93.91,92.51,94.01,94.01,94.10,94.01,94.01,94.01,94.01,94.01,94.01,94.01,94.01,94.01,94.01,93.82,95.84,7.14,25.75,0.00,15.85,17.19,22.82,19.58,14.20,16.35,24.54,24.54,24.39,24.39,24.39,24.31,24.06,28.45,23.97,23.97,23.97,23.97,23.97,23.97,23.97,26.16,26.52,23.17,23.26,26.57,23.36,23.36,11.86,11.86,11.74,16.16,20.71,16.63,16.63,16.63,17.00,10.61
CAJZCY01_EVE057,9.74,11.93,11.93,15.14,25.56,25.65,54.20,54.37,54.11,54.27,61.77,54.29,49.28,64.55,52.45,55.71,55.71,57.41,57.32,57.41,57.41,57.41,57.32,57.32,57.41,57.41,57.59,57.14,57.05,57.14,57.14,46.41,57.50,57.41,57.41,57.14,51.63,56.45,0.00,0.00,0.00,0.00,0.00,0.00,0.00,49.50,44.14,0.00,62.30,100.00,,99.80,99.80,99.80,99.70,99.60,99.70,99.70,94.01,94.01,93.91,93.91,92.51,94.01,94.01,94.10,94.01,94.01,94.01,94.01,94.01,94.01,94.01,94.01,94.01,94.01,93.82,95.84,7.14,25.75,0.00,15.85,17.19,22.82,19.58,14.20,16.35,24.54,24.54,24.39,24.39,24.39,24.31,24.06,28.45,23.97,23.97,23.97,23.97,23.97,23.97,23.97,26.16,26.52,23.17,23.26,26.57,23.36,23.36,11.86,11.86,11.74,16.16,20.71,16.63,16.63,16.63,17.00,10.61
CALTRM01_EVE015,9.74,11.93,11.93,15.14,25.56,25.65,54.11,54.29,54.02,54.18,61.77,54.29,49.18,64.55,52.36,55.63,55.63,57.32,57.23,57.32,57.32,57.32,57.23,57.23,57.32,57.32,57.50,57.05,56.96,57.05,57.05,45.86,57.41,57.32,57.32,57.14,51.43,56.25,0.00,0.00,0.00,0.00,0.00,0.00,0.00,49.38,44.03,0.00,62.30,99.80,99.80,,100.00,99.80,99.70,99.60,99.70,99.70,94.01,94.01,93.91,93.91,92.51,94.01,94.01,94.10,94.01,94.01,94.01,94.01,94.01,94.01,94.01,94.01,94.01,94.01,93.82,95.84,7.14,25.68,0.00,15.85,17.19,22.77,19.58,14.20,16.35,24.54,24.54,24.39,24.39,24.39,24.31,24.06,28.45,23.97,23.97,23.97,23.97,23.97,23.97,23.97,26.16,26.52,23.26,23.34,26.81,23.44,23.44,11.86,11.86,11.74,16.16,20.61,16.63,16.63,16.63,17.00,10.61
CAJZCY01_EVE056,9.74,11.93,11.93,15.14,25.56,25.65,54.11,54.29,54.02,54.18,61.77,54.29,49.18,64.55,52.36,55.63,55.63,57.32,57.23,57.32,57.32,57.32,57.23,57.23,57.32,57.32,57.50,57.05,56.96,57.05,57.05,45.86,57.41,57.32,57.32,57.14,51.43,56.25,0.00,0.00,0.00,0.00,0.00,0.00,0.00,49.38,44.03,0.00,62.30,99.80,99.80,100.00,,99.80,99.70,99.60,99.70,99.70,94.01,94.01,93.91,93.91,92.51,94.01,94.01,94.10,94.01,94.01,94.01,94.01,94.01,94.01,94.01,94.01,94.01,94.01,93.82,95.84,7.14,25.68,0.00,15.85,17.19,22.77,19.58,14.20,16.35,24.54,24.54,24.39,24.39,24.39,24.31,24.06,28.45,23.97,23.97,23.97,23.97,23.97,23.97,23.97,26.16,26.52,23.26,23.34,26.81,23.44,23.44,11.86,11.86,11.74,16.16,20.61,16.63,16.63,16.63,17.00,10.61
CALTRM01_EVE027,9.74,11.92,11.92,15.14,25.37,25.37,54.40,54.57,54.31,54.47,58.72,54.65,49.28,64.55,52.45,56.10,56.10,58.07,57.98,58.07,58.07,58.07,57.98,57.98,57.98,57.98,58.16,57.81,57.73,57.81,57.81,45.86,58.16,58.07,58.07,57.14,51.43,57.24,0.00,0.00,0.00,0.00,0.00,0.00,0.00,49.50,44.14,0.00,62.30,99.80,99.80,99.80,99.80,,99.91,99.81,99.90,99.70,94.28,94.28,94.19,94.19,92.82,94.46,94.46,94.55,94.46,94.46,94.37,94.37,94.46,94.46,94.46,94.46,94.46,94.46,94.19,96.04,7.14,25.78,0.00,15.85,17.29,22.95,19.58,14.20,16.35,24.71,24.71,24.49,24.49,24.49,24.42,24.06,28.45,23.97,23.97,23.97,23.97,23.97,23.97,23.97,26.16,26.52,23.61,23.69,26.81,23.79,23.79,11.86,11.86,11.74,16.16,20.71,16.63,16.63,16.63,17.00,10.61
CALTRM01_EVE029,9.74,11.82,11.82,15.14,25.37,25.37,54.31,54.48,54.23,54.38,58.72,54.74,49.37,64.55,52.54,56.18,56.18,58.16,58.07,58.16,58.16,58.16,58.07,58.07,58.07,58.07,58.24,57.90,57.81,57.90,57.90,45.86,58.24,58.16,58.16,57.14,51.43,57.33,0.00,0.00,0.00,0.00,0.00,0.00,0.00,49.63,44.24,0.00,62.30,99.70,99.70,99.70,99.70,99.91,,99.91,99.80,99.60,94.19,94.19,94.10,94.10,92.71,94.37,94.37,94.46,94.37,94.37,94.28,94.28,94.37,94.37,94.37,94.37,94.37,94.37,94.10,95.94,7.14,25.71,0.00,15.75,17.19,23.00,19.58,14.20,16.35,24.71,24.71,24.49,24.49,24.49,24.42,24.06,28.45,23.97,23.97,23.97,23.97,23.97,23.97,23.97,26.07,26.52,23.61,23.69,26.81,23.79,23.79,11.86,11.86,11.74,16.03,20.61,16.63,16.63,16.63,17.00,10.61
CAJZCY01_EVE071,9.74,11.82,11.82,15.14,25.29,25.29,54.23,54.40,54.14,54.30,58.72,54.65,49.28,64.55,52.45,56.10,56.10,58.07,57.98,58.07,58.07,58.07,57.98,57.98,57.98,57.98,58.16,57.81,57.73,57.81,57.81,45.30,58.16,58.07,58.07,57.14,51.24,57.24,0.00,0.00,0.00,0.00,0.00,0.00,0.00,49.50,44.14,0.00,62.30,99.60,99.60,99.60,99.60,99.81,99.91,,99.70,99.50,94.10,94.10,94.01,94.01,92.60,94.28,94.28,94.37,94.28,94.28,94.19,94.19,94.28,94.28,94.28,94.28,94.28,94.28,94.01,95.85,7.14,25.71,0.00,15.75,17.19,22.95,19.45,14.20,16.35,24.71,24.71,24.49,24.49,24.49,24.42,24.06,28.45,23.97,23.97,23.97,23.97,23.97,23.97,23.97,26.07,26.52,23.52,23.61,26.57,23.71,23.71,11.86,11.86,11.74,16.16,20.51,16.63,16.63,16.63,17.00,10.61
CAJZCY01_EVE073,9.74,11.93,11.93,15.14,25.56,25.65,54.20,54.37,54.11,54.27,62.08,54.20,49.18,64.55,52.36,55.71,55.71,57.32,57.23,57.32,57.32,57.32,57.23,57.23,57.32,57.32,57.50,57.05,56.96,57.05,57.05,45.30,57.41,57.32,57.32,57.14,51.24,56.35,0.00,0.00,0.00,0.00,0.00,0.00,0.00,49.38,44.03,0.00,62.30,99.70,99.70,99.70,99.70,99.90,99.80,99.70,,99.60,94.10,94.10,94.01,94.01,92.63,94.10,94.10,94.19,94.10,94.10,94.10,94.10,94.10,94.10,94.10,94.10,94.10,94.10,93.91,95.74,7.14,25.75,0.00,15.85,17.29,22.77,19.58,14.20,16.35,24.62,24.62,24.46,24.46,24.46,24.39,24.06,28.45,23.97,23.97,23.97,23.97,23.97,23.97,23.97,26.16,26.52,23.26,23.34,26.57,23.44,23.44,11.74,11.74,11.63,16.16,20.71,16.63,16.63,16.63,17.00,10.61
CAJZCY01_EVE055,9.74,11.83,11.83,14.94,25.39,25.48,54.02,54.20,53.93,54.09,61.47,54.11,49.09,64.55,52.26,55.63,55.63,57.14,57.05,57.14,57.14,57.14,57.05,57.05,57.14,57.14,57.32,56.88,56.79,56.88,56.88,45.86,57.23,57.14,57.14,57.14,51.24,56.25,0.00,0.00,0.00,0.00,0.00,0.00,0.00,49.38,44.03,0.00,62.30,99.70,99.70,99.70,99.70,99.70,99.60,99.50,99.60,,93.91,93.91,93.82,93.82,92.40,93.91,93.91,94.01,93.91,93.91,93.91,93.91,93.91,93.91,93.91,93.91,93.91,93.91,93.73,95.94,7.14,25.61,0.00,15.95,17.19,22.65,19.45,14.20,16.44,24.46,24.46,24.31,24.31,24.31,24.24,23.95,28.45,23.77,23.77,23.77,23.77,23.77,23.77,23.77,26.07,26.35,23.43,23.51,26.81,23.61,23.61,11.86,11.86,11.74,16.16,20.61,16.63,16.63,16.63,17.00,10.49
CALTRM01_EVE016,9.74,13.86,13.76,15.14,26.09,26.09,57.05,57.22,57.22,57.28,58.72,57.73,52.99,64.55,56.16,60.16,60.16,61.83,61.74,61.91,61.91,61.91,61.83,61.83,61.74,61.74,61.91,61.57,61.49,61.57,61.49,45.86,61.91,61.83,61.83,57.14,52.20,61.27,0.00,0.00,0.00,0.00,0.00,0.00,0.00,53.37,47.12,0.00,62.30,94.01,94.01,94.01,94.01,94.28,94.19,94.10,94.10,93.91,,100.00,99.91,99.91,99.78,99.64,99.64,99.55,99.46,99.46,99.55,99.55,99.46,99.46,99.37,99.37,99.64,99.64,99.37,90.71,7.14,27.10,0.00,15.11,16.49,23.93,18.65,13.39,15.87,26.28,26.28,26.06,26.06,26.06,25.99,26.37,28.45,25.83,25.83,25.83,25.83,25.83,25.83,25.83,26.30,27.24,24.94,25.02,26.81,25.12,25.12,11.12,11.12,11.02,16.27,20.59,16.63,16.63,16.63,16.50,10.36
CAJZCY01_EVE082,9.74,13.86,13.76,15.14,26.09,26.09,57.05,57.22,57.22,57.28,58.72,57.73,52.99,64.55,56.16,60.16,60.16,61.83,61.74,61.91,61.91,61.91,61.83,61.83,61.74,61.74,61.91,61.57,61.49,61.57,61.49,45.86,61.91,61.83,61.83,57.14,52.20,61.27,0.00,0.00,0.00,0.00,0.00,0.00,0.00,53.37,47.12,0.00,62.30,94.01,94.01,94.01,94.01,94.28,94.19,94.10,94.10,93.91,100.00,,99.91,99.91,99.78,99.64,99.64,99.55,99.46,99.46,99.55,99.55,99.46,99.46,99.37,99.37,99.64,99.64,99.37,90.71,7.14,27.10,0.00,15.11,16.49,23.93,18.65,13.39,15.87,26.28,26.28,26.06,26.06,26.06,25.99,26.37,28.45,25.83,25.83,25.83,25.83,25.83,25.83,25.83,26.30,27.24,24.94,25.02,26.81,25.12,25.12,11.12,11.12,11.02,16.27,20.59,16.63,16.63,16.63,16.50,10.36
CALTRM01_EVE024,9.74,13.86,13.76,15.14,26.00,26.00,56.96,57.13,57.13,57.19,58.72,57.64,52.90,64.55,56.07,60.07,60.07,61.74,61.66,61.83,61.83,61.83,61.74,61.74,61.66,61.66,61.83,61.49,61.40,61.49,61.40,45.86,61.83,61.74,61.74,57.14,52.01,61.17,0.00,0.00,0.00,0.00,0.00,0.00,0.00,53.24,47.02,0.00,62.30,93.91,93.91,93.91,93.91,94.19,94.10,94.01,94.01,93.82,99.91,99.91,,100.00,99.67,99.55,99.55,99.46,99.37,99.37,99.46,99.46,99.37,99.37,99.29,99.29,99.55,99.55,99.29,90.62,7.14,27.10,0.00,15.01,16.40,23.93,18.65,13.39,15.87,26.28,26.28,26.06,26.06,26.06,25.99,26.37,28.45,25.83,25.83,25.83,25.83,25.83,25.83,25.83,26.39,27.08,24.94,25.02,26.81,25.12,25.12,11.12,11.12,11.02,16.27,20.59,16.63,16.63,16.63,16.50,10.36
CAJZCY01_EVE076,9.74,13.86,13.76,15.14,26.00,26.00,56.96,57.13,57.13,57.19,58.72,57.64,52.90,64.55,56.07,60.07,60.07,61.74,61.66,61.83,61.83,61.83,61.74,61.74,61.66,61.66,61.83,61.49,61.40,61.49,61.40,45.86,61.83,61.74,61.74,57.14,52.01,61.17,0.00,0.00,0.00,0.00,0.00,0.00,0.00,53.24,47.02,0.00,62.30,93.91,93.91,93.91,93.91,94.19,94.10,94.01,94.01,93.82,99.91,99.91,100.00,,99.67,99.55,99.55,99.46,99.37,99.37,99.46,99.46,99.37,99.37,99.29,99.29,99.55,99.55,99.29,90.62,7.14,27.10,0.00,15.01,16.40,23.93,18.65,13.39,15.87,26.28,26.28,26.06,26.06,26.06,25.99,26.37,28.45,25.83,25.83,25.83,25.83,25.83,25.83,25.83,26.39,27.08,24.94,25.02,26.81,25.12,25.12,11.12,11.12,11.02,16.27,20.59,16.63,16.63,16.63,16.50,10.36
CAJZCY01_EVE087,9.64,13.59,13.47,18.69,26.13,26.13,56.85,57.05,56.95,56.92,58.46,57.47,50.44,0.00,54.65,58.91,58.91,61.48,61.38,61.59,61.59,61.59,61.48,61.48,61.38,61.38,61.48,61.28,61.17,61.28,61.17,45.86,61.48,61.38,61.38,0.00,45.51,60.35,0.00,0.00,0.00,0.00,0.00,0.00,0.00,51.83,44.49,0.00,0.00,92.51,92.51,92.51,92.51,92.82,92.71,92.60,92.63,92.40,99.78,99.78,99.67,99.67,,99.35,99.35,99.24,99.13,99.13,99.24,99.24,99.24,99.13,99.13,99.13,99.35,99.35,99.13,90.21,0.00,26.16,0.00,11.38,13.20,23.62,15.78,11.92,13.24,25.60,25.60,25.34,25.34,25.34,25.26,25.31,24.64,24.93,24.93,24.93,24.93,24.93,24.93,24.93,24.89,24.57,24.75,24.85,26.87,24.87,24.87,10.43,10.43,10.43,14.31,17.80,11.19,11.19,10.85,12.72,7.83
CALTRM01_EVE017,9.74,13.86,13.76,15.14,26.17,26.17,57.05,57.22,57.22,57.28,58.72,57.73,53.08,64.55,56.25,60.25,60.25,62.00,61.91,62.08,62.08,62.08,62.00,62.00,61.91,61.91,62.08,61.74,61.66,61.74,61.66,45.86,62.08,62.00,62.00,57.14,52.20,61.46,0.00,0.00,0.00,0.00,0.00,0.00,0.00,53.49,47.22,0.00,62.30,94.01,94.01,94.01,94.01,94.46,94.37,94.28,94.10,93.91,99.64,99.64,99.55,99.55,99.35,,100.00,99.91,99.82,99.82,99.73,99.73,99.82,99.82,99.73,99.73,99.82,99.82,99.55,90.71,7.14,27.10,0.00,15.11,16.49,23.99,18.65,13.39,15.87,26.28,26.28,26.06,26.06,26.06,25.99,26.37,28.45,25.83,25.83,25.83,25.83,25.83,25.83,25.83,26.30,27.24,25.02,25.10,26.81,25.21,25.21,11.12,11.12,11.02,16.27,20.59,16.63,16.63,16.63,16.50,10.36
CAJZCY01_EVE081,9.74,13.86,13.76,15.14,26.17,26.17,57.05,57.22,57.22,57.28,58.72,57.73,53.08,64.55,56.25,60.25,60.25,62.00,61.91,62.08,62.08,62.08,62.00,62.00,61.91,61.91,62.08,61.74,61.66,61.74,61.66,45.86,62.08,62.00,62.00,57.14,52.20,61.46,0.00,0.00,0.00,0.00,0.00,0.00,0.00,53.49,47.22,0.00,62.30,94.01,94.01,94.01,94.01,94.46,94.37,94.28,94.10,93.91,99.64,99.64,99.55,99.55,99.35,100.00,,99.91,99.82,99.82,99.73,99.73,99.82,99.82,99.73,99.73,99.82,99.82,99.55,90.71,7.14,27.10,0.00,15.11,16.49,23.99,18.65,13.39,15.87,26.28,26.28,26.06,26.06,26.06,25.99,26.37,28.45,25.83,25.83,25.83,25.83,25.83,25.83,25.83,26.30,27.24,25.02,25.10,26.81,25.21,25.21,11.12,11.12,11.02,16.27,20.59,16.63,16.63,16.63,16.50,10.36
CALTRM01_EVE028,9.74,13.86,13.76,15.14,26.17,26.17,57.05,57.22,57.22,57.28,58.72,57.73,52.99,64.55,56.16,60.16,60.16,61.91,61.83,62.00,62.00,62.00,61.91,61.91,61.83,61.83,62.00,61.66,61.57,61.66,61.57,45.86,62.00,61.91,61.91,57.14,52.01,61.36,0.00,0.00,0.00,0.00,0.00,0.00,0.00,53.62,47.33,0.00,62.30,94.10,94.10,94.10,94.10,94.55,94.46,94.37,94.19,94.01,99.55,99.55,99.46,99.46,99.24,99.91,99.91,,99.91,99.91,99.82,99.82,99.91,99.91,99.82,99.82,99.73,99.73,99.64,90.80,7.14,27.17,0.00,15.11,16.49,23.93,18.65,13.39,15.87,26.20,26.20,25.99,25.99,25.99,25.91,26.26,28.45,25.64,25.64,25.64,25.64,25.64,25.64,25.64,26.21,27.08,24.94,25.02,26.81,25.12,25.12,11.12,11.12,11.02,16.27,20.59,16.63,16.63,16.63,16.50,10.36
CALTRM01_EVE026,9.53,13.86,13.76,15.14,26.17,26.17,57.05,57.22,57.22,57.28,58.72,57.73,52.99,64.55,56.16,60.16,60.16,61.91,61.83,62.00,62.00,62.00,61.91,61.91,61.83,61.83,62.00,61.66,61.57,61.66,61.57,45.86,62.00,61.91,61.91,57.14,52.01,61.36,0.00,0.00,0.00,0.00,0.00,0.00,0.00,53.62,47.33,0.00,62.30,94.01,94.01,94.01,94.01,94.46,94.37,94.28,94.10,93.91,99.46,99.46,99.37,99.37,99.13,99.82,99.82,99.91,,100.00,99.73,99.73,99.82,99.82,99.73,99.73,99.64,99.64,99.55,90.71,7.14,27.17,0.00,15.11,16.49,23.93,18.65,13.21,15.78,26.20,26.20,25.99,25.99,25.99,25.91,26.26,28.45,25.64,25.64,25.64,25.64,25.64,25.64,25.64,26.21,27.08,25.02,25.10,27.05,25.21,25.21,11.02,11.02,10.91,16.27,20.59,16.63,16.63,16.63,16.63,10.36
CAJZCY01_EVE074,9.53,13.86,13.76,15.14,26.17,26.17,57.05,57.22,57.22,57.28,58.72,57.73,52.99,64.55,56.16,60.16,60.16,61.91,61.83,62.00,62.00,62.00,61.91,61.91,61.83,61.83,62.00,61.66,61.57,61.66,61.57,45.86,62.00,61.91,61.91,57.14,52.01,61.36,0.00,0.00,0.00,0.00,0.00,0.00,0.00,53.62,47.33,0.00,62.30,94.01,94.01,94.01,94.01,94.46,94.37,94.28,94.10,93.91,99.46,99.46,99.37,99.37,99.13,99.82,99.82,99.91,100.00,,99.73,99.73,99.82,99.82,99.73,99.73,99.64,99.64,99.55,90.71,7.14,27.17,0.00,15.11,16.49,23.93,18.65,13.21,15.78,26.20,26.20,25.99,25.99,25.99,25.91,26.26,28.45,25.64,25.64,25.64,25.64,25.64,25.64,25.64,26.21,27.08,25.02,25.10,27.05,25.21,25.21,11.02,11.02,10.91,16.27,20.59,16.63,16.63,16.63,16.63,10.36
CAJZCY01_EVE059,9.74,13.86,13.76,15.14,26.17,26.17,57.13,57.30,57.30,57.36,58.72,57.81,52.90,64.55,56.07,60.07,60.07,62.00,61.91,62.08,62.08,62.08,62.00,62.00,61.91,61.91,62.08,61.74,61.66,61.74,61.66,45.86,62.08,62.00,62.00,57.14,52.20,61.27,0.00,0.00,0.00,0.00,0.00,0.00,0.00,53.74,47.22,0.00,62.30,94.01,94.01,94.01,94.01,94.37,94.28,94.19,94.10,93.91,99.55,99.55,99.46,99.46,99.24,99.73,99.73,99.82,99.73,99.73,,100.00,99.73,99.73,99.64,99.64,99.55,99.55,99.82,90.62,7.14,27.10,0.00,15.11,16.49,23.87,18.65,13.39,15.95,26.20,26.20,25.99,25.99,25.99,25.91,26.16,28.45,25.44,25.44,25.44,25.44,25.44,25.44,25.44,26.12,26.92,25.02,25.10,26.81,25.04,25.04,11.12,11.12,11.02,16.27,20.59,16.63,16.63,16.63,16.50,10.36
CAJZCY01_EVE067,9.74,13.86,13.76,15.14,26.17,26.17,57.13,57.30,57.30,57.36,58.72,57.81,52.90,64.55,56.07,60.07,60.07,62.00,61.91,62.08,62.08,62.08,62.00,62.00,61.91,61.91,62.08,61.74,61.66,61.74,61.66,45.86,62.08,62.00,62.00,57.14,52.20,61.27,0.00,0.00,0.00,0.00,0.00,0.00,0.00,53.74,47.22,0.00,62.30,94.01,94.01,94.01,94.01,94.37,94.28,94.19,94.10,93.91,99.55,99.55,99.46,99.46,99.24,99.73,99.73,99.82,99.73,99.73,100.00,,99.73,99.73,99.64,99.64,99.55,99.55,99.82,90.62,7.14,27.10,0.00,15.11,16.49,23.87,18.65,13.39,15.95,26.20,26.20,25.99,25.99,25.99,25.91,26.16,28.45,25.44,25.44,25.44,25.44,25.44,25.44,25.44,26.12,26.92,25.02,25.10,26.81,25.04,25.04,11.12,11.12,11.02,16.27,20.59,16.63,16.63,16.63,16.50,10.36
CAJZCY01_EVE070,9.74,13.86,13.76,15.14,26.17,26.17,57.05,57.22,57.22,57.28,58.72,57.73,52.99,64.55,56.16,60.16,60.16,61.91,61.83,62.00,62.00,62.00,61.91,61.91,61.83,61.83,62.00,61.66,61.57,61.66,61.57,45.86,62.00,61.83,61.83,57.14,51.82,61.36,0.00,0.00,0.00,0.00,0.00,0.00,0.00,53.62,47.22,0.00,62.30,94.01,94.01,94.01,94.01,94.46,94.37,94.28,94.10,93.91,99.46,99.46,99.37,99.37,99.24,99.82,99.82,99.91,99.82,99.82,99.73,99.73,,99.82,99.73,99.73,99.64,99.64,99.55,90.71,7.14,27.10,0.00,15.01,16.40,23.99,18.53,13.21,15.78,26.13,26.13,25.91,25.91,25.91,25.84,26.16,28.16,25.44,25.44,25.44,25.44,25.44,25.44,25.44,26.12,26.92,24.86,24.94,26.57,25.04,25.04,11.12,11.12,11.02,16.15,20.49,16.43,16.43,16.43,16.50,10.24
CAJZCY01_EVE072,9.74,13.76,13.65,15.14,26.17,26.17,56.96,57.13,57.13,57.19,58.72,57.64,52.90,64.55,56.07,60.07,60.07,61.83,61.74,61.91,61.91,61.91,61.83,61.83,61.74,61.74,61.91,61.57,61.49,61.57,61.49,45.86,61.91,61.83,61.83,57.14,52.01,61.27,0.00,0.00,0.00,0.00,0.00,0.00,0.00,53.49,47.33,0.00,62.30,94.01,94.01,94.01,94.01,94.46,94.37,94.28,94.10,93.91,99.46,99.46,99.37,99.37,99.13,99.82,99.82,99.91,99.82,99.82,99.73,99.73,99.82,,99.73,99.73,99.64,99.64,99.55,90.71,7.14,27.24,0.00,15.01,16.40,23.87,18.65,13.39,15.95,26.20,26.20,25.99,25.99,25.99,25.91,26.26,28.45,25.64,25.64,25.64,25.64,25.64,25.64,25.64,26.21,27.08,24.94,25.02,26.81,25.12,25.12,11.12,11.12,11.02,16.27,20.69,16.63,16.63,16.63,16.63,10.36
CALTRM01_EVE030,9.74,13.96,13.86,14.94,26.25,26.25,56.87,57.05,57.05,57.11,58.72,57.73,52.99,63.64,56.16,60.16,60.16,61.74,61.66,61.83,61.83,61.83,61.74,61.74,61.66,61.66,61.83,61.49,61.40,61.49,61.40,45.86,61.83,61.74,61.74,57.14,51.82,61.27,0.00,0.00,0.00,0.00,0.00,0.00,0.00,53.37,47.43,0.00,62.30,94.01,94.01,94.01,94.01,94.46,94.37,94.28,94.10,93.91,99.37,99.37,99.29,99.29,99.13,99.73,99.73,99.82,99.73,99.73,99.64,99.64,99.73,99.73,,100.00,99.55,99.55,99.46,90.71,7.14,27.17,0.00,15.11,16.49,23.87,18.65,13.39,15.78,26.20,26.20,25.99,25.99,25.99,25.91,26.26,28.16,25.44,25.44,25.44,25.44,25.44,25.44,25.44,26.12,26.92,24.94,25.02,26.81,25.12,25.12,11.12,11.12,11.02,16.27,20.69,16.43,16.43,16.43,16.38,10.36
CAJZCY01_EVE069,9.74,13.96,13.86,14.94,26.25,26.25,56.87,57.05,57.05,57.11,58.72,57.73,52.99,63.64,56.16,60.16,60.16,61.74,61.66,61.83,61.83,61.83,61.74,61.74,61.66,61.66,61.83,61.49,61.40,61.49,61.40,45.86,61.83,61.74,61.74,57.14,51.82,61.27,0.00,0.00,0.00,0.00,0.00,0.00,0.00,53.37,47.43,0.00,62.30,94.01,94.01,94.01,94.01,94.46,94.37,94.28,94.10,93.91,99.37,99.37,99.29,99.29,99.13,99.73,99.73,99.82,99.73,99.73,99.64,99.64,99.73,99.73,100.00,,99.55,99.55,99.46,90.71,7.14,27.17,0.00,15.11,16.49,23.87,18.65,13.39,15.78,26.20,26.20,25.99,25.99,25.99,25.91,26.26,28.16,25.44,25.44,25.44,25.44,25.44,25.44,25.44,26.12,26.92,24.94,25.02,26.81,25.12,25.12,11.12,11.12,11.02,16.27,20.69,16.43,16.43,16.43,16.38,10.36
CALTRM01_EVE025,9.74,13.86,13.76,15.14,26.06,26.06,56.84,57.01,57.01,57.07,58.72,57.29,52.90,64.55,56.07,60.07,60.07,61.53,61.44,61.53,61.53,61.53,61.53,61.53,61.44,61.44,61.61,61.27,61.19,61.27,61.19,45.86,61.61,61.53,61.53,57.14,52.20,60.93,0.00,0.00,0.00,0.00,0.00,0.00,0.00,53.49,47.12,0.00,62.30,94.01,94.01,94.01,94.01,94.46,94.37,94.28,94.10,93.91,99.64,99.64,99.55,99.55,99.35,99.82,99.82,99.73,99.64,99.64,99.55,99.55,99.64,99.64,99.55,99.55,,100.00,99.37,90.71,7.14,27.17,0.00,15.11,16.49,23.69,18.53,13.39,15.87,26.35,26.35,26.13,26.13,26.13,26.06,26.48,28.45,25.83,25.83,25.83,25.83,25.83,25.83,25.83,26.21,27.24,24.86,24.94,26.81,25.04,25.04,11.02,11.02,10.91,16.27,20.69,16.63,16.63,16.63,16.50,10.36
CAJZCY01_EVE075,9.74,13.86,13.76,15.14,26.06,26.06,56.84,57.01,57.01,57.07,58.72,57.29,52.90,64.55,56.07,60.07,60.07,61.53,61.44,61.53,61.53,61.53,61.53,61.53,61.44,61.44,61.61,61.27,61.19,61.27,61.19,45.86,61.61,61.53,61.53,57.14,52.20,60.93,0.00,0.00,0.00,0.00,0.00,0.00,0.00,53.49,47.12,0.00,62.30,94.01,94.01,94.01,94.01,94.46,94.37,94.28,94.10,93.91,99.64,99.64,99.55,99.55,99.35,99.82,99.82,99.73,99.64,99.64,99.55,99.55,99.64,99.64,99.55,99.55,100.00,,99.37,90.71,7.14,27.17,0.00,15.11,16.49,23.69,18.53,13.39,15.87,26.35,26.35,26.13,26.13,26.13,26.06,26.48,28.45,25.83,25.83,25.83,25.83,25.83,25.83,25.83,26.21,27.24,24.86,24.94,26.81,25.04,25.04,11.02,11.02,10.91,16.27,20.69,16.63,16.63,16.63,16.50,10.36
CAJZCY01_EVE060,9.74,13.86,13.76,15.14,26.17,26.17,56.96,57.13,57.13,57.19,58.46,57.64,52.72,64.55,55.89,59.89,59.89,61.83,61.74,61.91,61.91,61.91,61.83,61.83,61.74,61.74,61.91,61.57,61.49,61.57,61.49,45.86,61.91,61.83,61.83,52.38,52.01,61.17,0.00,0.00,0.00,0.00,0.00,0.00,0.00,53.62,47.12,0.00,60.66,93.82,93.82,93.82,93.82,94.19,94.10,94.01,93.91,93.73,99.37,99.37,99.29,99.29,99.13,99.55,99.55,99.64,99.55,99.55,99.82,99.82,99.55,99.55,99.46,99.46,99.37,99.37,,90.44,7.14,27.03,0.00,14.91,16.31,23.82,18.65,13.39,15.95,26.20,26.20,25.99,25.99,25.99,25.91,26.16,28.45,25.44,25.44,25.44,25.44,25.44,25.44,25.44,26.21,27.08,24.94,25.02,26.57,24.96,24.96,11.12,11.12,11.02,16.27,20.69,16.63,16.63,16.63,16.50,10.36
CALTRM01_EVE034,9.28,11.43,11.43,14.29,24.38,24.38,52.18,52.35,52.09,52.17,58.21,52.43,47.28,64.55,50.63,53.89,53.89,55.85,55.76,55.85,55.85,55.85,55.76,55.76,55.76,55.76,55.94,55.59,55.51,55.59,55.59,41.44,55.85,55.76,55.76,57.14,46.65,54.65,0.00,0.00,0.00,0.00,0.00,0.00,0.00,46.51,41.77,0.00,62.30,95.84,95.84,95.84,95.84,96.04,95.94,95.85,95.74,95.94,90.71,90.71,90.62,90.62,90.21,90.71,90.71,90.80,90.71,90.71,90.62,90.62,90.71,90.71,90.71,90.71,90.71,90.71,90.44,,7.14,24.83,0.00,15.31,16.58,22.15,17.36,12.38,15.91,24.05,24.05,23.83,23.83,23.83,23.76,23.09,26.15,22.20,22.20,22.20,22.20,22.20,22.20,22.20,25.52,25.17,22.46,22.55,23.49,22.64,22.64,11.31,11.31,11.31,13.80,19.34,15.37,15.37,15.57,14.87,10.14
CAJZCY01_EVE054,1.21,0.00,0.00,3.13,8.92,9.46,6.56,6.56,6.56,6.56,0.00,8.20,6.56,11.76,6.56,6.56,6.56,6.56,6.56,6.56,6.56,6.56,6.56,6.56,6.56,6.56,6.56,6.56,6.56,6.56,6.56,0.00,8.20,8.20,8.20,41.36,39.23,0.00,54.55,47.62,14.29,22.67,10.49,57.50,53.23,37.07,38.41,0.00,32.07,7.14,7.14,7.14,7.14,7.14,7.14,7.14,7.14,7.14,7.14,7.14,7.14,7.14,0.00,7.14,7.14,7.14,7.14,7.14,7.14,7.14,7.14,7.14,7.14,7.14,7.14,7.14,7.14,7.14,,20.00,23.43,5.36,15.28,16.98,7.46,0.59,9.35,10.57,10.57,10.57,10.57,10.57,10.57,10.57,10.57,0.00,0.00,0.00,0.00,0.00,0.00,0.00,11.80,11.80,8.55,8.29,8.29,8.29,8.29,1.59,1.59,1.59,10.37,13.52,1.95,1.95,2.33,4.56,2.79
CAJZCY01_EVE015,6.39,11.10,11.18,9.71,19.78,20.00,25.63,25.70,25.56,25.84,27.55,25.77,23.03,18.54,24.40,25.71,25.71,26.52,26.45,26.52,26.52,26.52,26.52,26.52,26.52,26.52,26.58,26.58,26.52,26.58,26.65,18.66,26.72,26.79,26.79,23.83,22.81,26.01,33.09,12.50,0.00,13.89,0.77,32.93,29.07,24.01,24.88,0.00,20.17,25.75,25.75,25.68,25.68,25.78,25.71,25.71,25.75,25.61,27.10,27.10,27.10,27.10,26.16,27.10,27.10,27.17,27.17,27.17,27.10,27.10,27.10,27.24,27.17,27.17,27.17,27.17,27.03,24.83,20.00,,28.75,13.26,14.90,24.35,13.78,6.42,15.53,22.44,22.38,22.38,22.38,22.38,22.44,21.76,20.55,23.74,23.74,23.74,23.74,23.74,23.74,23.74,22.92,20.76,19.99,19.88,17.39,19.99,19.93,6.83,6.83,6.76,12.60,16.44,7.60,7.60,7.71,13.20,8.82
CAJZCY01_EVE016,2.80,0.00,0.00,8.41,15.86,15.17,0.00,0.00,0.00,0.00,0.00,0.00,0.00,0.00,0.00,0.00,0.00,0.00,0.00,0.00,0.00,0.00,0.00,0.00,0.00,0.00,0.00,0.00,0.00,0.00,0.00,0.00,0.00,0.00,0.00,25.29,24.71,0.00,30.58,30.77,0.00,12.00,5.19,25.35,24.00,25.29,25.29,0.00,17.88,0.00,0.00,0.00,0.00,0.00,0.00,0.00,0.00,0.00,0.00,0.00,0.00,0.00,0.00,0.00,0.00,0.00,0.00,0.00,0.00,0.00,0.00,0.00,0.00,0.00,0.00,0.00,0.00,0.00,23.43,28.75,,0.00,25.68,28.48,21.85,0.00,20.69,27.42,27.42,26.61,26.61,26.61,26.61,26.61,26.61,0.00,0.00,0.00,0.00,0.00,0.00,0.00,23.85,23.85,9.56,9.56,10.29,10.29,9.56,9.35,9.35,9.35,23.19,20.14,1.90,1.90,1.90,11.51,20.00
CALTRM01_EVE010,16.06,16.43,16.43,16.67,17.19,17.09,17.53,17.53,17.53,17.34,16.80,17.63,16.60,27.59,15.83,16.71,16.71,17.20,17.20,17.29,17.29,17.29,17.20,17.20,17.20,17.20,17.20,17.31,17.21,17.21,17.21,15.64,16.71,16.71,16.71,6.85,16.62,15.87,0.00,0.00,0.00,0.00,0.00,0.00,0.00,15.16,15.68,0.00,11.21,15.85,15.85,15.85,15.85,15.85,15.75,15.75,15.85,15.95,15.11,15.11,15.01,15.01,11.38,15.11,15.11,15.11,15.11,15.11,15.11,15.11,15.01,15.01,15.11,15.11,15.11,15.11,14.91,15.31,5.36,13.26,0.00,,94.20,10.45,20.70,14.81,22.08,14.09,14.09,14.09,14.09,14.09,14.18,13.84,22.39,17.59,17.59,17.59,17.59,17.59,17.59,17.59,14.76,18.18,17.43,17.43,23.59,17.67,17.67,12.38,12.38,12.38,19.35,19.02,20.20,20.20,20.20,22.41,16.86
CAJZCY01_EVE034,11.58,15.58,15.58,13.33,17.22,16.97,18.60,18.60,18.70,18.41,18.82,18.51,17.85,27.59,16.93,17.80,17.80,17.98,17.98,18.08,18.08,18.08,17.98,17.98,17.98,17.98,17.98,18.10,18.00,18.00,18.00,16.76,17.51,17.51,17.51,16.43,19.36,16.81,26.72,8.33,0.00,16.67,0.82,29.87,27.16,17.61,18.19,0.00,17.33,17.19,17.19,17.19,17.19,17.29,17.19,17.19,17.29,17.19,16.49,16.49,16.40,16.40,13.20,16.49,16.49,16.49,16.49,16.49,16.49,16.49,16.40,16.40,16.49,16.49,16.49,16.49,16.31,16.58,15.28,14.90,25.68,94.20,,13.13,21.45,10.16,21.11,16.35,16.35,16.28,16.28,16.28,16.35,16.05,23.60,17.77,17.77,17.77,17.77,17.77,17.77,17.77,16.44,20.02,16.79,16.63,18.86,16.81,16.81,11.10,11.10,10.97,19.57,19.71,14.16,14.16,14.16,19.13,15.63
CAJZCY01_EVE021,5.69,9.17,9.23,8.65,15.24,14.93,23.93,23.93,23.88,23.99,26.27,23.84,21.37,24.55,23.16,23.48,23.48,23.61,23.61,23.56,23.56,23.56,23.67,23.67,23.56,23.56,23.56,23.67,23.67,23.72,23.72,21.83,23.78,23.72,23.72,25.44,26.33,23.81,24.41,29.64,24.03,28.96,2.17,25.11,24.96,24.38,23.06,3.82,21.23,22.82,22.82,22.77,22.77,22.95,23.00,22.95,22.77,22.65,23.93,23.93,23.93,23.93,23.62,23.99,23.99,23.93,23.93,23.93,23.87,23.87,23.99,23.87,23.87,23.87,23.69,23.69,23.82,22.15,16.98,24.35,28.48,10.45,13.13,,10.98,3.68,11.36,19.51,19.51,19.51,19.51,19.51,19.64,18.53,14.11,21.20,21.20,21.20,21.20,21.20,21.20,21.20,18.58,17.61,18.33,18.33,15.85,18.25,18.20,5.60,5.60,5.49,10.04,13.13,8.11,8.11,8.02,11.02,6.44
CAJZCY01_EVE001,13.91,14.26,14.26,15.64,18.23,18.34,20.29,20.29,20.53,20.41,15.00,19.68,18.85,26.05,17.88,18.89,18.89,20.10,20.10,20.10,20.10,20.10,20.22,20.22,20.10,20.10,20.10,20.10,20.10,20.10,20.10,26.88,19.61,19.98,19.98,7.31,18.51,19.77,11.54,0.00,0.00,12.50,0.41,22.22,20.69,16.55,15.14,0.00,9.17,19.58,19.58,19.58,19.58,19.58,19.58,19.45,19.58,19.45,18.65,18.65,18.65,18.65,15.78,18.65,18.65,18.65,18.65,18.65,18.65,18.65,18.53,18.65,18.65,18.65,18.53,18.53,18.65,17.36,7.46,13.78,21.85,20.70,21.45,10.98,,12.18,16.86,16.17,16.17,16.08,16.08,16.08,15.99,15.84,24.02,23.56,23.56,23.56,23.56,23.56,23.56,23.56,16.96,20.37,14.29,14.39,16.98,14.60,14.60,19.03,19.03,19.03,20.85,23.07,17.61,17.61,17.83,21.59,15.33
CAJZCY01_EVE013,17.11,15.92,15.92,13.11,11.77,11.77,12.98,12.98,12.98,12.98,0.00,11.88,10.39,15.09,10.19,11.45,11.45,11.64,11.64,11.82,11.82,11.82,11.82,11.82,11.64,11.64,11.64,11.64,11.64,11.64,11.64,17.92,11.45,11.64,11.64,0.00,5.47,12.14,0.00,0.00,0.00,0.00,0.00,0.00,0.00,5.51,4.58,0.00,2.72,14.20,14.20,14.20,14.20,14.20,14.20,14.20,14.20,14.20,13.39,13.39,13.39,13.39,11.92,13.39,13.39,13.39,13.21,13.21,13.39,13.39,13.21,13.39,13.39,13.39,13.39,13.39,13.39,12.38,0.59,6.42,0.00,14.81,10.16,3.68,12.18,,11.75,9.36,9.36,9.36,9.36,9.36,9.36,9.36,12.57,10.10,10.10,10.10,10.10,10.10,10.10,10.10,9.63,9.57,9.81,9.81,13.40,10.19,10.19,13.75,13.75,14.06,16.78,10.31,22.10,22.10,22.46,10.91,16.51
CAJZCY01_EVE018,9.91,14.59,14.59,15.10,16.11,16.28,16.61,16.61,16.44,16.30,14.53,16.78,15.15,34.17,14.32,16.57,16.57,16.65,16.65,16.57,16.57,16.57,16.65,16.65,16.65,16.65,16.74,16.65,16.82,16.74,16.74,21.32,16.82,16.74,16.74,11.32,18.01,14.30,18.13,9.64,0.00,12.63,2.10,21.28,20.00,14.93,14.91,0.00,11.26,16.35,16.35,16.35,16.35,16.35,16.35,16.35,16.35,16.44,15.87,15.87,15.87,15.87,13.24,15.87,15.87,15.87,15.78,15.78,15.95,15.95,15.78,15.95,15.78,15.78,15.87,15.87,15.95,15.91,9.35,15.53,20.69,22.08,21.11,11.36,16.86,11.75,,15.32,15.32,15.32,15.32,15.32,15.32,16.06,22.86,19.67,19.67,19.67,19.67,19.67,19.67,19.67,16.25,21.80,16.42,16.34,22.97,16.50,16.42,8.13,8.13,8.13,20.73,20.29,17.32,17.32,17.50,24.58,12.65
CAJZCY01_EVE005,6.60,12.50,12.59,13.57,23.25,23.18,25.98,26.13,25.69,26.11,23.72,25.25,24.34,29.91,25.60,27.79,27.79,26.06,26.06,26.06,26.06,26.06,25.91,25.91,26.06,26.06,26.06,25.91,25.91,26.06,25.91,28.65,26.20,26.27,26.27,14.25,22.76,27.11,22.00,0.00,0.00,0.00,0.14,29.17,23.08,22.64,22.59,0.07,16.16,24.54,24.54,24.54,24.54,24.71,24.71,24.71,24.62,24.46,26.28,26.28,26.28,26.28,25.60,26.28,26.28,26.20,26.20,26.20,26.20,26.20,26.13,26.20,26.20,26.20,26.35,26.35,26.20,24.05,10.57,22.44,27.42,14.09,16.35,19.51,16.17,9.36,15.32,,99.93,99.58,99.58,99.58,99.23,99.31,98.35,70.87,70.87,70.87,70.87,70.87,70.87,70.87,64.65,60.08,19.85,19.85,21.00,19.66,19.59,8.15,8.15,8.23,14.31,19.76,12.92,12.92,13.07,12.43,8.25
CAJZCY01_EVE009,6.60,12.50,12.59,13.57,23.25,23.18,25.98,26.13,25.69,26.11,23.72,25.25,24.34,29.91,25.60,27.79,27.79,26.06,26.06,26.06,26.06,26.06,25.91,25.91,26.06,26.06,26.06,25.91,25.91,26.06,25.91,28.65,26.20,26.27,26.27,14.25,22.76,27.11,22.00,0.00,0.00,0.00,0.14,29.17,23.08,22.64,22.59,0.07,16.16,24.54,24.54,24.54,24.54,24.71,24.71,24.71,24.62,24.46,26.28,26.28,26.28,26.28,25.60,26.28,26.28,26.20,26.20,26.20,26.20,26.20,26.13,26.20,26.20,26.20,26.35,26.35,26.20,24.05,10.57,22.38,27.42,14.09,16.35,19.51,16.17,9.36,15.32,99.93,,99.51,99.51,99.51,99.16,99.31,98.35,70.87,70.87,70.87,70.87,70.87,70.87,70.87,64.65,60.08,19.85,19.85,21.00,19.66,19.59,8.15,8.15,8.23,14.31,19.76,12.92,12.92,13.07,12.43,8.25
CAJZCY01_EVE006,6.75,12.50,12.59,13.42,23.31,23.25,25.76,25.91,25.47,25.89,23.72,25.18,24.34,29.91,25.60,27.71,27.71,25.84,25.84,25.84,25.84,25.84,25.69,25.69,25.84,25.84,25.84,25.69,25.69,25.84,25.69,28.65,25.98,26.06,26.06,14.25,22.76,26.95,22.00,0.00,0.00,0.00,0.14,29.17,23.08,22.48,22.59,0.07,16.16,24.39,24.39,24.39,24.39,24.49,24.49,24.49,24.46,24.31,26.06,26.06,26.06,26.06,25.34,26.06,26.06,25.99,25.99,25.99,25.99,25.99,25.91,25.99,25.99,25.99,26.13,26.13,25.99,23.83,10.57,22.38,26.61,14.09,16.28,19.51,16.08,9.36,15.32,99.58,99.51,,100.00,100.00,99.65,99.61,98.56,70.87,70.87,70.87,70.87,70.87,70.87,70.87,64.65,59.95,19.78,19.78,20.82,19.59,19.53,8.23,8.23,8.31,14.13,19.61,12.77,12.77,12.92,12.43,8.06
CAJZCY01_EVE008,6.75,12.50,12.59,13.42,23.31,23.25,25.76,25.91,25.47,25.89,23.72,25.18,24.34,29.91,25.60,27.71,27.71,25.84,25.84,25.84,25.84,25.84,25.69,25.69,25.84,25.84,25.84,25.69,25.69,25.84,25.69,28.65,25.98,26.06,26.06,14.25,22.76,26.95,22.00,0.00,0.00,0.00,0.14,29.17,23.08,22.48,22.59,0.07,16.16,24.39,24.39,24.39,24.39,24.49,24.49,24.49,24.46,24.31,26.06,26.06,26.06,26.06,25.34,26.06,26.06,25.99,25.99,25.99,25.99,25.99,25.91,25.99,25.99,25.99,26.13,26.13,25.99,23.83,10.57,22.38,26.61,14.09,16.28,19.51,16.08,9.36,15.32,99.58,99.51,100.00,,100.00,99.65,99.61,98.56,70.87,70.87,70.87,70.87,70.87,70.87,70.87,64.65,59.95,19.78,19.78,20.82,19.59,19.53,8.23,8.23,8.31,14.13,19.61,12.77,12.77,12.92,12.43,8.06
CAJZCY01_EVE010,6.75,12.50,12.59,13.42,23.31,23.25,25.76,25.91,25.47,25.89,23.72,25.18,24.34,29.91,25.60,27.71,27.71,25.84,25.84,25.84,25.84,25.84,25.69,25.69,25.84,25.84,25.84,25.69,25.69,25.84,25.69,28.65,25.98,26.06,26.06,14.25,22.76,26.95,22.00,0.00,0.00,0.00,0.14,29.17,23.08,22.48,22.59,0.07,16.16,24.39,24.39,24.39,24.39,24.49,24.49,24.49,24.46,24.31,26.06,26.06,26.06,26.06,25.34,26.06,26.06,25.99,25.99,25.99,25.99,25.99,25.91,25.99,25.99,25.99,26.13,26.13,25.99,23.83,10.57,22.38,26.61,14.09,16.28,19.51,16.08,9.36,15.32,99.58,99.51,100.00,100.00,,99.65,99.61,98.56,70.87,70.87,70.87,70.87,70.87,70.87,70.87,64.65,59.95,19.78,19.78,20.82,19.59,19.53,8.23,8.23,8.31,14.13,19.61,12.77,12.77,12.92,12.43,8.06
CAJZCY01_EVE011,6.75,12.41,12.50,13.42,23.31,23.25,25.69,25.84,25.40,25.82,23.72,25.25,24.19,29.91,25.52,27.64,27.64,25.69,25.69,25.69,25.69,25.69,25.55,25.55,25.69,25.69,25.69,25.55,25.55,25.69,25.55,28.11,25.91,25.98,25.98,14.25,22.65,26.87,22.00,0.00,0.00,0.00,0.14,29.17,23.08,22.40,22.52,0.07,16.16,24.31,24.31,24.31,24.31,24.42,24.42,24.42,24.39,24.24,25.99,25.99,25.99,25.99,25.26,25.99,25.99,25.91,25.91,25.91,25.91,25.91,25.84,25.91,25.91,25.91,26.06,26.06,25.91,23.76,10.57,22.44,26.61,14.18,16.35,19.64,15.99,9.36,15.32,99.23,99.16,99.65,99.65,99.65,,99.80,98.56,70.87,70.87,70.87,70.87,70.87,70.87,70.87,64.73,59.95,19.65,19.65,20.82,19.46,19.39,8.23,8.23,8.31,14.22,19.53,12.77,12.77,12.92,12.52,8.06
CAJZCY01_EVE007,6.75,14.61,14.74,13.42,24.33,24.24,26.36,26.57,26.14,26.36,11.11,26.03,23.41,29.91,25.74,27.55,27.55,25.49,25.49,25.49,25.49,25.49,25.27,25.27,25.49,25.49,25.49,25.27,25.38,25.49,25.27,28.65,25.92,26.14,26.14,14.25,22.76,26.93,22.00,0.00,0.00,0.00,0.14,29.17,23.08,22.51,23.31,0.00,16.16,24.06,24.06,24.06,24.06,24.06,24.06,24.06,24.06,23.95,26.37,26.37,26.37,26.37,25.31,26.37,26.37,26.26,26.26,26.26,26.16,26.16,26.16,26.26,26.26,26.26,26.48,26.48,26.16,23.09,10.57,21.76,26.61,13.84,16.05,18.53,15.84,9.36,16.06,99.31,99.31,99.61,99.61,99.61,99.80,,98.56,70.87,70.87,70.87,70.87,70.87,70.87,70.87,63.26,59.95,20.27,20.37,20.82,20.11,20.02,8.19,8.19,8.28,14.22,20.32,12.77,12.77,12.92,12.52,7.88
CAJZCY01_EVE012,8.32,22.98,22.98,14.51,26.16,25.96,23.88,23.88,24.16,24.44,0.00,26.40,23.71,29.91,22.86,26.12,26.12,25.56,25.56,25.84,25.84,25.84,25.56,25.56,25.56,25.56,25.56,25.56,25.56,25.56,25.56,24.39,26.69,26.97,26.97,14.25,20.34,24.00,22.00,0.00,0.00,0.00,0.00,29.17,23.08,18.76,20.06,0.00,16.16,28.45,28.45,28.45,28.45,28.45,28.45,28.45,28.45,28.45,28.45,28.45,28.45,28.45,24.64,28.45,28.45,28.45,28.45,28.45,28.45,28.45,28.16,28.45,28.16,28.16,28.45,28.45,28.45,26.15,10.57,20.55,26.61,22.39,23.60,14.11,24.02,12.57,22.86,98.35,98.35,98.56,98.56,98.56,98.56,98.56,,72.22,72.22,72.22,72.22,72.22,72.22,72.22,70.58,70.58,19.44,19.44,19.44,19.44,19.44,13.03,13.03,13.24,20.54,27.78,15.92,15.92,16.12,17.07,14.51
CAJZCY01_EVE026,10.53,16.88,17.10,16.16,25.69,25.69,26.04,26.04,26.24,26.04,0.00,26.64,24.50,20.00,23.90,27.24,27.24,27.24,27.24,27.44,27.44,27.44,27.24,27.24,27.24,27.24,27.24,27.24,27.04,27.04,27.04,25.95,27.44,28.03,28.03,0.00,27.90,28.25,0.00,0.00,0.00,0.00,0.00,0.00,0.00,25.35,26.04,0.00,0.00,23.97,23.97,23.97,23.97,23.97,23.97,23.97,23.97,23.77,25.83,25.83,25.83,25.83,24.93,25.83,25.83,25.64,25.64,25.64,25.44,25.44,25.44,25.64,25.44,25.44,25.83,25.83,25.44,22.20,0.00,23.74,0.00,17.59,17.77,21.20,23.56,10.10,19.67,70.87,70.87,70.87,70.87,70.87,70.87,70.87,72.22,,100.00,100.00,100.00,100.00,100.00,100.00,66.39,66.39,25.53,25.14,24.86,25.05,25.05,12.73,12.73,12.73,17.82,21.66,12.67,12.67,12.67,17.41,10.65
CAJZCY01_EVE027,10.53,16.88,17.10,16.16,25.69,25.69,26.04,26.04,26.24,26.04,0.00,26.64,24.50,20.00,23.90,27.24,27.24,27.24,27.24,27.44,27.44,27.44,27.24,27.24,27.24,27.24,27.24,27.24,27.04,27.04,27.04,25.95,27.44,28.03,28.03,0.00,27.90,28.25,0.00,0.00,0.00,0.00,0.00,0.00,0.00,25.35,26.04,0.00,0.00,23.97,23.97,23.97,23.97,23.97,23.97,23.97,23.97,23.77,25.83,25.83,25.83,25.83,24.93,25.83,25.83,25.64,25.64,25.64,25.44,25.44,25.44,25.64,25.44,25.44,25.83,25.83,25.44,22.20,0.00,23.74,0.00,17.59,17.77,21.20,23.56,10.10,19.67,70.87,70.87,70.87,70.87,70.87,70.87,70.87,72.22,100.00,,100.00,100.00,100.00,100.00,100.00,66.39,66.39,25.53,25.14,24.86,25.05,25.05,12.73,12.73,12.73,17.82,21.66,12.67,12.67,12.67,17.41,10.65
CAJZCY01_EVE028,10.53,16.88,17.10,16.16,25.69,25.69,26.04,26.04,26.24,26.04,0.00,26.64,24.50,20.00,23.90,27.24,27.24,27.24,27.24,27.44,27.44,27.44,27.24,27.24,27.24,27.24,27.24,27.24,27.04,27.04,27.04,25.95,27.44,28.03,28.03,0.00,27.90,28.25,0.00,0.00,0.00,0.00,0.00,0.00,0.00,25.35,26.04,0.00,0.00,23.97,23.97,23.97,23.97,23.97,23.97,23.97,23.97,23.77,25.83,25.83,25.83,25.83,24.93,25.83,25.83,25.64,25.64,25.64,25.44,25.44,25.44,25.64,25.44,25.44,25.83,25.83,25.44,22.20,0.00,23.74,0.00,17.59,17.77,21.20,23.56,10.10,19.67,70.87,70.87,70.87,70.87,70.87,70.87,70.87,72.22,100.00,100.00,,100.00,100.00,100.00,100.00,66.39,66.39,25.53,25.14,24.86,25.05,25.05,12.73,12.73,12.73,17.82,21.66,12.67,12.67,12.67,17.41,10.65
CAJZCY01_EVE029,10.53,16.88,17.10,16.16,25.69,25.69,26.04,26.04,26.24,26.04,0.00,26.64,24.50,20.00,23.90,27.24,27.24,27.24,27.24,27.44,27.44,27.44,27.24,27.24,27.24,27.24,27.24,27.24,27.04,27.04,27.04,25.95,27.44,28.03,28.03,0.00,27.90,28.25,0.00,0.00,0.00,0.00,0.00,0.00,0.00,25.35,26.04,0.00,0.00,23.97,23.97,23.97,23.97,23.97,23.97,23.97,23.97,23.77,25.83,25.83,25.83,25.83,24.93,25.83,25.83,25.64,25.64,25.64,25.44,25.44,25.44,25.64,25.44,25.44,25.83,25.83,25.44,22.20,0.00,23.74,0.00,17.59,17.77,21.20,23.56,10.10,19.67,70.87,70.87,70.87,70.87,70.87,70.87,70.87,72.22,100.00,100.00,100.00,,100.00,100.00,100.00,66.39,66.39,25.53,25.14,24.86,25.05,25.05,12.73,12.73,12.73,17.82,21.66,12.67,12.67,12.67,17.41,10.65
CAJZCY01_EVE030,10.53,16.88,17.10,16.16,25.69,25.69,26.04,26.04,26.24,26.04,0.00,26.64,24.50,20.00,23.90,27.24,27.24,27.24,27.24,27.44,27.44,27.44,27.24,27.24,27.24,27.24,27.24,27.24,27.04,27.04,27.04,25.95,27.44,28.03,28.03,0.00,27.90,28.25,0.00,0.00,0.00,0.00,0.00,0.00,0.00,25.35,26.04,0.00,0.00,23.97,23.97,23.97,23.97,23.97,23.97,23.97,23.97,23.77,25.83,25.83,25.83,25.83,24.93,25.83,25.83,25.64,25.64,25.64,25.44,25.44,25.44,25.64,25.44,25.44,25.83,25.83,25.44,22.20,0.00,23.74,0.00,17.59,17.77,21.20,23.56,10.10,19.67,70.87,70.87,70.87,70.87,70.87,70.87,70.87,72.22,100.00,100.00,100.00,100.00,,100.00,100.00,66.39,66.39,25.53,25.14,24.86,25.05,25.05,12.73,12.73,12.73,17.82,21.66,12.67,12.67,12.67,17.41,10.65
CAJZCY01_EVE031,10.53,16.88,17.10,16.16,25.69,25.69,26.04,26.04,26.24,26.04,0.00,26.64,24.50,20.00,23.90,27.24,27.24,27.24,27.24,27.44,27.44,27.44,27.24,27.24,27.24,27.24,27.24,27.24,27.04,27.04,27.04,25.95,27.44,28.03,28.03,0.00,27.90,28.25,0.00,0.00,0.00,0.00,0.00,0.00,0.00,25.35,26.04,0.00,0.00,23.97,23.97,23.97,23.97,23.97,23.97,23.97,23.97,23.77,25.83,25.83,25.83,25.83,24.93,25.83,25.83,25.64,25.64,25.64,25.44,25.44,25.44,25.64,25.44,25.44,25.83,25.83,25.44,22.20,0.00,23.74,0.00,17.59,17.77,21.20,23.56,10.10,19.67,70.87,70.87,70.87,70.87,70.87,70.87,70.87,72.22,100.00,100.00,100.00,100.00,100.00,,100.00,66.39,66.39,25.53,25.14,24.86,25.05,25.05,12.73,12.73,12.73,17.82,21.66,12.67,12.67,12.67,17.41,10.65
CAJZCY01_EVE032,10.53,16.88,17.10,16.16,25.69,25.69,26.04,26.04,26.24,26.04,0.00,26.64,24.50,20.00,23.90,27.24,27.24,27.24,27.24,27.44,27.44,27.44,27.24,27.24,27.24,27.24,27.24,27.24,27.04,27.04,27.04,25.95,27.44,28.03,28.03,0.00,27.90,28.25,0.00,0.00,0.00,0.00,0.00,0.00,0.00,25.35,26.04,0.00,0.00,23.97,23.97,23.97,23.97,23.97,23.97,23.97,23.97,23.77,25.83,25.83,25.83,25.83,24.93,25.83,25.83,25.64,25.64,25.64,25.44,25.44,25.44,25.64,25.44,25.44,25.83,25.83,25.44,22.20,0.00,23.74,0.00,17.59,17.77,21.20,23.56,10.10,19.67,70.87,70.87,70.87,70.87,70.87,70.87,70.87,72.22,100.00,100.00,100.00,100.00,100.00,100.00,,66.39,66.39,25.53,25.14,24.86,25.05,25.05,12.73,12.73,12.73,17.82,21.66,12.67,12.67,12.67,17.41,10.65
CAJZCY01_EVE019,6.85,13.83,13.83,12.63,25.76,25.60,27.03,27.21,27.30,27.72,23.35,26.85,25.07,33.64,26.63,27.57,27.57,27.57,27.57,27.48,27.48,27.48,27.48,27.48,27.66,27.66,27.75,27.39,27.39,27.57,27.39,24.86,26.85,26.85,26.85,14.55,22.28,27.68,20.75,0.00,0.00,12.50,0.00,24.07,20.69,23.82,23.16,0.00,16.16,26.16,26.16,26.16,26.16,26.16,26.07,26.07,26.16,26.07,26.30,26.30,26.39,26.39,24.89,26.30,26.30,26.21,26.21,26.21,26.12,26.12,26.12,26.21,26.12,26.12,26.21,26.21,26.21,25.52,11.80,22.92,23.85,14.76,16.44,18.58,16.96,9.63,16.25,64.65,64.65,64.65,64.65,64.65,64.73,63.26,70.58,66.39,66.39,66.39,66.39,66.39,66.39,66.39,,90.93,21.81,21.74,22.71,21.68,21.60,8.12,8.12,8.12,14.51,19.52,10.86,10.86,11.16,15.60,8.50
CAJZCY01_EVE020,6.70,16.70,16.70,12.33,26.34,26.21,29.67,29.67,29.34,29.84,0.00,28.52,28.31,33.64,27.65,29.34,29.34,30.49,30.49,30.16,30.16,30.16,30.16,30.16,30.49,30.49,30.66,30.16,30.33,30.49,30.33,24.86,29.02,29.34,29.34,14.55,22.84,29.65,20.75,0.00,0.00,12.50,0.00,24.07,20.69,23.24,23.14,0.00,16.16,26.52,26.52,26.52,26.52,26.52,26.52,26.52,26.52,26.35,27.24,27.24,27.08,27.08,24.57,27.24,27.24,27.08,27.08,27.08,26.92,26.92,26.92,27.08,26.92,26.92,27.24,27.24,27.08,25.17,11.80,20.76,23.85,18.18,20.02,17.61,20.37,9.57,21.80,60.08,60.08,59.95,59.95,59.95,59.95,59.95,70.58,66.39,66.39,66.39,66.39,66.39,66.39,66.39,90.93,,24.09,24.09,22.71,23.88,23.88,9.36,9.36,9.36,16.88,22.14,10.86,10.86,11.16,17.84,10.29
CALTRM01_EVE004,8.44,13.02,13.02,13.98,24.33,24.18,28.69,28.69,28.77,29.02,22.34,28.36,25.15,26.72,26.60,27.53,27.53,27.94,28.03,28.03,28.03,28.03,27.86,27.86,27.94,27.94,27.86,27.94,27.94,27.86,27.94,33.14,27.20,27.45,27.45,9.25,20.74,27.86,12.90,12.05,0.00,9.47,1.98,15.60,14.48,23.54,23.61,0.00,10.82,23.17,23.17,23.26,23.26,23.61,23.61,23.52,23.26,23.43,24.94,24.94,24.94,24.94,24.75,25.02,25.02,24.94,25.02,25.02,25.02,25.02,24.86,24.94,24.94,24.94,24.86,24.86,24.94,22.46,8.55,19.99,9.56,17.43,16.79,18.33,14.29,9.81,16.42,19.85,19.85,19.78,19.78,19.78,19.65,20.27,19.44,25.53,25.53,25.53,25.53,25.53,25.53,25.53,21.81,24.09,,99.65,98.68,97.89,97.89,9.92,9.92,9.92,12.68,17.12,12.55,12.55,12.17,16.41,9.27
CALTRM01_EVE005,8.44,13.13,13.13,14.16,24.49,24.33,28.77,28.77,28.69,29.19,22.34,28.19,25.24,26.72,26.68,27.61,27.61,28.03,28.11,28.11,28.11,28.11,27.94,27.94,28.03,28.03,27.94,28.03,28.03,27.94,28.03,33.14,27.28,27.53,27.53,9.03,20.74,27.95,12.90,12.05,0.00,9.47,1.98,15.60,14.48,23.54,23.54,0.00,10.59,23.26,23.26,23.34,23.34,23.69,23.69,23.61,23.34,23.51,25.02,25.02,25.02,25.02,24.85,25.10,25.10,25.02,25.10,25.10,25.10,25.10,24.94,25.02,25.02,25.02,24.94,24.94,25.02,22.55,8.29,19.88,9.56,17.43,16.63,18.33,14.39,9.81,16.34,19.85,19.85,19.78,19.78,19.78,19.65,20.37,19.44,25.14,25.14,25.14,25.14,25.14,25.14,25.14,21.74,24.09,99.65,,99.12,98.25,98.25,9.82,9.82,9.82,12.68,17.03,12.73,12.73,12.36,16.41,9.38
CAJZCY01_EVE022,10.55,22.30,22.30,15.80,24.44,24.25,32.18,32.18,32.43,32.67,0.00,33.66,29.62,27.59,29.37,32.43,32.43,32.18,32.18,32.43,32.43,32.43,32.18,32.18,32.18,32.18,31.93,32.18,32.18,32.18,32.18,32.74,31.19,30.94,30.94,9.25,19.12,31.82,13.44,13.25,0.00,9.47,2.81,16.31,15.17,20.19,19.83,0.00,11.06,26.57,26.57,26.81,26.81,26.81,26.81,26.57,26.57,26.81,26.81,26.81,26.81,26.81,26.87,26.81,26.81,26.81,27.05,27.05,26.81,26.81,26.57,26.81,26.81,26.81,26.81,26.81,26.57,23.49,8.29,17.39,10.29,23.59,18.86,15.85,16.98,13.40,22.97,21.00,21.00,20.82,20.82,20.82,20.82,20.82,19.44,24.86,24.86,24.86,24.86,24.86,24.86,24.86,22.71,22.71,98.68,99.12,,99.78,99.56,12.95,12.95,12.95,16.95,23.64,16.26,16.26,15.78,23.09,16.13
CAJZCY01_EVE024,8.67,13.32,13.32,14.52,24.76,24.60,28.98,28.98,28.89,29.39,22.34,28.31,25.17,27.59,26.63,27.64,27.64,27.81,27.89,27.89,27.89,27.89,27.73,27.73,27.81,27.81,27.73,27.81,27.81,27.73,27.81,33.14,27.06,27.31,27.31,9.25,20.54,27.80,13.44,13.25,0.00,9.47,2.18,16.31,15.17,23.95,23.62,0.00,11.06,23.36,23.36,23.44,23.44,23.79,23.79,23.71,23.44,23.61,25.12,25.12,25.12,25.12,24.87,25.21,25.21,25.12,25.21,25.21,25.04,25.04,25.04,25.12,25.12,25.12,25.04,25.04,24.96,22.64,8.29,19.99,10.29,17.67,16.81,18.25,14.60,10.19,16.50,19.66,19.66,19.59,19.59,19.59,19.46,20.11,19.44,25.05,25.05,25.05,25.05,25.05,25.05,25.05,21.68,23.88,97.89,98.25,99.78,,99.82,9.96,9.96,9.96,12.97,17.32,13.08,13.08,12.69,16.67,9.52
CAJZCY01_EVE023,8.67,13.32,13.32,14.52,24.76,24.60,28.98,28.98,28.89,29.39,22.34,28.31,25.17,27.59,26.63,27.64,27.64,27.81,27.89,27.89,27.89,27.89,27.73,27.73,27.81,27.81,27.73,27.81,27.81,27.73,27.81,33.14,27.06,27.31,27.31,9.03,20.43,27.80,12.90,12.05,0.00,9.47,2.02,15.60,14.48,23.87,23.55,0.00,10.82,23.36,23.36,23.44,23.44,23.79,23.79,23.71,23.44,23.61,25.12,25.12,25.12,25.12,24.87,25.21,25.21,25.12,25.21,25.21,25.04,25.04,25.04,25.12,25.12,25.12,25.04,25.04,24.96,22.64,8.29,19.93,9.56,17.67,16.81,18.20,14.60,10.19,16.42,19.59,19.59,19.53,19.53,19.53,19.39,20.02,19.44,25.05,25.05,25.05,25.05,25.05,25.05,25.05,21.60,23.88,97.89,98.25,99.56,99.82,,9.96,9.96,9.96,12.97,17.24,13.08,13.08,12.69,16.67,9.52
CALTRM01_EVE008,10.71,11.84,11.84,18.40,11.28,11.28,11.09,11.09,11.09,11.15,11.24,11.09,11.16,3.81,10.68,10.95,10.95,11.58,11.58,11.68,11.68,11.68,11.58,11.58,11.58,11.58,11.58,11.47,11.58,11.58,11.58,17.06,11.58,11.37,11.37,2.19,9.73,12.30,1.15,0.00,0.00,0.00,0.00,4.76,4.76,8.52,8.88,0.00,2.52,11.86,11.86,11.86,11.86,11.86,11.86,11.86,11.74,11.86,11.12,11.12,11.12,11.12,10.43,11.12,11.12,11.12,11.02,11.02,11.12,11.12,11.12,11.12,11.12,11.12,11.02,11.02,11.12,11.31,1.59,6.83,9.35,12.38,11.10,5.60,19.03,13.75,8.13,8.15,8.15,8.23,8.23,8.23,8.23,8.19,13.03,12.73,12.73,12.73,12.73,12.73,12.73,12.73,8.12,9.36,9.92,9.82,12.95,9.96,9.96,,100.00,99.07,12.64,11.27,11.48,11.48,11.76,14.97,9.94
CALTRM01_EVE009,10.71,11.84,11.84,18.40,11.28,11.28,11.09,11.09,11.09,11.15,11.24,11.09,11.16,3.81,10.68,10.95,10.95,11.58,11.58,11.68,11.68,11.68,11.58,11.58,11.58,11.58,11.58,11.47,11.58,11.58,11.58,17.06,11.58,11.37,11.37,2.19,9.73,12.30,1.15,0.00,0.00,0.00,0.00,4.76,4.76,8.52,8.88,0.00,2.52,11.86,11.86,11.86,11.86,11.86,11.86,11.86,11.74,11.86,11.12,11.12,11.12,11.12,10.43,11.12,11.12,11.12,11.02,11.02,11.12,11.12,11.12,11.12,11.12,11.12,11.02,11.02,11.12,11.31,1.59,6.83,9.35,12.38,11.10,5.60,19.03,13.75,8.13,8.15,8.15,8.23,8.23,8.23,8.23,8.19,13.03,12.73,12.73,12.73,12.73,12.73,12.73,12.73,8.12,9.36,9.92,9.82,12.95,9.96,9.96,100.00,,99.07,12.64,11.27,11.48,11.48,11.76,14.97,9.94
CAJZCY01_EVE033,11.04,11.84,11.84,18.40,11.38,11.38,10.98,10.98,10.98,11.04,11.24,10.98,10.93,3.81,10.47,10.84,10.84,11.58,11.58,11.68,11.68,11.68,11.58,11.58,11.58,11.58,11.58,11.47,11.58,11.58,11.58,17.06,11.47,11.26,11.26,2.19,9.61,12.18,1.15,0.00,0.00,0.00,0.00,4.76,4.76,8.43,8.80,0.00,2.52,11.74,11.74,11.74,11.74,11.74,11.74,11.74,11.63,11.74,11.02,11.02,11.02,11.02,10.43,11.02,11.02,11.02,10.91,10.91,11.02,11.02,11.02,11.02,11.02,11.02,10.91,10.91,11.02,11.31,1.59,6.76,9.35,12.38,10.97,5.49,19.03,14.06,8.13,8.23,8.23,8.31,8.31,8.31,8.31,8.28,13.24,12.73,12.73,12.73,12.73,12.73,12.73,12.73,8.12,9.36,9.92,9.82,12.95,9.96,9.96,99.07,99.07,,12.45,11.14,11.48,11.48,11.76,14.97,9.72
CAJZCY01_EVE014,9.50,14.50,14.50,14.37,15.10,14.98,15.93,15.93,15.68,16.06,50.00,16.06,14.80,15.09,13.47,14.75,14.75,16.13,16.13,16.00,16.00,16.00,16.25,16.25,16.13,16.13,16.13,16.00,16.00,16.00,16.00,22.95,15.63,15.75,15.75,7.75,15.18,17.16,23.15,0.00,0.00,20.00,1.16,25.00,21.67,13.97,13.62,0.00,10.26,16.16,16.16,16.16,16.16,16.16,16.03,16.16,16.16,16.16,16.27,16.27,16.27,16.27,14.31,16.27,16.27,16.27,16.27,16.27,16.27,16.27,16.15,16.27,16.27,16.27,16.27,16.27,16.27,13.80,10.37,12.60,23.19,19.35,19.57,10.04,20.85,16.78,20.73,14.31,14.31,14.13,14.13,14.13,14.22,14.22,20.54,17.82,17.82,17.82,17.82,17.82,17.82,17.82,14.51,16.88,12.68,12.68,16.95,12.97,12.97,12.64,12.64,12.45,,20.30,17.08,17.08,17.30,17.32,17.16
CAJZCY01_EVE017,11.74,14.97,14.97,15.72,20.31,20.58,22.22,22.32,22.42,22.14,16.75,23.01,19.84,28.21,20.25,22.65,22.65,21.57,21.57,21.76,21.76,21.76,21.57,21.57,21.67,21.67,21.67,21.57,21.47,21.57,21.57,24.31,21.96,21.76,21.76,11.97,19.37,21.05,18.18,25.00,0.00,12.50,1.41,30.00,25.68,21.20,18.71,0.00,18.21,20.71,20.71,20.61,20.61,20.71,20.61,20.51,20.71,20.61,20.59,20.59,20.59,20.59,17.80,20.59,20.59,20.59,20.59,20.59,20.59,20.59,20.49,20.69,20.69,20.69,20.69,20.69,20.69,19.34,13.52,16.44,20.14,19.02,19.71,13.13,23.07,10.31,20.29,19.76,19.76,19.61,19.61,19.61,19.53,20.32,27.78,21.66,21.66,21.66,21.66,21.66,21.66,21.66,19.52,22.14,17.12,17.03,23.64,17.32,17.24,11.27,11.27,11.14,20.30,,15.71,15.71,15.71,21.81,14.93
CALTRM01_EVE006,16.91,19.05,19.05,16.76,11.42,11.23,18.02,18.02,18.22,17.62,0.00,17.03,16.84,33.94,16.60,16.93,16.93,17.13,17.13,17.32,17.32,17.32,17.13,17.13,17.13,17.13,17.13,17.13,17.13,17.13,17.13,16.57,17.32,17.32,17.32,0.82,11.05,13.87,3.53,0.00,0.00,0.00,0.00,5.00,5.00,11.76,9.23,0.00,4.75,16.63,16.63,16.63,16.63,16.63,16.63,16.63,16.63,16.63,16.63,16.63,16.63,16.63,11.19,16.63,16.63,16.63,16.63,16.63,16.63,16.63,16.43,16.63,16.43,16.43,16.63,16.63,16.63,15.37,1.95,7.60,1.90,20.20,14.16,8.11,17.61,22.10,17.32,12.92,12.92,12.77,12.77,12.77,12.77,12.77,15.92,12.67,12.67,12.67,12.67,12.67,12.67,12.67,10.86,10.86,12.55,12.73,16.26,13.08,13.08,11.48,11.48,11.48,17.08,15.71,,100.00,98.48,16.35,31.19
CALTRM01_EVE007,16.91,19.05,19.05,16.76,11.42,11.23,18.02,18.02,18.22,17.62,0.00,17.03,16.84,33.94,16.60,16.93,16.93,17.13,17.13,17.32,17.32,17.32,17.13,17.13,17.13,17.13,17.13,17.13,17.13,17.13,17.13,16.57,17.32,17.32,17.32,0.82,11.05,13.87,3.53,0.00,0.00,0.00,0.00,5.00,5.00,11.76,9.23,0.00,4.75,16.63,16.63,16.63,16.63,16.63,16.63,16.63,16.63,16.63,16.63,16.63,16.63,16.63,11.19,16.63,16.63,16.63,16.63,16.63,16.63,16.63,16.43,16.63,16.43,16.43,16.63,16.63,16.63,15.37,1.95,7.60,1.90,20.20,14.16,8.11,17.61,22.10,17.32,12.92,12.92,12.77,12.77,12.77,12.77,12.77,15.92,12.67,12.67,12.67,12.67,12.67,12.67,12.67,10.86,10.86,12.55,12.73,16.26,13.08,13.08,11.48,11.48,11.48,17.08,15.71,100.00,,98.48,16.35,31.19
CAJZCY01_EVE025,16.54,17.86,17.86,15.92,11.60,11.42,18.02,18.02,18.22,17.62,0.00,17.23,17.04,34.86,16.80,17.13,17.13,17.32,17.32,17.52,17.52,17.52,17.32,17.32,17.32,17.32,17.32,17.32,17.32,17.32,17.32,16.57,17.52,17.52,17.52,0.82,11.16,13.87,3.53,0.00,0.00,0.00,0.00,5.00,5.00,11.76,9.35,0.00,5.06,16.63,16.63,16.63,16.63,16.63,16.63,16.63,16.63,16.63,16.63,16.63,16.63,16.63,10.85,16.63,16.63,16.63,16.63,16.63,16.63,16.63,16.43,16.63,16.43,16.43,16.63,16.63,16.63,15.57,2.33,7.71,1.90,20.20,14.16,8.02,17.83,22.46,17.50,13.07,13.07,12.92,12.92,12.92,12.92,12.92,16.12,12.67,12.67,12.67,12.67,12.67,12.67,12.67,11.16,11.16,12.17,12.36,15.78,12.69,12.69,11.76,11.76,11.76,17.30,15.71,98.48,98.48,,16.56,30.85
CAJZCY01_EVE035,13.95,20.14,20.14,19.71,16.33,16.55,17.85,17.85,17.85,17.97,0.00,17.72,17.64,29.27,16.23,18.03,18.03,19.17,19.17,19.04,19.04,19.04,19.29,19.29,19.17,19.17,19.04,19.29,19.29,19.29,19.29,20.65,17.65,17.53,17.53,6.91,15.41,15.94,9.52,13.04,0.00,25.71,1.12,13.58,12.94,14.36,13.75,0.00,8.94,17.00,17.00,17.00,17.00,17.00,17.00,17.00,17.00,17.00,16.50,16.50,16.50,16.50,12.72,16.50,16.50,16.50,16.63,16.63,16.50,16.50,16.50,16.63,16.38,16.38,16.50,16.50,16.50,14.87,4.56,13.20,11.51,22.41,19.13,11.02,21.59,10.91,24.58,12.43,12.43,12.43,12.43,12.43,12.52,12.52,17.07,17.41,17.41,17.41,17.41,17.41,17.41,17.41,15.60,17.84,16.41,16.41,23.09,16.67,16.67,14.97,14.97,14.97,17.32,21.81,16.35,16.35,16.56,,15.67
CAJZCY01_EVE036,18.97,12.83,12.83,18.96,8.40,8.40,10.66,10.66,10.54,10.61,6.41,10.77,11.27,25.20,10.37,11.55,11.55,11.09,11.09,11.20,11.20,11.20,11.09,11.09,11.09,11.09,11.09,11.09,11.09,11.09,11.09,14.63,11.44,11.32,11.32,1.81,11.04,9.44,0.00,0.00,0.00,0.00,0.00,0.00,0.00,9.62,8.59,0.00,5.78,10.61,10.61,10.61,10.61,10.61,10.61,10.61,10.61,10.49,10.36,10.36,10.36,10.36,7.83,10.36,10.36,10.36,10.36,10.36,10.36,10.36,10.24,10.36,10.36,10.36,10.36,10.36,10.36,10.14,2.79,8.82,20.00,16.86,15.63,6.44,15.33,16.51,12.65,8.25,8.25,8.06,8.06,8.06,8.06,7.88,14.51,10.65,10.65,10.65,10.65,10.65,10.65,10.65,8.50,10.29,9.27,9.38,16.13,9.52,9.52,9.94,9.94,9.72,17.16,14.93,31.19,31.19,30.85,15.67,
