,CALSFZ01_EVE001,GCF_943737925.1_idAnoNiliSN_F5_01_genomic_EVE019,CALSFZ01_EVE002,GCF_943737925.1_idAnoNiliSN_F5_01_genomic_EVE016,CALSFZ01_EVE003,CALSFZ01_EVE004,GCF_943737925.1_idAnoNiliSN_F5_01_genomic_EVE017,CALSFZ01_EVE015,GCF_943737925.1_idAnoNiliSN_F5_01_genomic_EVE021,CALSFZ01_EVE008,GCF_943737925.1_idAnoNiliSN_F5_01_genomic_EVE009,GCF_943737925.1_idAnoNiliSN_F5_01_genomic_EVE011,CALSFZ01_EVE010,GCF_943737925.1_idAnoNiliSN_F5_01_genomic_EVE004,GCF_943737925.1_idAnoNiliSN_F5_01_genomic_EVE005,GCF_943737925.1_idAnoNiliSN_F5_01_genomic_EVE006,GCF_943737925.1_idAnoNiliSN_F5_01_genomic_EVE007,GCF_943737925.1_idAnoNiliSN_F5_01_genomic_EVE008,CALSFZ01_EVE011,GCF_943737925.1_idAnoNiliSN_F5_01_genomic_EVE012,GCF_943737925.1_idAnoNiliSN_F5_01_genomic_EVE013,CALSFZ01_EVE009,GCF_943737925.1_idAnoNiliSN_F5_01_genomic_EVE003,CALSFZ01_EVE012,CALSFZ01_EVE013,CALSFZ01_EVE014,GCF_943737925.1_idAnoNiliSN_F5_01_genomic_EVE010,GCF_943737925.1_idAnoNiliSN_F5_01_genomic_EVE020,GCF_943737925.1_idAnoNiliSN_F5_01_genomic_EVE018,CALSFZ01_EVE005,GCF_943737925.1_idAnoNiliSN_F5_01_genomic_EVE022,CALSFZ01_EVE018,GCF_943737925.1_idAnoNiliSN_F5_01_genomic_EVE023,CALSFZ01_EVE019,GCF_943737925.1_idAnoNiliSN_F5_01_genomic_EVE027,CALSFZ01_EVE022,GCF_943737925.1_idAnoNiliSN_F5_01_genomic_EVE026,CALSFZ01_EVE028,GCF_943737925.1_idAnoNiliSN_F5_01_genomic_EVE037,GCF_943737925.1_idAnoNiliSN_F5_01_genomic_EVE024,GCF_943737925.1_idAnoNiliSN_F5_01_genomic_EVE040 (reversed),GCF_943737925.1_idAnoNiliSN_F5_01_genomic_EVE041 (reversed),CALSFZ01_EVE035,CALSFZ01_EVE038,GCF_943737925.1_idAnoNiliSN_F5_01_genomic_EVE043,GCF_943737925.1_idAnoNiliSN_F5_01_genomic_EVE056,GCF_943737925.1_idAnoNiliSN_F5_01_genomic_EVE055,GCF_943737925.1_idAnoNiliSN_F5_01_genomic_EVE057,GCF_943737925.1_idAnoNiliSN_F5_01_genomic_EVE058,CALSFZ01_EVE036,GCF_943737925.1_idAnoNiliSN_F5_01_genomic_EVE049,GCF_943737925.1_idAnoNiliSN_F5_01_genomic_EVE051,GCF_943737925.1_idAnoNiliSN_F5_01_genomic_EVE052,GCF_943737925.1_idAnoNiliSN_F5_01_genomic_EVE050,GCF_943737925.1_idAnoNiliSN_F5_01_genomic_EVE034,CALSFZ01_EVE006,CALSFZ01_EVE024,CALSFZ01_EVE025,CALSFZ01_EVE026,CALSFZ01_EVE027,GCF_943737925.1_idAnoNiliSN_F5_01_genomic_EVE030,GCF_943737925.1_idAnoNiliSN_F5_01_genomic_EVE031,GCF_943737925.1_idAnoNiliSN_F5_01_genomic_EVE032,GCF_943737925.1_idAnoNiliSN_F5_01_genomic_EVE033,GCF_943737925.1_idAnoNiliSN_F5_01_genomic_EVE028,GCF_943737925.1_idAnoNiliSN_F5_01_genomic_EVE029,CALSFZ01_EVE023,GCF_943737925.1_idAnoNiliSN_F5_01_genomic_EVE001,CALSFZ01_EVE021,GCF_943737925.1_idAnoNiliSN_F5_01_genomic_EVE025,CALSFZ01_EVE007,CALSFZ01_EVE020,GCF_943737925.1_idAnoNiliSN_F5_01_genomic_EVE002,CALSFZ01_EVE030,GCF_943737925.1_idAnoNiliSN_F5_01_genomic_EVE038,GCF_943737925.1_idAnoNiliSN_F5_01_genomic_EVE039,CALSFZ01_EVE032,GCF_943737925.1_idAnoNiliSN_F5_01_genomic_EVE047,GCF_943737925.1_idAnoNiliSN_F5_01_genomic_EVE048,CALSFZ01_EVE031,GCF_943737925.1_idAnoNiliSN_F5_01_genomic_EVE046,GCF_943737925.1_idAnoNiliSN_F5_01_genomic_EVE044,GCF_943737925.1_idAnoNiliSN_F5_01_genomic_EVE045,CALSFZ01_EVE016,GCF_943737925.1_idAnoNiliSN_F5_01_genomic_EVE014,CALSFZ01_EVE017,GCF_943737925.1_idAnoNiliSN_F5_01_genomic_EVE015,CALSFZ01_EVE033,GCF_943737925.1_idAnoNiliSN_F5_01_genomic_EVE053,CALSFZ01_EVE029 (reversed)
CALSFZ01_EVE001,,97.3361,98.3607,95.2869,92.6230,92.0082,91.5984,92.9670,94.8770,90.7692,90.7692,90.5495,90.1099,90.3297,90.3297,90.3297,90.3297,90.3297,90.1099,90.1099,89.8901,90.1099,89.6703,89.4505,89.4505,89.4505,89.4505,93.0672,53.7190,22.6563,22.6563,16.6284,16.6284,21.1429,21.1429,14.9284,15.0615,33.3333,33.3333,11.7969,10.3746,10.2857,18.3206,18.1159,25.0000,18.4615,18.2418,18.4615,18.3130,18.3516,18.3516,0.0000,18.0220,34.4262,5.7457,19.4118,21.4660,21.4660,21.4660,21.4660,21.4660,21.4660,21.4660,21.4660,20.9424,20.9424,21.4660,21.0811,21.4660,20.9424,22.1591,23.6486,22.9581,26.2712,26.4069,26.4069,25.2983,25.2983,25.2983,26.9461,26.9461,26.9461,26.7465,24.0642,24.5989,24.8658,25.2236,23.2014,23.2143,25.7403
GCF_943737925.1_idAnoNiliSN_F5_01_genomic_EVE019,97.3361,,96.7213,97.1311,91.1885,90.9836,90.9836,92.5275,93.0328,90.3297,90.3297,90.1099,89.6703,89.8901,89.8901,89.8901,89.8901,89.8901,89.6703,89.6703,89.4505,89.6703,89.2308,89.0110,89.0110,89.0110,89.0110,91.1765,52.0661,23.4375,23.4375,16.8578,16.8578,21.1429,21.1429,14.6217,14.7541,34.6667,34.6667,11.8750,9.7983,9.7143,18.3206,17.3913,25.0000,18.4615,18.2418,18.4615,18.3130,18.3516,18.3516,0.0000,18.0220,34.4262,5.9902,19.4118,21.4660,21.4660,21.4660,21.4660,21.4660,21.4660,21.4660,21.4660,20.9424,20.9424,21.4660,21.0811,21.4660,20.9424,22.1591,22.7477,22.2958,26.2712,26.4069,26.4069,25.0597,25.0597,25.0597,26.7465,26.7465,26.7465,26.5469,23.8859,24.4207,24.6869,25.0447,24.2806,24.2857,25.5125
CALSFZ01_EVE002,98.3607,96.7213,,95.0820,92.8279,91.8033,91.3934,92.3077,93.8525,90.1099,90.1099,89.8901,89.4505,89.6703,89.6703,89.6703,89.6703,89.6703,89.8901,89.4505,89.2308,89.4505,89.0110,88.7912,88.7912,88.7912,88.7912,92.2269,52.8926,23.4375,23.4375,16.7431,16.7431,21.1429,21.1429,15.0307,15.1639,36.0000,36.0000,11.8750,10.0865,10.0000,18.1025,18.1159,33.3333,18.2418,18.0220,18.2418,17.9800,18.1319,18.1319,0.0000,17.6923,34.4262,5.8752,19.4118,21.4660,21.4660,21.4660,21.4660,21.4660,21.4660,21.4660,21.4660,20.9424,20.9424,21.4660,21.0811,21.4660,20.9424,22.1591,23.6486,23.1788,26.0593,26.1905,26.1905,25.0597,25.0597,25.0597,26.9461,26.9461,26.9461,26.7465,24.5989,25.1337,25.4025,25.7603,23.5612,23.5714,25.5708
GCF_943737925.1_idAnoNiliSN_F5_01_genomic_EVE016,95.2869,97.1311,95.0820,,91.3934,91.1885,91.5984,91.2088,90.9836,89.0110,89.0110,89.2308,88.3516,88.5714,88.5714,88.5714,88.5714,88.5714,88.3516,88.3516,88.1319,88.3516,87.9121,87.6923,87.6923,87.6923,87.6923,90.3361,51.2397,23.8281,23.8281,16.8578,16.8578,20.5714,20.5714,14.5194,14.6516,36.0000,36.0000,11.9531,10.3746,10.0000,18.3206,18.1159,25.0000,18.6813,18.4615,18.6813,18.5350,18.5714,18.5714,0.0000,17.5824,27.8689,5.9902,21.1765,23.0366,23.0366,23.0366,23.0366,23.0366,23.0366,23.0366,23.0366,23.5602,23.5602,24.0838,23.2432,23.0366,23.5602,22.7273,23.6486,22.7373,25.8475,25.9740,25.9740,24.8210,24.8210,24.8210,26.5469,26.5469,26.5469,26.3473,23.7077,24.2424,24.6869,24.8658,23.7410,23.7500,24.8292
CALSFZ01_EVE003,92.6230,91.1885,92.8279,91.3934,,98.5043,98.0769,96.3218,97.2222,94.0230,94.0230,94.2529,93.3333,93.5632,93.5632,93.5632,93.5632,93.5632,93.3333,93.3333,93.1034,93.3333,92.8736,92.6437,92.6437,92.6437,92.6437,96.9298,59.9099,25.4237,25.4237,15.9587,15.9587,20.2857,20.8571,13.9059,14.0369,34.6667,34.6667,11.6406,11.0092,10.9091,17.6663,17.3913,33.3333,17.8022,17.4725,17.8022,17.5361,17.6923,17.6923,0.0000,17.3626,29.5082,5.2567,21.1765,23.0366,23.0366,23.0366,23.0366,23.0366,23.0366,23.0366,23.0366,23.0366,23.0366,23.5602,23.2432,23.0366,23.0366,22.7273,22.5000,21.8263,24.1525,24.8908,24.8908,23.3735,23.3735,23.3735,25.1509,25.1509,25.1509,24.9497,22.8007,23.3393,23.7838,23.7838,23.6599,23.6697,23.8532
CALSFZ01_EVE004,92.0082,90.9836,91.8033,91.1885,98.5043,,98.2906,95.8621,96.5812,93.5632,93.5632,93.7931,92.8736,93.1034,93.1034,93.1034,93.1034,93.1034,92.8736,92.8736,92.6437,93.1034,92.4138,92.1839,92.1839,92.1839,92.1839,96.0526,59.0090,26.2712,26.2712,16.3031,16.3031,20.5714,21.1429,13.9059,14.0369,33.3333,33.3333,11.5625,11.0092,10.9091,17.6663,16.6667,25.0000,17.8022,17.4725,17.8022,17.6471,17.6923,17.6923,0.0000,17.3626,31.1475,5.3790,21.1765,23.0366,23.0366,23.0366,23.0366,23.0366,23.0366,23.0366,23.0366,23.0366,23.0366,23.5602,23.2432,23.0366,23.0366,22.7273,22.9545,22.2717,24.5763,25.1092,25.1092,23.6145,23.6145,23.6145,25.5533,25.5533,25.5533,25.3521,22.4417,22.9803,23.4234,23.4234,23.6599,23.6697,24.3119
GCF_943737925.1_idAnoNiliSN_F5_01_genomic_EVE017,91.5984,90.9836,91.3934,91.5984,98.0769,98.2906,,95.4023,96.1538,93.1034,93.1034,93.3333,92.4138,92.6437,92.6437,92.6437,92.6437,92.6437,92.4138,92.4138,92.1839,92.4138,91.9540,91.7241,91.7241,91.7241,91.7241,95.6140,59.4595,26.2712,26.2712,16.1883,16.1883,20.8571,21.4286,13.5992,13.7295,34.6667,34.6667,11.7969,11.0092,10.6061,17.7754,17.3913,25.0000,17.9121,17.5824,17.9121,17.7580,17.8022,17.8022,0.0000,17.3626,29.5082,5.1345,21.1765,23.5602,23.5602,23.5602,23.5602,23.5602,23.5602,23.5602,23.5602,23.5602,23.5602,24.0838,23.7838,23.5602,23.5602,23.2955,23.1818,22.4944,24.7881,25.3275,25.3275,23.6145,23.6145,23.6145,25.3521,25.3521,25.3521,25.1509,23.3393,23.8779,24.3243,24.3243,24.0296,24.0367,23.8532
CALSFZ01_EVE015,92.9670,92.5275,92.3077,91.2088,96.3218,95.8621,95.4023,,97.9310,96.3218,96.3218,96.0920,95.6322,95.8621,95.8621,95.8621,95.8621,95.8621,95.6322,95.6322,95.4023,95.6322,95.1724,94.9425,94.9425,94.9425,94.9425,96.3218,57.1429,25.2294,25.2294,15.6325,15.6325,21.4286,21.4286,13.4392,13.5737,28.5714,28.5714,11.0666,11.0092,10.9091,17.0814,13.3333,0.0000,17.2178,16.8757,17.2178,17.2178,17.1038,17.1038,0.0000,16.8757,32.7869,4.4248,19.4118,21.4660,21.4660,21.4660,21.4660,21.4660,21.4660,21.4660,21.4660,20.9424,20.9424,21.4660,21.0811,21.4660,20.9424,22.1591,21.8182,21.5962,24.7881,25.3275,25.3275,23.3735,23.3735,23.3735,25.9023,25.9023,25.9023,25.6900,23.0916,23.6641,23.7548,24.1379,23.2877,23.3010,24.8260
GCF_943737925.1_idAnoNiliSN_F5_01_genomic_EVE021,94.8770,93.0328,93.8525,90.9836,97.2222,96.5812,96.1538,97.9310,,95.6322,95.6322,95.4023,94.9425,95.1724,95.1724,95.1724,95.1724,95.1724,94.9425,94.9425,94.7126,94.9425,94.4828,94.2529,94.2529,94.2529,94.2529,97.8070,59.4595,25.0000,25.0000,15.9587,15.9587,20.8571,20.8571,14.0082,14.1393,33.3333,33.3333,11.5625,11.0092,10.9091,17.8844,18.1159,25.0000,18.0220,17.6923,18.0220,17.8690,17.9121,17.9121,0.0000,17.9121,34.4262,5.1345,19.4118,21.4660,21.4660,21.4660,21.4660,21.4660,21.4660,21.4660,21.4660,20.9424,20.9424,21.4660,21.0811,21.4660,20.9424,22.1591,21.8182,21.1581,25.0000,25.5459,25.5459,24.0964,24.0964,24.0964,25.9557,25.9557,25.9557,25.7545,23.1598,23.6984,23.7838,24.1441,23.4750,23.4862,25.2294
CALSFZ01_EVE008,90.7692,90.3297,90.1099,89.0110,94.0230,93.5632,93.1034,96.3218,95.6322,,100.0000,99.7630,99.2891,99.5261,99.5261,99.5261,99.5261,99.5261,99.2891,99.2891,99.0521,99.2891,98.8152,98.5782,98.5782,98.5782,98.5782,94.0230,57.1429,25.2294,25.2294,15.6174,15.6174,21.5976,21.5976,13.2275,13.3616,28.5714,28.5714,10.5854,11.4650,11.3565,16.6290,13.3333,0.0000,16.7617,16.4196,16.7617,16.7617,16.6477,16.6477,0.0000,16.5525,32.7869,4.4248,21.5190,23.4637,23.4637,23.4637,23.4637,23.4637,23.4637,23.4637,23.4637,22.9050,22.9050,23.4637,23.1214,23.4637,22.9050,24.3902,22.4299,22.2222,25.2174,25.7848,25.7848,24.3176,24.3176,24.3176,26.3617,26.3617,26.3617,26.1438,23.0469,23.6328,23.7255,24.1176,23.4834,23.4951,25.4157
GCF_943737925.1_idAnoNiliSN_F5_01_genomic_EVE009,90.7692,90.3297,90.1099,89.0110,94.0230,93.5632,93.1034,96.3218,95.6322,100.0000,,99.7630,99.2891,99.5261,99.5261,99.5261,99.5261,99.5261,99.2891,99.2891,99.0521,99.2891,98.8152,98.5782,98.5782,98.5782,98.5782,94.0230,57.1429,25.2294,25.2294,15.6174,15.6174,21.5976,21.5976,13.2275,13.3616,28.5714,28.5714,10.5854,11.4650,11.3565,16.6290,13.3333,0.0000,16.7617,16.4196,16.7617,16.7617,16.6477,16.6477,0.0000,16.5525,32.7869,4.4248,21.5190,23.4637,23.4637,23.4637,23.4637,23.4637,23.4637,23.4637,23.4637,22.9050,22.9050,23.4637,23.1214,23.4637,22.9050,24.3902,22.4299,22.2222,25.2174,25.7848,25.7848,24.3176,24.3176,24.3176,26.3617,26.3617,26.3617,26.1438,23.0469,23.6328,23.7255,24.1176,23.4834,23.4951,25.4157
GCF_943737925.1_idAnoNiliSN_F5_01_genomic_EVE011,90.5495,90.1099,89.8901,89.2308,94.2529,93.7931,93.3333,96.0920,95.4023,99.7630,99.7630,,99.0521,99.2891,99.2891,99.2891,99.2891,99.2891,99.0521,99.0521,98.8152,99.0521,98.5782,98.3412,98.3412,98.3412,98.3412,94.2529,57.1429,25.2294,25.2294,15.4964,15.4964,21.5976,21.5976,13.3333,13.4677,28.5714,28.5714,10.5052,11.4650,11.3565,16.6290,13.3333,0.0000,16.7617,16.4196,16.7617,16.7617,16.6477,16.6477,0.0000,16.5525,32.7869,4.4248,22.1519,24.0223,24.0223,24.0223,24.0223,24.0223,24.0223,24.0223,24.0223,23.4637,23.4637,24.0223,23.6994,24.0223,23.4637,23.7805,22.6636,22.4638,25.2174,25.7848,25.7848,24.5658,24.5658,24.5658,26.5795,26.5795,26.5795,26.3617,23.0469,23.6328,23.7255,24.1176,23.4834,23.4951,25.4157
CALSFZ01_EVE010,90.1099,89.6703,89.4505,88.3516,93.3333,92.8736,92.4138,95.6322,94.9425,99.2891,99.2891,99.0521,,99.7630,99.7630,99.7630,99.7630,99.7630,99.5261,99.5261,99.2891,99.0521,98.5782,98.3412,98.3412,98.3412,98.3412,93.3333,56.6138,25.6881,25.6881,15.6174,15.6174,21.5976,21.5976,13.2275,13.2556,28.5714,28.5714,10.6656,11.1465,11.0410,16.6290,13.3333,0.0000,16.7617,16.4196,16.7617,16.7617,16.6477,16.6477,0.0000,16.8950,32.7869,4.5512,21.5190,23.4637,23.4637,23.4637,23.4637,23.4637,23.4637,23.4637,23.4637,22.9050,22.9050,23.4637,23.1214,23.4637,22.9050,24.3902,22.6636,22.4638,25.2174,25.7848,25.7848,24.3176,24.3176,24.3176,26.1438,26.1438,26.1438,25.9259,23.0469,23.6328,23.7255,24.1176,23.4834,23.4951,25.4157
GCF_943737925.1_idAnoNiliSN_F5_01_genomic_EVE004,90.3297,89.8901,89.6703,88.5714,93.5632,93.1034,92.6437,95.8621,95.1724,99.5261,99.5261,99.2891,99.7630,,100.0000,100.0000,100.0000,100.0000,99.7630,99.7630,99.5261,99.2891,98.8152,98.5782,98.5782,98.5782,98.5782,93.5632,57.1429,25.2294,25.2294,15.6174,15.6174,21.5976,21.5976,13.2275,13.3616,28.5714,28.5714,10.6656,11.1465,11.0410,16.6290,13.3333,0.0000,16.7617,16.4196,16.7617,16.7617,16.6477,16.6477,0.0000,16.7808,32.7869,4.4248,21.5190,23.4637,23.4637,23.4637,23.4637,23.4637,23.4637,23.4637,23.4637,22.9050,22.9050,23.4637,23.1214,23.4637,22.9050,24.3902,22.4299,22.2222,25.2174,25.7848,25.7848,24.3176,24.3176,24.3176,26.3617,26.3617,26.3617,26.1438,22.8516,23.4375,23.5294,23.9216,23.6791,23.6893,25.4157
GCF_943737925.1_idAnoNiliSN_F5_01_genomic_EVE005,90.3297,89.8901,89.6703,88.5714,93.5632,93.1034,92.6437,95.8621,95.1724,99.5261,99.5261,99.2891,99.7630,100.0000,,100.0000,100.0000,100.0000,99.7630,99.7630,99.5261,99.2891,98.8152,98.5782,98.5782,98.5782,98.5782,93.5632,57.1429,25.2294,25.2294,15.6174,15.6174,21.5976,21.5976,13.2275,13.3616,28.5714,28.5714,10.6656,11.1465,11.0410,16.6290,13.3333,0.0000,16.7617,16.4196,16.7617,16.7617,16.6477,16.6477,0.0000,16.7808,32.7869,4.4248,21.5190,23.4637,23.4637,23.4637,23.4637,23.4637,23.4637,23.4637,23.4637,22.9050,22.9050,23.4637,23.1214,23.4637,22.9050,24.3902,22.4299,22.2222,25.2174,25.7848,25.7848,24.3176,24.3176,24.3176,26.3617,26.3617,26.3617,26.1438,22.8516,23.4375,23.5294,23.9216,23.6791,23.6893,25.4157
GCF_943737925.1_idAnoNiliSN_F5_01_genomic_EVE006,90.3297,89.8901,89.6703,88.5714,93.5632,93.1034,92.6437,95.8621,95.1724,99.5261,99.5261,99.2891,99.7630,100.0000,100.0000,,100.0000,100.0000,99.7630,99.7630,99.5261,99.2891,98.8152,98.5782,98.5782,98.5782,98.5782,93.5632,57.1429,25.2294,25.2294,15.6174,15.6174,21.5976,21.5976,13.2275,13.3616,28.5714,28.5714,10.6656,11.1465,11.0410,16.6290,13.3333,0.0000,16.7617,16.4196,16.7617,16.7617,16.6477,16.6477,0.0000,16.7808,32.7869,4.4248,21.5190,23.4637,23.4637,23.4637,23.4637,23.4637,23.4637,23.4637,23.4637,22.9050,22.9050,23.4637,23.1214,23.4637,22.9050,24.3902,22.4299,22.2222,25.2174,25.7848,25.7848,24.3176,24.3176,24.3176,26.3617,26.3617,26.3617,26.1438,22.8516,23.4375,23.5294,23.9216,23.6791,23.6893,25.4157
GCF_943737925.1_idAnoNiliSN_F5_01_genomic_EVE007,90.3297,89.8901,89.6703,88.5714,93.5632,93.1034,92.6437,95.8621,95.1724,99.5261,99.5261,99.2891,99.7630,100.0000,100.0000,100.0000,,100.0000,99.7630,99.7630,99.5261,99.2891,98.8152,98.5782,98.5782,98.5782,98.5782,93.5632,57.1429,25.2294,25.2294,15.6174,15.6174,21.5976,21.5976,13.2275,13.3616,28.5714,28.5714,10.6656,11.1465,11.0410,16.6290,13.3333,0.0000,16.7617,16.4196,16.7617,16.7617,16.6477,16.6477,0.0000,16.7808,32.7869,4.4248,21.5190,23.4637,23.4637,23.4637,23.4637,23.4637,23.4637,23.4637,23.4637,22.9050,22.9050,23.4637,23.1214,23.4637,22.9050,24.3902,22.4299,22.2222,25.2174,25.7848,25.7848,24.3176,24.3176,24.3176,26.3617,26.3617,26.3617,26.1438,22.8516,23.4375,23.5294,23.9216,23.6791,23.6893,25.4157
GCF_943737925.1_idAnoNiliSN_F5_01_genomic_EVE008,90.3297,89.8901,89.6703,88.5714,93.5632,93.1034,92.6437,95.8621,95.1724,99.5261,99.5261,99.2891,99.7630,100.0000,100.0000,100.0000,100.0000,,99.7630,99.7630,99.5261,99.2891,98.8152,98.5782,98.5782,98.5782,98.5782,93.5632,57.1429,25.2294,25.2294,15.6174,15.6174,21.5976,21.5976,13.2275,13.3616,28.5714,28.5714,10.6656,11.1465,11.0410,16.6290,13.3333,0.0000,16.7617,16.4196,16.7617,16.7617,16.6477,16.6477,0.0000,16.7808,32.7869,4.4248,21.5190,23.4637,23.4637,23.4637,23.4637,23.4637,23.4637,23.4637,23.4637,22.9050,22.9050,23.4637,23.1214,23.4637,22.9050,24.3902,22.4299,22.2222,25.2174,25.7848,25.7848,24.3176,24.3176,24.3176,26.3617,26.3617,26.3617,26.1438,22.8516,23.4375,23.5294,23.9216,23.6791,23.6893,25.4157
CALSFZ01_EVE011,90.1099,89.6703,89.8901,88.3516,93.3333,92.8736,92.4138,95.6322,94.9425,99.2891,99.2891,99.0521,99.5261,99.7630,99.7630,99.7630,99.7630,99.7630,,99.5261,99.2891,99.0521,98.5782,98.3412,98.3412,98.3412,98.3412,93.3333,57.1429,25.2294,25.2294,15.6174,15.6174,21.5976,21.5976,13.2275,13.3616,28.5714,28.5714,10.6656,10.8280,10.7256,16.5158,13.3333,0.0000,16.6477,16.3056,16.6477,16.6477,16.5336,16.5336,0.0000,16.6667,32.7869,4.4248,21.5190,23.4637,23.4637,23.4637,23.4637,23.4637,23.4637,23.4637,23.4637,22.9050,22.9050,23.4637,23.1214,23.4637,22.9050,24.3902,22.4299,22.2222,25.2174,25.7848,25.7848,24.3176,24.3176,24.3176,26.3617,26.3617,26.3617,26.1438,22.8516,23.4375,23.5294,23.9216,23.6791,23.6893,25.1781
GCF_943737925.1_idAnoNiliSN_F5_01_genomic_EVE012,90.1099,89.6703,89.4505,88.3516,93.3333,92.8736,92.4138,95.6322,94.9425,99.2891,99.2891,99.0521,99.5261,99.7630,99.7630,99.7630,99.7630,99.7630,99.5261,,99.7630,99.0521,98.5782,98.3412,98.3412,98.3412,98.3412,93.3333,56.6138,25.2294,25.2294,15.6174,15.6174,21.5976,21.5976,13.1217,13.2556,28.5714,28.5714,10.6656,11.1465,11.0410,16.6290,13.3333,0.0000,16.7617,16.4196,16.7617,16.7617,16.6477,16.6477,0.0000,16.7808,32.7869,4.4248,21.5190,23.4637,23.4637,23.4637,23.4637,23.4637,23.4637,23.4637,23.4637,22.9050,22.9050,23.4637,23.1214,23.4637,22.9050,24.3902,22.6636,22.4638,25.2174,25.7848,25.7848,24.3176,24.3176,24.3176,26.5795,26.5795,26.5795,26.3617,23.0469,23.6328,23.7255,24.1176,23.4834,23.4951,25.4157
GCF_943737925.1_idAnoNiliSN_F5_01_genomic_EVE013,89.8901,89.4505,89.2308,88.1319,93.1034,92.6437,92.1839,95.4023,94.7126,99.0521,99.0521,98.8152,99.2891,99.5261,99.5261,99.5261,99.5261,99.5261,99.2891,99.7630,,98.8152,98.3412,98.1043,98.1043,98.1043,98.1043,93.1034,56.6138,25.2294,25.2294,15.6815,15.6815,21.7009,21.7009,13.0802,13.2135,28.5714,28.5714,10.8000,11.0410,10.9375,16.6855,13.3333,0.0000,16.8182,16.4773,16.8182,16.8182,16.7045,16.7045,0.0000,16.9511,32.8125,4.4248,21.5190,23.4637,23.4637,23.4637,23.4637,23.4637,23.4637,23.4637,23.4637,22.9050,22.9050,23.4637,23.1214,23.4637,22.9050,24.3902,22.6636,22.4638,25.4860,26.0579,26.0579,24.3176,24.3176,24.3176,27.0563,27.0563,27.0563,26.8398,23.1068,23.6893,23.7817,24.1715,23.4834,23.5521,25.4157
CALSFZ01_EVE009,90.1099,89.6703,89.4505,88.3516,93.3333,93.1034,92.4138,95.6322,94.9425,99.2891,99.2891,99.0521,99.0521,99.2891,99.2891,99.2891,99.2891,99.2891,99.0521,99.0521,98.8152,,98.1043,97.8673,97.8673,97.8673,97.8673,93.3333,56.6138,25.2294,25.2294,15.3753,15.3753,21.0059,21.0059,13.2275,13.3616,28.5714,28.5714,10.5854,11.4650,11.3565,16.6290,13.3333,0.0000,16.8757,16.5336,16.8757,16.8757,16.7617,16.7617,0.0000,16.5525,31.1475,4.4248,21.5190,23.4637,23.4637,23.4637,23.4637,23.4637,23.4637,23.4637,23.4637,22.9050,22.9050,23.4637,23.1214,23.4637,22.9050,24.3902,22.4299,22.2222,25.4348,26.0090,26.0090,24.3176,24.3176,24.3176,26.5795,26.5795,26.5795,26.3617,23.0469,23.6328,23.7255,24.1176,23.0920,23.1068,25.1781
GCF_943737925.1_idAnoNiliSN_F5_01_genomic_EVE003,89.6703,89.2308,89.0110,87.9121,92.8736,92.4138,91.9540,95.1724,94.4828,98.8152,98.8152,98.5782,98.5782,98.8152,98.8152,98.8152,98.8152,98.8152,98.5782,98.5782,98.3412,98.1043,,97.8673,97.8673,97.8673,97.8673,92.8736,57.1429,25.2294,25.2294,16.2228,16.2228,22.4852,22.4852,13.1217,13.2556,28.5714,28.5714,10.6656,11.1465,11.0410,16.5158,13.3333,0.0000,16.6477,16.3056,16.6477,16.6477,16.5336,16.5336,0.0000,16.4384,31.1475,4.4248,21.5190,23.4637,23.4637,23.4637,23.4637,23.4637,23.4637,23.4637,23.4637,22.9050,22.9050,23.4637,23.1214,23.4637,22.9050,23.7805,21.9626,21.7391,25.0000,25.5605,25.5605,24.0695,24.0695,24.0695,26.1438,26.1438,26.1438,25.9259,23.2422,23.8281,23.9216,24.3137,23.6791,23.6893,26.1283
CALSFZ01_EVE012,89.4505,89.0110,88.7912,87.6923,92.6437,92.1839,91.7241,94.9425,94.2529,98.5782,98.5782,98.3412,98.3412,98.5782,98.5782,98.5782,98.5782,98.5782,98.3412,98.3412,98.1043,97.8673,97.8673,,100.0000,100.0000,100.0000,92.6437,57.1429,25.2294,25.2294,15.5529,15.5529,21.7910,21.7910,13.1217,13.2556,28.5714,28.5714,10.4250,11.2903,11.1821,16.0633,13.3333,0.0000,16.1916,15.8495,16.1916,16.1916,16.0775,16.0775,0.0000,16.3242,32.7869,4.4248,22.0779,24.0000,24.0000,24.0000,24.0000,24.0000,24.0000,24.0000,24.0000,23.4286,23.4286,24.0000,23.6686,24.0000,23.4286,25.0000,22.6415,22.4390,25.4386,26.0181,26.0181,24.8120,24.8120,24.8120,26.5934,26.5934,26.5934,26.3736,22.8346,23.4252,23.5178,23.9130,23.7255,23.7354,25.6595
CALSFZ01_EVE013,89.4505,89.0110,88.7912,87.6923,92.6437,92.1839,91.7241,94.9425,94.2529,98.5782,98.5782,98.3412,98.3412,98.5782,98.5782,98.5782,98.5782,98.5782,98.3412,98.3412,98.1043,97.8673,97.8673,100.0000,,100.0000,100.0000,92.6437,57.1429,25.2294,25.2294,15.5529,15.5529,21.7910,21.7910,13.1217,13.2556,28.5714,28.5714,10.4250,11.2903,11.1821,16.0633,13.3333,0.0000,16.1916,15.8495,16.1916,16.1916,16.0775,16.0775,0.0000,16.3242,32.7869,4.4248,22.0779,24.0000,24.0000,24.0000,24.0000,24.0000,24.0000,24.0000,24.0000,23.4286,23.4286,24.0000,23.6686,24.0000,23.4286,25.0000,22.6415,22.4390,25.4386,26.0181,26.0181,24.8120,24.8120,24.8120,26.5934,26.5934,26.5934,26.3736,22.8346,23.4252,23.5178,23.9130,23.7255,23.7354,25.6595
CALSFZ01_EVE014,89.4505,89.0110,88.7912,87.6923,92.6437,92.1839,91.7241,94.9425,94.2529,98.5782,98.5782,98.3412,98.3412,98.5782,98.5782,98.5782,98.5782,98.5782,98.3412,98.3412,98.1043,97.8673,97.8673,100.0000,100.0000,,100.0000,92.6437,57.1429,25.2294,25.2294,15.5529,15.5529,21.7910,21.7910,13.1217,13.2556,28.5714,28.5714,10.4250,11.2903,11.1821,16.0633,13.3333,0.0000,16.1916,15.8495,16.1916,16.1916,16.0775,16.0775,0.0000,16.3242,32.7869,4.4248,22.0779,24.0000,24.0000,24.0000,24.0000,24.0000,24.0000,24.0000,24.0000,23.4286,23.4286,24.0000,23.6686,24.0000,23.4286,25.0000,22.6415,22.4390,25.4386,26.0181,26.0181,24.8120,24.8120,24.8120,26.5934,26.5934,26.5934,26.3736,22.8346,23.4252,23.5178,23.9130,23.7255,23.7354,25.6595
GCF_943737925.1_idAnoNiliSN_F5_01_genomic_EVE010,89.4505,89.0110,88.7912,87.6923,92.6437,92.1839,91.7241,94.9425,94.2529,98.5782,98.5782,98.3412,98.3412,98.5782,98.5782,98.5782,98.5782,98.5782,98.3412,98.3412,98.1043,97.8673,97.8673,100.0000,100.0000,100.0000,,92.6437,57.1429,25.2294,25.2294,15.5529,15.5529,21.7910,21.7910,13.1217,13.2556,28.5714,28.5714,10.4250,11.2903,11.1821,16.0633,13.3333,0.0000,16.1916,15.8495,16.1916,16.1916,16.0775,16.0775,0.0000,16.3242,32.7869,4.4248,22.0779,24.0000,24.0000,24.0000,24.0000,24.0000,24.0000,24.0000,24.0000,23.4286,23.4286,24.0000,23.6686,24.0000,23.4286,25.0000,22.6415,22.4390,25.4386,26.0181,26.0181,24.8120,24.8120,24.8120,26.5934,26.5934,26.5934,26.3736,22.8346,23.4252,23.5178,23.9130,23.7255,23.7354,25.6595
GCF_943737925.1_idAnoNiliSN_F5_01_genomic_EVE020,93.0672,91.1765,92.2269,90.3361,96.9298,96.0526,95.6140,96.3218,97.8070,94.0230,94.0230,94.2529,93.3333,93.5632,93.5632,93.5632,93.5632,93.5632,93.3333,93.3333,93.1034,93.3333,92.8736,92.6437,92.6437,92.6437,92.6437,,57.1429,25.0000,25.0000,15.7159,15.7159,20.5714,20.5714,13.5611,13.6929,33.3333,33.3333,11.3565,11.3497,11.2462,17.0166,16.6667,0.0000,17.1492,16.9265,17.1492,17.1492,17.0379,17.0379,0.0000,17.2606,31.1475,5.0493,18.2353,20.4188,20.4188,20.4188,20.4188,20.4188,20.4188,20.4188,20.4188,20.4188,20.4188,20.9424,20.5405,20.4188,20.4188,19.8864,21.5909,20.5817,23.9407,24.4541,24.4541,23.8554,23.8554,23.8554,25.6098,25.6098,25.6098,25.4065,22.2018,22.7523,23.2044,23.2044,23.6842,23.6940,24.0826
GCF_943737925.1_idAnoNiliSN_F5_01_genomic_EVE018,53.7190,52.0661,52.8926,51.2397,59.9099,59.0090,59.4595,57.1429,59.4595,57.1429,57.1429,57.1429,56.6138,57.1429,57.1429,57.1429,57.1429,57.1429,57.1429,56.6138,56.6138,56.6138,57.1429,57.1429,57.1429,57.1429,57.1429,57.1429,,25.6039,25.6039,13.8122,13.8122,30.0000,30.0000,11.3006,11.7773,32.0513,32.0513,9.0789,13.5802,14.2857,14.7228,16.3121,13.3333,15.1163,15.1163,15.1163,15.0794,14.9225,14.9225,0.0000,13.7597,0.0000,4.2095,0.0000,0.0000,0.0000,0.0000,0.0000,0.0000,0.0000,0.0000,0.0000,0.0000,0.0000,0.0000,0.0000,0.0000,0.0000,0.0000,22.7468,23.7354,20.4444,22.7488,22.7488,19.2825,19.2825,19.2825,22.4000,22.4000,22.4000,22.0000,18.8679,21.1321,21.1321,21.1321,27.8689,27.8689,20.8531
CALSFZ01_EVE005,22.6563,23.4375,23.4375,23.8281,25.4237,26.2712,26.2712,25.2294,25.0000,25.2294,25.2294,25.2294,25.6881,25.2294,25.2294,25.2294,25.2294,25.2294,25.2294,25.2294,25.2294,25.2294,25.2294,25.2294,25.2294,25.2294,25.2294,25.0000,25.6039,,99.4975,12.8159,12.8159,28.2051,28.2051,15.6250,15.4812,28.3333,30.0000,8.5603,19.1011,16.4835,14.4195,21.9512,0.0000,14.6110,14.2315,14.6110,14.6110,14.6110,14.6110,0.0000,13.6622,0.0000,5.9706,42.8571,53.8462,53.8462,53.8462,53.8462,53.8462,53.8462,53.8462,53.8462,53.8462,53.8462,53.8462,47.3684,53.8462,53.8462,53.8462,23.2824,24.9110,18.2186,19.3133,19.3133,22.8571,23.2653,23.2653,20.4545,20.4545,20.4545,20.4545,20.6522,22.1014,22.4638,22.4638,22.8682,22.8682,17.7215
GCF_943737925.1_idAnoNiliSN_F5_01_genomic_EVE022,22.6563,23.4375,23.4375,23.8281,25.4237,26.2712,26.2712,25.2294,25.0000,25.2294,25.2294,25.2294,25.6881,25.2294,25.2294,25.2294,25.2294,25.2294,25.2294,25.2294,25.2294,25.2294,25.2294,25.2294,25.2294,25.2294,25.2294,25.0000,25.6039,99.4975,,12.6354,12.6354,28.2051,28.2051,15.8333,15.6904,28.3333,28.3333,8.4306,19.1011,16.4835,14.6067,22.7642,0.0000,14.8008,14.4213,14.8008,14.8008,14.8008,14.8008,0.0000,13.8520,0.0000,5.8429,42.8571,53.8462,53.8462,53.8462,53.8462,53.8462,53.8462,53.8462,53.8462,53.8462,53.8462,53.8462,47.3684,53.8462,53.8462,53.8462,23.2824,24.9110,18.2186,19.3133,19.3133,22.8571,23.2653,23.2653,20.8333,20.8333,20.8333,20.8333,20.2899,21.7391,22.1014,22.1014,22.8682,22.8682,17.7215
CALSFZ01_EVE018,16.6284,16.8578,16.7431,16.8578,15.9587,16.3031,16.1883,15.6325,15.9587,15.6174,15.6174,15.4964,15.6174,15.6174,15.6174,15.6174,15.6174,15.6174,15.6174,15.6174,15.6815,15.3753,16.2228,15.5529,15.5529,15.5529,15.5529,15.7159,13.8122,12.8159,12.6354,,99.9092,64.8794,64.6113,23.5607,23.2950,30.9859,31.9249,18.7268,5.7471,5.1429,24.4534,21.5517,18.0180,24.5928,24.5114,24.5928,25.9663,24.5114,24.6610,11.1111,24.5238,31.3131,6.5539,16.6667,18.0077,18.0077,18.0077,18.0077,18.0077,18.0077,18.0077,18.0077,17.6245,17.6245,17.6245,16.8627,17.6245,17.6245,15.8537,14.2497,14.5885,17.6678,17.9245,17.9245,17.4707,17.3403,17.3403,17.1364,17.1364,17.0237,17.0237,16.5385,17.0192,16.6667,16.6667,16.8490,17.2594,13.1351
GCF_943737925.1_idAnoNiliSN_F5_01_genomic_EVE023,16.6284,16.8578,16.7431,16.8578,15.9587,16.3031,16.1883,15.6325,15.9587,15.6174,15.6174,15.4964,15.6174,15.6174,15.6174,15.6174,15.6174,15.6174,15.6174,15.6174,15.6815,15.3753,16.2228,15.5529,15.5529,15.5529,15.5529,15.7159,13.8122,12.8159,12.6354,99.9092,,64.6113,64.3432,23.5607,23.2950,30.9859,31.9249,18.7798,5.7471,5.1429,24.5344,21.5517,18.0180,24.6743,24.5928,24.6743,26.0654,24.5928,24.7458,11.1111,24.6032,32.3232,6.5539,16.6667,18.0077,18.0077,18.0077,18.0077,18.0077,18.0077,18.0077,18.0077,17.6245,17.6245,17.6245,16.8627,17.6245,17.6245,15.8537,14.2497,14.5885,17.6678,17.9245,17.9245,17.4707,17.3403,17.3403,17.1364,17.1364,17.0237,17.0237,16.5385,17.0192,16.7608,16.7608,16.8490,17.2594,13.1351
CALSFZ01_EVE019,21.1429,21.1429,21.1429,20.5714,20.2857,20.5714,20.8571,21.4286,20.8571,21.5976,21.5976,21.5976,21.5976,21.5976,21.5976,21.5976,21.5976,21.5976,21.5976,21.5976,21.7009,21.0059,22.4852,21.7910,21.7910,21.7910,21.7910,20.5714,30.0000,28.2051,28.2051,64.8794,64.6113,,98.2759,25.4088,25.6604,0.0000,0.0000,19.2600,2.9310,2.7586,25.6785,0.0000,0.0000,25.6785,25.2610,25.4697,25.4697,25.4697,20.4313,15.3153,27.9826,31.6092,31.5000,17.2691,18.5185,18.5185,18.5185,18.5185,18.5185,18.5185,18.5185,18.5185,18.1481,18.1481,18.1481,16.6667,18.5185,18.5185,15.2941,18.9189,17.7936,22.0812,22.3350,22.3350,21.4286,21.7857,21.7857,22.6913,22.6913,22.6913,22.6913,24.4032,24.4032,23.0576,23.3083,22.0207,22.1849,21.0191
GCF_943737925.1_idAnoNiliSN_F5_01_genomic_EVE027,21.1429,21.1429,21.1429,20.5714,20.8571,21.1429,21.4286,21.4286,20.8571,21.5976,21.5976,21.5976,21.5976,21.5976,21.5976,21.5976,21.5976,21.5976,21.5976,21.5976,21.7009,21.0059,22.4852,21.7910,21.7910,21.7910,21.7910,20.5714,30.0000,28.2051,28.2051,64.6113,64.3432,98.2759,,25.3149,25.5668,0.0000,0.0000,19.0114,3.1142,2.9412,25.7862,0.0000,0.0000,25.7862,25.3669,25.5765,25.5765,25.5765,20.2503,14.9321,28.3224,30.6358,31.5000,17.2691,18.8889,18.8889,18.8889,18.8889,18.8889,18.8889,18.8889,18.8889,18.5185,18.5185,18.5185,16.6667,18.8889,18.8889,15.2941,19.2568,17.7936,22.3350,22.5888,22.5888,21.7857,22.1429,22.1429,22.6913,22.6913,22.6913,22.6913,24.6684,24.6684,23.3083,23.5589,22.0207,21.6807,20.7006
CALSFZ01_EVE022,14.9284,14.6217,15.0307,14.5194,13.9059,13.9059,13.5992,13.4392,14.0082,13.2275,13.2275,13.3333,13.2275,13.2275,13.2275,13.2275,13.2275,13.2275,13.2275,13.1217,13.0802,13.2275,13.1217,13.1217,13.1217,13.1217,13.1217,13.5611,11.3006,15.6250,15.8333,23.5607,23.5607,25.4088,25.3149,,97.6415,38.4615,39.7436,19.4272,2.8862,2.7096,23.7347,32.6241,26.6667,23.9684,24.0562,23.8806,23.6912,23.7928,20.8904,20.4753,21.4095,32.9480,8.0184,8.2569,9.6280,9.6280,9.6280,9.6280,9.6280,9.6280,9.6280,9.6280,9.4092,9.4092,9.8468,9.0909,9.4092,8.9716,8.5973,13.7514,14.0523,16.7508,16.0444,16.0444,15.6355,15.6355,15.6355,16.1576,16.1576,15.9606,16.0591,15.8266,16.3142,16.5192,16.7158,15.1795,16.2541,13.3987
GCF_943737925.1_idAnoNiliSN_F5_01_genomic_EVE026,15.0615,14.7541,15.1639,14.6516,14.0369,14.0369,13.7295,13.5737,14.1393,13.3616,13.3616,13.4677,13.2556,13.3616,13.3616,13.3616,13.3616,13.3616,13.3616,13.2556,13.2135,13.3616,13.2556,13.2556,13.2556,13.2556,13.2556,13.6929,11.7773,15.4812,15.6904,23.2950,23.2950,25.6604,25.5668,97.6415,,37.1795,38.4615,19.2840,2.8862,2.7096,23.3857,29.0780,26.6667,23.6172,23.7050,23.5294,23.3363,23.4416,20.7926,20.2925,21.7663,32.9480,7.9243,8.2569,9.6280,9.6280,9.6280,9.6280,9.6280,9.6280,9.6280,9.6280,9.4092,9.4092,9.8468,9.0909,9.4092,8.9716,8.5973,13.2013,13.5076,16.7508,15.9435,15.9435,15.7480,15.7480,15.7480,15.7635,15.7635,15.5665,15.6650,16.0121,16.5156,16.7158,16.9125,15.1795,16.2541,13.1952
CALSFZ01_EVE028,33.3333,34.6667,36.0000,36.0000,34.6667,33.3333,34.6667,28.5714,33.3333,28.5714,28.5714,28.5714,28.5714,28.5714,28.5714,28.5714,28.5714,28.5714,28.5714,28.5714,28.5714,28.5714,28.5714,28.5714,28.5714,28.5714,28.5714,33.3333,32.0513,28.3333,28.3333,30.9859,30.9859,0.0000,0.0000,38.4615,37.1795,,96.4646,74.7475,0.0000,0.0000,26.5000,26.5000,23.3577,26.5000,26.5000,26.5000,34.8485,26.5000,26.5000,0.0000,28.5000,0.0000,33.3333,0.0000,0.0000,0.0000,0.0000,0.0000,0.0000,0.0000,0.0000,0.0000,0.0000,0.0000,0.0000,0.0000,0.0000,0.0000,0.0000,31.7073,32.3077,48.2759,48.2759,48.2759,34.1463,34.1463,34.1463,25.0000,25.0000,25.0000,25.0000,20.7650,20.7650,21.3115,20.7650,27.7778,27.7778,29.7872
GCF_943737925.1_idAnoNiliSN_F5_01_genomic_EVE037,33.3333,34.6667,36.0000,36.0000,34.6667,33.3333,34.6667,28.5714,33.3333,28.5714,28.5714,28.5714,28.5714,28.5714,28.5714,28.5714,28.5714,28.5714,28.5714,28.5714,28.5714,28.5714,28.5714,28.5714,28.5714,28.5714,28.5714,33.3333,32.0513,30.0000,28.3333,31.9249,31.9249,0.0000,0.0000,39.7436,38.4615,96.4646,,73.7374,0.0000,0.0000,26.5000,26.5000,22.6277,26.5000,26.5000,26.5000,36.3636,26.5000,26.5000,0.0000,27.5000,0.0000,36.2319,0.0000,0.0000,0.0000,0.0000,0.0000,0.0000,0.0000,0.0000,0.0000,0.0000,0.0000,0.0000,0.0000,0.0000,0.0000,0.0000,29.2683,30.7692,51.7241,51.7241,51.7241,36.5854,36.5854,36.5854,26.4706,26.4706,26.4706,26.4706,20.2186,20.2186,20.7650,20.2186,29.1667,29.1667,31.9149
GCF_943737925.1_idAnoNiliSN_F5_01_genomic_EVE024,11.7969,11.8750,11.8750,11.9531,11.6406,11.5625,11.7969,11.0666,11.5625,10.5854,10.5854,10.5052,10.6656,10.6656,10.6656,10.6656,10.6656,10.6656,10.6656,10.6656,10.8000,10.5854,10.6656,10.4250,10.4250,10.4250,10.4250,11.3565,9.0789,8.5603,8.4306,18.7268,18.7798,19.2600,19.0114,19.4272,19.2840,74.7475,73.7374,,2.8322,2.8261,20.0226,18.7835,14.9289,20.2152,19.8754,20.1586,21.8263,20.0453,18.9047,29.9320,18.6342,33.1395,6.4211,7.8300,9.1880,9.1880,9.1880,9.1880,9.1880,9.1880,9.1880,9.1880,9.4017,9.1880,9.6154,9.0909,9.1880,9.1880,9.2715,8.7821,8.8816,12.1423,12.0650,12.0650,9.9076,9.7397,9.7397,10.7821,10.7821,10.7062,10.7821,12.8223,13.2521,13.6620,13.5211,11.7046,10.9784,9.5823
GCF_943737925.1_idAnoNiliSN_F5_01_genomic_EVE040 (reversed),10.3746,9.7983,10.0865,10.3746,11.0092,11.0092,11.0092,11.0092,11.0092,11.4650,11.4650,11.4650,11.1465,11.1465,11.1465,11.1465,11.1465,11.1465,10.8280,11.1465,11.0410,11.4650,11.1465,11.2903,11.2903,11.2903,11.2903,11.3497,13.5802,19.1011,19.1011,5.7471,5.7471,2.9310,3.1142,2.8862,2.8862,0.0000,0.0000,2.8322,,90.8257,5.5743,0.0000,0.0000,5.2991,5.4701,5.2991,5.4701,5.2991,2.2822,0.0000,5.3097,0.0000,2.1596,8.5271,8.0000,8.0000,8.0000,8.0000,8.0000,8.0000,8.0000,8.0000,8.0000,8.0000,7.3333,9.0278,8.0000,8.0000,8.1481,8.3032,8.7786,6.5060,6.9825,6.9825,9.7561,10.1045,10.1045,7.7720,7.7720,7.7720,7.5130,7.5521,7.5521,6.8966,6.8966,7.6517,5.4206,11.0032
GCF_943737925.1_idAnoNiliSN_F5_01_genomic_EVE041 (reversed),10.2857,9.7143,10.0000,10.0000,10.9091,10.9091,10.6061,10.9091,10.9091,11.3565,11.3565,11.3565,11.0410,11.0410,11.0410,11.0410,11.0410,11.0410,10.7256,11.0410,10.9375,11.3565,11.0410,11.1821,11.1821,11.1821,11.1821,11.2462,14.2857,16.4835,16.4835,5.1429,5.1429,2.7586,2.9412,2.7096,2.7096,0.0000,0.0000,2.8261,90.8257,,5.8824,0.0000,0.0000,5.6122,5.6122,5.6122,5.7823,5.6122,2.4155,0.0000,5.4577,0.0000,2.4052,8.5271,8.0000,8.0000,8.0000,8.0000,8.0000,8.0000,8.0000,8.0000,8.0000,8.0000,7.3333,9.0278,8.0000,8.0000,8.1481,7.5000,7.9245,6.2201,6.6832,6.6832,9.6552,10.0000,10.0000,8.2262,8.2262,8.2262,7.9692,7.7519,7.7519,7.0905,7.0905,8.3770,5.9480,10.5769
CALSFZ01_EVE035,18.3206,18.3206,18.1025,18.3206,17.6663,17.6663,17.7754,17.0814,17.8844,16.6290,16.6290,16.6290,16.6290,16.6290,16.6290,16.6290,16.6290,16.6290,16.5158,16.6290,16.6855,16.6290,16.5158,16.0633,16.0633,16.0633,16.0633,17.0166,14.7228,14.4195,14.6067,24.4534,24.5344,25.6785,25.7862,23.7347,23.3857,26.5000,26.5000,20.0226,5.5743,5.8824,,100.0000,100.0000,98.5101,97.4584,98.5101,98.2420,98.1595,98.2617,76.6667,71.3268,66.9291,6.4607,13.3956,15.2047,15.2047,15.2047,15.2047,15.2047,15.2047,15.2047,15.2047,14.9123,14.9123,14.9123,13.9881,14.6199,14.6199,12.5382,13.9810,13.8335,16.2366,16.2366,16.2366,15.5797,15.4589,15.4589,15.1992,15.1992,15.0943,15.3040,18.2090,18.7065,19.2795,19.3768,17.9654,18.3816,12.5145
CALSFZ01_EVE038,18.1159,17.3913,18.1159,18.1159,17.3913,16.6667,17.3913,13.3333,18.1159,13.3333,13.3333,13.3333,13.3333,13.3333,13.3333,13.3333,13.3333,13.3333,13.3333,13.3333,13.3333,13.3333,13.3333,13.3333,13.3333,13.3333,13.3333,16.6667,16.3121,21.9512,22.7642,21.5517,21.5517,0.0000,0.0000,32.6241,29.0780,26.5000,26.5000,18.7835,0.0000,0.0000,100.0000,,100.0000,100.0000,100.0000,99.6700,100.0000,98.3498,98.8235,0.0000,68.6469,0.0000,15.9091,0.0000,0.0000,0.0000,0.0000,0.0000,0.0000,0.0000,0.0000,0.0000,0.0000,0.0000,0.0000,0.0000,0.0000,0.0000,0.0000,16.3462,18.7500,13.0435,13.0435,13.0435,14.4231,14.4231,14.4231,14.5038,14.5038,14.5038,14.5038,18.9815,18.5185,18.5185,18.5185,20.0000,20.0000,11.8182
GCF_943737925.1_idAnoNiliSN_F5_01_genomic_EVE043,25.0000,25.0000,33.3333,25.0000,33.3333,25.0000,25.0000,0.0000,25.0000,0.0000,0.0000,0.0000,0.0000,0.0000,0.0000,0.0000,0.0000,0.0000,0.0000,0.0000,0.0000,0.0000,0.0000,0.0000,0.0000,0.0000,0.0000,0.0000,13.3333,0.0000,0.0000,18.0180,18.0180,0.0000,0.0000,26.6667,26.6667,23.3577,22.6277,14.9289,0.0000,0.0000,100.0000,100.0000,,100.0000,100.0000,99.4350,100.0000,97.7401,98.4496,0.0000,67.7966,0.0000,33.3333,0.0000,0.0000,0.0000,0.0000,0.0000,0.0000,0.0000,0.0000,0.0000,0.0000,0.0000,0.0000,0.0000,0.0000,0.0000,0.0000,0.0000,50.0000,0.0000,0.0000,0.0000,0.0000,0.0000,0.0000,40.0000,40.0000,40.0000,40.0000,24.4444,24.4444,23.3333,24.4444,11.1111,11.1111,0.0000
GCF_943737925.1_idAnoNiliSN_F5_01_genomic_EVE056,18.4615,18.4615,18.2418,18.6813,17.8022,17.8022,17.9121,17.2178,18.0220,16.7617,16.7617,16.7617,16.7617,16.7617,16.7617,16.7617,16.7617,16.7617,16.6477,16.7617,16.8182,16.8757,16.6477,16.1916,16.1916,16.1916,16.1916,17.1492,15.1163,14.6110,14.8008,24.5928,24.6743,25.6785,25.7862,23.9684,23.6172,26.5000,26.5000,20.2152,5.2991,5.6122,98.5101,100.0000,100.0000,,98.7654,99.8236,99.7917,99.2063,99.3554,76.6667,71.6846,64.5669,6.5975,13.0841,14.9123,14.9123,14.9123,14.9123,14.9123,14.9123,14.9123,14.9123,14.6199,14.6199,14.6199,13.9881,14.3275,14.3275,12.2324,14.0980,13.9480,16.2514,16.2514,16.2514,15.7125,15.5907,15.5907,15.4171,15.4171,15.3115,15.5227,18.5371,19.0381,19.6078,19.7059,17.8844,18.3099,12.7336
GCF_943737925.1_idAnoNiliSN_F5_01_genomic_EVE055,18.2418,18.2418,18.0220,18.4615,17.4725,17.4725,17.5824,16.8757,17.6923,16.4196,16.4196,16.4196,16.4196,16.4196,16.4196,16.4196,16.4196,16.4196,16.3056,16.4196,16.4773,16.5336,16.3056,15.8495,15.8495,15.8495,15.8495,16.9265,15.1163,14.2315,14.4213,24.5114,24.5928,25.2610,25.3669,24.0562,23.7050,26.5000,26.5000,19.8754,5.4701,5.6122,97.4584,100.0000,100.0000,98.7654,,98.7654,98.5417,98.1481,98.2505,76.6667,70.8781,65.3543,6.4090,12.4611,14.3275,14.3275,14.3275,14.3275,14.3275,14.3275,14.3275,14.3275,14.0351,14.0351,14.0351,13.3929,13.7427,13.7427,11.6208,13.7395,13.3570,16.3597,16.2514,16.2514,15.7125,15.5907,15.5907,15.2059,15.2059,15.1003,15.3115,18.0361,18.4369,19.0196,19.1176,18.2116,18.7123,12.6168
GCF_943737925.1_idAnoNiliSN_F5_01_genomic_EVE057,18.4615,18.4615,18.2418,18.6813,17.8022,17.8022,17.9121,17.2178,18.0220,16.7617,16.7617,16.7617,16.7617,16.7617,16.7617,16.7617,16.7617,16.7617,16.6477,16.7617,16.8182,16.8757,16.6477,16.1916,16.1916,16.1916,16.1916,17.1492,15.1163,14.6110,14.8008,24.5928,24.6743,25.4697,25.5765,23.8806,23.5294,26.5000,26.5000,20.1586,5.2991,5.6122,98.5101,99.6700,99.4350,99.8236,98.7654,,99.8958,99.2063,99.3554,76.6667,71.6846,65.3543,6.5975,13.0841,14.9123,14.9123,14.9123,14.9123,14.9123,14.9123,14.9123,14.9123,14.6199,14.6199,14.6199,13.9881,14.3275,14.3275,12.2324,14.0980,13.9480,16.2514,16.2514,16.2514,15.7125,15.5907,15.5907,15.4171,15.4171,15.3115,15.5227,18.4369,18.9379,19.5098,19.6078,17.8844,18.3099,12.7336
GCF_943737925.1_idAnoNiliSN_F5_01_genomic_EVE058,18.3130,18.3130,17.9800,18.5350,17.5361,17.6471,17.7580,17.2178,17.8690,16.7617,16.7617,16.7617,16.7617,16.7617,16.7617,16.7617,16.7617,16.7617,16.6477,16.7617,16.8182,16.8757,16.6477,16.1916,16.1916,16.1916,16.1916,17.1492,15.0794,14.6110,14.8008,25.9663,26.0654,25.4697,25.5765,23.6912,23.3363,34.8485,36.3636,21.8263,5.4701,5.7823,98.2420,100.0000,100.0000,99.7917,98.5417,99.8958,,99.4792,99.4792,76.6667,72.3992,65.3543,6.5217,13.3956,15.2047,15.2047,15.2047,15.2047,15.2047,15.2047,15.2047,15.2047,14.9123,14.9123,14.9123,14.2857,14.6199,14.6199,12.5382,14.2174,14.0662,16.3597,16.3597,16.3597,15.7125,15.5907,15.5907,15.2381,15.2381,15.1323,15.3439,17.7827,18.3315,19.0782,19.0782,17.7827,18.2186,12.7336
CALSFZ01_EVE036,18.3516,18.3516,18.1319,18.5714,17.6923,17.6923,17.8022,17.1038,17.9121,16.6477,16.6477,16.6477,16.6477,16.6477,16.6477,16.6477,16.6477,16.6477,16.5336,16.6477,16.7045,16.7617,16.5336,16.0775,16.0775,16.0775,16.0775,17.0379,14.9225,14.6110,14.8008,24.5114,24.5928,25.4697,25.5765,23.7928,23.4416,26.5000,26.5000,20.0453,5.2991,5.6122,98.1595,98.3498,97.7401,99.2063,98.1481,99.2063,99.4792,,100.0000,76.6667,71.8638,65.3543,6.6918,13.0841,14.9123,14.9123,14.9123,14.9123,14.9123,14.9123,14.9123,14.9123,14.6199,14.6199,14.6199,13.6905,14.3275,14.3275,12.2324,14.0980,13.9480,16.2514,16.2514,16.2514,15.5907,15.4689,15.4689,15.4171,15.4171,15.3115,15.5227,18.4369,18.9379,19.5098,19.6078,17.8844,18.3099,12.8505
GCF_943737925.1_idAnoNiliSN_F5_01_genomic_EVE049,18.3516,18.3516,18.1319,18.5714,17.6923,17.6923,17.8022,17.1038,17.9121,16.6477,16.6477,16.6477,16.6477,16.6477,16.6477,16.6477,16.6477,16.6477,16.5336,16.6477,16.7045,16.7617,16.5336,16.0775,16.0775,16.0775,16.0775,17.0379,14.9225,14.6110,14.8008,24.6610,24.7458,20.4313,20.2503,20.8904,20.7926,26.5000,26.5000,18.9047,2.2822,2.4155,98.2617,98.8235,98.4496,99.3554,98.2505,99.3554,99.4792,100.0000,,75.8130,73.0337,59.7633,6.6918,13.0841,14.9123,14.9123,14.9123,14.9123,14.9123,14.9123,14.9123,14.9123,14.6199,14.6199,14.6199,13.6905,14.3275,14.3275,12.2324,14.0980,13.9480,16.2514,16.2514,16.2514,15.5907,15.4689,15.4689,15.4171,15.4171,15.3115,15.5227,18.4369,18.9379,19.5098,19.6078,17.8844,15.1515,12.8505
GCF_943737925.1_idAnoNiliSN_F5_01_genomic_EVE051,0.0000,0.0000,0.0000,0.0000,0.0000,0.0000,0.0000,0.0000,0.0000,0.0000,0.0000,0.0000,0.0000,0.0000,0.0000,0.0000,0.0000,0.0000,0.0000,0.0000,0.0000,0.0000,0.0000,0.0000,0.0000,0.0000,0.0000,0.0000,0.0000,0.0000,0.0000,11.1111,11.1111,15.3153,14.9321,20.4753,20.2925,0.0000,0.0000,29.9320,0.0000,0.0000,76.6667,0.0000,0.0000,76.6667,76.6667,76.6667,76.6667,76.6667,75.8130,,75.0000,65.8228,0.0000,0.0000,0.0000,0.0000,0.0000,0.0000,0.0000,0.0000,0.0000,0.0000,0.0000,0.0000,0.0000,0.0000,0.0000,0.0000,0.0000,0.0000,0.0000,13.3333,13.3333,13.3333,0.0000,0.0000,0.0000,6.6667,6.6667,6.6667,6.6667,0.0000,0.0000,33.3333,33.3333,0.0000,8.1886,0.0000
GCF_943737925.1_idAnoNiliSN_F5_01_genomic_EVE052,18.0220,18.0220,17.6923,17.5824,17.3626,17.3626,17.3626,16.8757,17.9121,16.5525,16.5525,16.5525,16.8950,16.7808,16.7808,16.7808,16.7808,16.7808,16.6667,16.7808,16.9511,16.5525,16.4384,16.3242,16.3242,16.3242,16.3242,17.2606,13.7597,13.6622,13.8520,24.5238,24.6032,27.9826,28.3224,21.4095,21.7663,28.5000,27.5000,18.6342,5.3097,5.4577,71.3268,68.6469,67.7966,71.6846,70.8781,71.6846,72.3992,71.8638,73.0337,75.0000,,78.8991,6.0320,10.9034,11.9883,11.9883,11.9883,11.9883,11.9883,11.9883,11.9883,11.9883,11.6959,11.6959,11.1111,11.3095,11.6959,11.6959,10.3976,12.9032,12.7660,16.1045,15.8868,15.8868,15.7125,15.5907,15.5907,14.7835,14.7835,14.7835,14.8891,16.4329,17.2345,18.0392,18.3333,17.2301,17.2131,11.3318
GCF_943737925.1_idAnoNiliSN_F5_01_genomic_EVE050,34.4262,34.4262,34.4262,27.8689,29.5082,31.1475,29.5082,32.7869,34.4262,32.7869,32.7869,32.7869,32.7869,32.7869,32.7869,32.7869,32.7869,32.7869,32.7869,32.7869,32.8125,31.1475,31.1475,32.7869,32.7869,32.7869,32.7869,31.1475,0.0000,0.0000,0.0000,31.3131,32.3232,31.6092,30.6358,32.9480,32.9480,0.0000,0.0000,33.1395,0.0000,0.0000,66.9291,0.0000,0.0000,64.5669,65.3543,65.3543,65.3543,65.3543,59.7633,65.8228,78.8991,,0.0000,14.2857,40.9091,40.9091,40.9091,40.9091,40.9091,40.9091,40.9091,40.9091,36.3636,36.3636,36.3636,20.0000,40.9091,36.3636,28.5714,40.9091,28.5714,25.0000,25.0000,25.0000,50.0000,50.0000,50.0000,23.8095,23.8095,23.8095,23.8095,33.3333,33.3333,35.4839,36.5591,40.3509,30.1136,16.6667
GCF_943737925.1_idAnoNiliSN_F5_01_genomic_EVE034,5.7457,5.9902,5.8752,5.9902,5.2567,5.3790,5.1345,4.4248,5.1345,4.4248,4.4248,4.4248,4.5512,4.4248,4.4248,4.4248,4.4248,4.4248,4.4248,4.4248,4.4248,4.4248,4.4248,4.4248,4.4248,4.4248,4.4248,5.0493,4.2095,5.9706,5.8429,6.5539,6.5539,31.5000,31.5000,8.0184,7.9243,33.3333,36.2319,6.4211,2.1596,2.4052,6.4607,15.9091,33.3333,6.5975,6.4090,6.5975,6.5217,6.6918,6.6918,0.0000,6.0320,0.0000,,33.3333,29.1667,29.1667,29.1667,29.1667,29.1667,29.1667,29.1667,29.1667,29.1667,29.1667,29.1667,32.5000,29.1667,29.1667,33.3333,4.7826,5.8504,6.3226,6.0000,6.0000,5.7814,5.6544,5.6544,7.1867,7.1867,7.1867,7.1867,7.1429,7.0071,6.8884,6.8884,5.3103,5.3103,6.2332
CALSFZ01_EVE006,19.4118,19.4118,19.4118,21.1765,21.1765,21.1765,21.1765,19.4118,19.4118,21.5190,21.5190,22.1519,21.5190,21.5190,21.5190,21.5190,21.5190,21.5190,21.5190,21.5190,21.5190,21.5190,21.5190,22.0779,22.0779,22.0779,22.0779,18.2353,0.0000,42.8571,42.8571,16.6667,16.6667,17.2691,17.2691,8.2569,8.2569,0.0000,0.0000,7.8300,8.5271,8.5271,13.3956,0.0000,0.0000,13.0841,12.4611,13.0841,13.3956,13.0841,13.0841,0.0000,10.9034,14.2857,33.3333,,99.2248,99.2248,99.2248,99.2248,99.2248,99.2248,99.2248,99.2248,99.2248,98.4496,97.6744,98.4496,96.8992,96.1240,93.0233,84.4961,84.4961,30.3226,30.3226,30.3226,26.6234,26.6234,26.6234,27.0968,27.0968,27.0968,27.0968,23.6453,23.6453,25.3731,25.3731,14.7321,14.2857,24.6988
CALSFZ01_EVE024,21.4660,21.4660,21.4660,23.0366,23.0366,23.0366,23.5602,21.4660,21.4660,23.4637,23.4637,24.0223,23.4637,23.4637,23.4637,23.4637,23.4637,23.4637,23.4637,23.4637,23.4637,23.4637,23.4637,24.0000,24.0000,24.0000,24.0000,20.4188,0.0000,53.8462,53.8462,18.0077,18.0077,18.5185,18.8889,9.6280,9.6280,0.0000,0.0000,9.1880,8.0000,8.0000,15.2047,0.0000,0.0000,14.9123,14.3275,14.9123,15.2047,14.9123,14.9123,0.0000,11.9883,40.9091,29.1667,99.2248,,100.0000,100.0000,100.0000,100.0000,100.0000,100.0000,100.0000,99.3333,98.6667,98.0000,99.2754,98.0000,96.6667,94.0741,84.6667,83.7037,30.6818,30.6818,30.6818,28.1250,28.1250,28.1250,28.9773,28.9773,28.9773,28.9773,25.8929,25.8929,27.0270,27.4775,17.9592,17.5510,25.6684
CALSFZ01_EVE025,21.4660,21.4660,21.4660,23.0366,23.0366,23.0366,23.5602,21.4660,21.4660,23.4637,23.4637,24.0223,23.4637,23.4637,23.4637,23.4637,23.4637,23.4637,23.4637,23.4637,23.4637,23.4637,23.4637,24.0000,24.0000,24.0000,24.0000,20.4188,0.0000,53.8462,53.8462,18.0077,18.0077,18.5185,18.8889,9.6280,9.6280,0.0000,0.0000,9.1880,8.0000,8.0000,15.2047,0.0000,0.0000,14.9123,14.3275,14.9123,15.2047,14.9123,14.9123,0.0000,11.9883,40.9091,29.1667,99.2248,100.0000,,100.0000,100.0000,100.0000,100.0000,100.0000,100.0000,99.3333,98.6667,98.0000,99.2754,98.0000,96.6667,94.0741,84.6667,83.7037,30.6818,30.6818,30.6818,28.1250,28.1250,28.1250,28.9773,28.9773,28.9773,28.9773,25.8929,25.8929,27.0270,27.4775,17.9592,17.5510,25.6684
CALSFZ01_EVE026,21.4660,21.4660,21.4660,23.0366,23.0366,23.0366,23.5602,21.4660,21.4660,23.4637,23.4637,24.0223,23.4637,23.4637,23.4637,23.4637,23.4637,23.4637,23.4637,23.4637,23.4637,23.4637,23.4637,24.0000,24.0000,24.0000,24.0000,20.4188,0.0000,53.8462,53.8462,18.0077,18.0077,18.5185,18.8889,9.6280,9.6280,0.0000,0.0000,9.1880,8.0000,8.0000,15.2047,0.0000,0.0000,14.9123,14.3275,14.9123,15.2047,14.9123,14.9123,0.0000,11.9883,40.9091,29.1667,99.2248,100.0000,100.0000,,100.0000,100.0000,100.0000,100.0000,100.0000,99.3333,98.6667,98.0000,99.2754,98.0000,96.6667,94.0741,84.6667,83.7037,30.6818,30.6818,30.6818,28.1250,28.1250,28.1250,28.9773,28.9773,28.9773,28.9773,25.8929,25.8929,27.0270,27.4775,17.9592,17.5510,25.6684
CALSFZ01_EVE027,21.4660,21.4660,21.4660,23.0366,23.0366,23.0366,23.5602,21.4660,21.4660,23.4637,23.4637,24.0223,23.4637,23.4637,23.4637,23.4637,23.4637,23.4637,23.4637,23.4637,23.4637,23.4637,23.4637,24.0000,24.0000,24.0000,24.0000,20.4188,0.0000,53.8462,53.8462,18.0077,18.0077,18.5185,18.8889,9.6280,9.6280,0.0000,0.0000,9.1880,8.0000,8.0000,15.2047,0.0000,0.0000,14.9123,14.3275,14.9123,15.2047,14.9123,14.9123,0.0000,11.9883,40.9091,29.1667,99.2248,100.0000,100.0000,100.0000,,100.0000,100.0000,100.0000,100.0000,99.3333,98.6667,98.0000,99.2754,98.0000,96.6667,94.0741,84.6667,83.7037,30.6818,30.6818,30.6818,28.1250,28.1250,28.1250,28.9773,28.9773,28.9773,28.9773,25.8929,25.8929,27.0270,27.4775,17.9592,17.5510,25.6684
GCF_943737925.1_idAnoNiliSN_F5_01_genomic_EVE030,21.4660,21.4660,21.4660,23.0366,23.0366,23.0366,23.5602,21.4660,21.4660,23.4637,23.4637,24.0223,23.4637,23.4637,23.4637,23.4637,23.4637,23.4637,23.4637,23.4637,23.4637,23.4637,23.4637,24.0000,24.0000,24.0000,24.0000,20.4188,0.0000,53.8462,53.8462,18.0077,18.0077,18.5185,18.8889,9.6280,9.6280,0.0000,0.0000,9.1880,8.0000,8.0000,15.2047,0.0000,0.0000,14.9123,14.3275,14.9123,15.2047,14.9123,14.9123,0.0000,11.9883,40.9091,29.1667,99.2248,100.0000,100.0000,100.0000,100.0000,,100.0000,100.0000,100.0000,99.3333,98.6667,98.0000,99.2754,98.0000,96.6667,94.0741,84.6667,83.7037,30.6818,30.6818,30.6818,28.1250,28.1250,28.1250,28.9773,28.9773,28.9773,28.9773,25.8929,25.8929,27.0270,27.4775,17.9592,17.5510,25.6684
GCF_943737925.1_idAnoNiliSN_F5_01_genomic_EVE031,21.4660,21.4660,21.4660,23.0366,23.0366,23.0366,23.5602,21.4660,21.4660,23.4637,23.4637,24.0223,23.4637,23.4637,23.4637,23.4637,23.4637,23.4637,23.4637,23.4637,23.4637,23.4637,23.4637,24.0000,24.0000,24.0000,24.0000,20.4188,0.0000,53.8462,53.8462,18.0077,18.0077,18.5185,18.8889,9.6280,9.6280,0.0000,0.0000,9.1880,8.0000,8.0000,15.2047,0.0000,0.0000,14.9123,14.3275,14.9123,15.2047,14.9123,14.9123,0.0000,11.9883,40.9091,29.1667,99.2248,100.0000,100.0000,100.0000,100.0000,100.0000,,100.0000,100.0000,99.3333,98.6667,98.0000,99.2754,98.0000,96.6667,94.0741,84.6667,83.7037,30.6818,30.6818,30.6818,28.1250,28.1250,28.1250,28.9773,28.9773,28.9773,28.9773,25.8929,25.8929,27.0270,27.4775,17.9592,17.5510,25.6684
GCF_943737925.1_idAnoNiliSN_F5_01_genomic_EVE032,21.4660,21.4660,21.4660,23.0366,23.0366,23.0366,23.5602,21.4660,21.4660,23.4637,23.4637,24.0223,23.4637,23.4637,23.4637,23.4637,23.4637,23.4637,23.4637,23.4637,23.4637,23.4637,23.4637,24.0000,24.0000,24.0000,24.0000,20.4188,0.0000,53.8462,53.8462,18.0077,18.0077,18.5185,18.8889,9.6280,9.6280,0.0000,0.0000,9.1880,8.0000,8.0000,15.2047,0.0000,0.0000,14.9123,14.3275,14.9123,15.2047,14.9123,14.9123,0.0000,11.9883,40.9091,29.1667,99.2248,100.0000,100.0000,100.0000,100.0000,100.0000,100.0000,,100.0000,99.3333,98.6667,98.0000,99.2754,98.0000,96.6667,94.0741,84.6667,83.7037,30.6818,30.6818,30.6818,28.1250,28.1250,28.1250,28.9773,28.9773,28.9773,28.9773,25.8929,25.8929,27.0270,27.4775,17.9592,17.5510,25.6684
GCF_943737925.1_idAnoNiliSN_F5_01_genomic_EVE033,21.4660,21.4660,21.4660,23.0366,23.0366,23.0366,23.5602,21.4660,21.4660,23.4637,23.4637,24.0223,23.4637,23.4637,23.4637,23.4637,23.4637,23.4637,23.4637,23.4637,23.4637,23.4637,23.4637,24.0000,24.0000,24.0000,24.0000,20.4188,0.0000,53.8462,53.8462,18.0077,18.0077,18.5185,18.8889,9.6280,9.6280,0.0000,0.0000,9.1880,8.0000,8.0000,15.2047,0.0000,0.0000,14.9123,14.3275,14.9123,15.2047,14.9123,14.9123,0.0000,11.9883,40.9091,29.1667,99.2248,100.0000,100.0000,100.0000,100.0000,100.0000,100.0000,100.0000,,99.3333,98.6667,98.0000,99.2754,98.0000,96.6667,94.0741,84.6667,83.7037,30.6818,30.6818,30.6818,28.1250,28.1250,28.1250,28.9773,28.9773,28.9773,28.9773,25.8929,25.8929,27.0270,27.4775,17.9592,17.5510,25.6684
GCF_943737925.1_idAnoNiliSN_F5_01_genomic_EVE028,20.9424,20.9424,20.9424,23.5602,23.0366,23.0366,23.5602,20.9424,20.9424,22.9050,22.9050,23.4637,22.9050,22.9050,22.9050,22.9050,22.9050,22.9050,22.9050,22.9050,22.9050,22.9050,22.9050,23.4286,23.4286,23.4286,23.4286,20.4188,0.0000,53.8462,53.8462,17.6245,17.6245,18.1481,18.5185,9.4092,9.4092,0.0000,0.0000,9.4017,8.0000,8.0000,14.9123,0.0000,0.0000,14.6199,14.0351,14.6199,14.9123,14.6199,14.6199,0.0000,11.6959,36.3636,29.1667,99.2248,99.3333,99.3333,99.3333,99.3333,99.3333,99.3333,99.3333,99.3333,,99.3333,98.6667,99.2754,97.3333,97.3333,94.0741,85.3333,83.7037,31.2500,31.2500,31.2500,28.1250,28.1250,28.1250,28.4091,28.4091,28.4091,28.4091,25.4464,25.4464,27.0270,27.0270,18.3673,17.9592,25.1337
GCF_943737925.1_idAnoNiliSN_F5_01_genomic_EVE029,20.9424,20.9424,20.9424,23.5602,23.0366,23.0366,23.5602,20.9424,20.9424,22.9050,22.9050,23.4637,22.9050,22.9050,22.9050,22.9050,22.9050,22.9050,22.9050,22.9050,22.9050,22.9050,22.9050,23.4286,23.4286,23.4286,23.4286,20.4188,0.0000,53.8462,53.8462,17.6245,17.6245,18.1481,18.5185,9.4092,9.4092,0.0000,0.0000,9.1880,8.0000,8.0000,14.9123,0.0000,0.0000,14.6199,14.0351,14.6199,14.9123,14.6199,14.6199,0.0000,11.6959,36.3636,29.1667,98.4496,98.6667,98.6667,98.6667,98.6667,98.6667,98.6667,98.6667,98.6667,99.3333,,98.0000,98.5507,96.6667,96.6667,93.3333,84.6667,82.9630,31.2500,31.2500,31.2500,28.1250,28.1250,28.1250,28.4091,28.4091,28.4091,28.4091,25.8929,25.8929,27.4775,27.4775,18.3673,17.9592,25.1337
CALSFZ01_EVE023,21.4660,21.4660,21.4660,24.0838,23.5602,23.5602,24.0838,21.4660,21.4660,23.4637,23.4637,24.0223,23.4637,23.4637,23.4637,23.4637,23.4637,23.4637,23.4637,23.4637,23.4637,23.4637,23.4637,24.0000,24.0000,24.0000,24.0000,20.9424,0.0000,53.8462,53.8462,17.6245,17.6245,18.1481,18.5185,9.8468,9.8468,0.0000,0.0000,9.6154,7.3333,7.3333,14.9123,0.0000,0.0000,14.6199,14.0351,14.6199,14.9123,14.6199,14.6199,0.0000,11.1111,36.3636,29.1667,97.6744,98.0000,98.0000,98.0000,98.0000,98.0000,98.0000,98.0000,98.0000,98.6667,98.0000,,99.2754,96.0000,96.0000,92.5926,84.0000,82.2222,31.2500,31.2500,31.2500,28.1250,28.1250,28.1250,28.9773,28.9773,28.9773,28.9773,24.5536,24.5536,26.1261,26.1261,18.7755,18.3673,25.1337
GCF_943737925.1_idAnoNiliSN_F5_01_genomic_EVE001,21.0811,21.0811,21.0811,23.2432,23.2432,23.2432,23.7838,21.0811,21.0811,23.1214,23.1214,23.6994,23.1214,23.1214,23.1214,23.1214,23.1214,23.1214,23.1214,23.1214,23.1214,23.1214,23.1214,23.6686,23.6686,23.6686,23.6686,20.5405,0.0000,47.3684,47.3684,16.8627,16.8627,16.6667,16.6667,9.0909,9.0909,0.0000,0.0000,9.0909,9.0278,9.0278,13.9881,0.0000,0.0000,13.9881,13.3929,13.9881,14.2857,13.6905,13.6905,0.0000,11.3095,20.0000,32.5000,98.4496,99.2754,99.2754,99.2754,99.2754,99.2754,99.2754,99.2754,99.2754,99.2754,98.5507,99.2754,,97.1014,96.3768,93.3333,80.5556,80.1418,31.1765,31.1765,31.1765,28.3133,27.7108,27.7108,30.0000,30.0000,30.0000,30.0000,23.8532,23.8532,25.4630,25.4630,15.8996,15.4812,24.3094
CALSFZ01_EVE021,21.4660,21.4660,21.4660,23.0366,23.0366,23.0366,23.5602,21.4660,21.4660,23.4637,23.4637,24.0223,23.4637,23.4637,23.4637,23.4637,23.4637,23.4637,23.4637,23.4637,23.4637,23.4637,23.4637,24.0000,24.0000,24.0000,24.0000,20.4188,0.0000,53.8462,53.8462,17.6245,17.6245,18.5185,18.8889,9.4092,9.4092,0.0000,0.0000,9.1880,8.0000,8.0000,14.6199,0.0000,0.0000,14.3275,13.7427,14.3275,14.6199,14.3275,14.3275,0.0000,11.6959,40.9091,29.1667,96.8992,98.0000,98.0000,98.0000,98.0000,98.0000,98.0000,98.0000,98.0000,97.3333,96.6667,96.0000,97.1014,,98.6667,93.3333,84.0000,82.9630,30.1136,30.1136,30.1136,26.8750,26.8750,26.8750,27.8409,27.8409,27.8409,27.8409,25.4464,25.4464,26.5766,27.0270,17.9592,17.5510,26.2032
GCF_943737925.1_idAnoNiliSN_F5_01_genomic_EVE025,20.9424,20.9424,20.9424,23.5602,23.0366,23.0366,23.5602,20.9424,20.9424,22.9050,22.9050,23.4637,22.9050,22.9050,22.9050,22.9050,22.9050,22.9050,22.9050,22.9050,22.9050,22.9050,22.9050,23.4286,23.4286,23.4286,23.4286,20.4188,0.0000,53.8462,53.8462,17.6245,17.6245,18.5185,18.8889,8.9716,8.9716,0.0000,0.0000,9.1880,8.0000,8.0000,14.6199,0.0000,0.0000,14.3275,13.7427,14.3275,14.6199,14.3275,14.3275,0.0000,11.6959,36.3636,29.1667,96.1240,96.6667,96.6667,96.6667,96.6667,96.6667,96.6667,96.6667,96.6667,97.3333,96.6667,96.0000,96.3768,98.6667,,92.5926,85.3333,83.7037,30.1136,30.1136,30.1136,26.8750,26.8750,26.8750,26.7045,26.7045,26.7045,26.7045,24.5536,24.5536,26.1261,26.1261,18.3673,17.9592,26.2032
CALSFZ01_EVE007,22.1591,22.1591,22.1591,22.7273,22.7273,22.7273,23.2955,22.1591,22.1591,24.3902,24.3902,23.7805,24.3902,24.3902,24.3902,24.3902,24.3902,24.3902,24.3902,24.3902,24.3902,24.3902,23.7805,25.0000,25.0000,25.0000,25.0000,19.8864,0.0000,53.8462,53.8462,15.8537,15.8537,15.2941,15.2941,8.5973,8.5973,0.0000,0.0000,9.2715,8.1481,8.1481,12.5382,0.0000,0.0000,12.2324,11.6208,12.2324,12.5382,12.2324,12.2324,0.0000,10.3976,28.5714,33.3333,93.0233,94.0741,94.0741,94.0741,94.0741,94.0741,94.0741,94.0741,94.0741,94.0741,93.3333,92.5926,93.3333,93.3333,92.5926,,82.9630,82.9630,32.2981,32.2981,32.2981,28.1250,28.1250,28.1250,29.1925,29.1925,29.1925,29.1925,24.4019,24.4019,26.0870,26.0870,16.0870,15.6522,23.8372
CALSFZ01_EVE020,23.6486,22.7477,23.6486,23.6486,22.5000,22.9545,23.1818,21.8182,21.8182,22.4299,22.4299,22.6636,22.6636,22.4299,22.4299,22.4299,22.4299,22.4299,22.4299,22.6636,22.6636,22.4299,21.9626,22.6415,22.6415,22.6415,22.6415,21.5909,22.7468,23.2824,23.2824,14.2497,14.2497,18.9189,19.2568,13.7514,13.2013,31.7073,29.2683,8.7821,8.3032,7.5000,13.9810,16.3462,0.0000,14.0980,13.7395,14.0980,14.2174,14.0980,14.0980,0.0000,12.9032,40.9091,4.7826,84.4961,84.6667,84.6667,84.6667,84.6667,84.6667,84.6667,84.6667,84.6667,85.3333,84.6667,84.0000,80.5556,84.0000,85.3333,82.9630,,98.9583,29.9766,30.7506,30.7506,32.5183,32.5183,32.5183,29.8824,29.8824,29.8824,29.8824,25.8799,26.7081,28.0665,28.0665,22.6000,22.4000,22.1461
GCF_943737925.1_idAnoNiliSN_F5_01_genomic_EVE002,22.9581,22.2958,23.1788,22.7373,21.8263,22.2717,22.4944,21.5962,21.1581,22.2222,22.2222,22.4638,22.4638,22.2222,22.2222,22.2222,22.2222,22.2222,22.2222,22.4638,22.4638,22.2222,21.7391,22.4390,22.4390,22.4390,22.4390,20.5817,23.7354,24.9110,24.9110,14.5885,14.5885,17.7936,17.7936,14.0523,13.5076,32.3077,30.7692,8.8816,8.7786,7.9245,13.8335,18.7500,50.0000,13.9480,13.3570,13.9480,14.0662,13.9480,13.9480,0.0000,12.7660,28.5714,5.8504,84.4961,83.7037,83.7037,83.7037,83.7037,83.7037,83.7037,83.7037,83.7037,83.7037,82.9630,82.2222,80.1418,82.9630,83.7037,82.9630,98.9583,,30.0971,31.4070,31.4070,32.5183,32.5183,32.5183,29.7235,29.7235,29.7235,29.7235,25.8130,26.6260,27.9592,27.9592,21.8075,21.6110,21.9114
CALSFZ01_EVE030,26.2712,26.2712,26.0593,25.8475,24.1525,24.5763,24.7881,24.7881,25.0000,25.2174,25.2174,25.2174,25.2174,25.2174,25.2174,25.2174,25.2174,25.2174,25.2174,25.2174,25.4860,25.4348,25.0000,25.4386,25.4386,25.4386,25.4386,23.9407,20.4444,18.2186,18.2186,17.6678,17.6678,22.0812,22.3350,16.7508,16.7508,48.2759,51.7241,12.1423,6.5060,6.2201,16.2366,13.0435,0.0000,16.2514,16.3597,16.2514,16.3597,16.2514,16.2514,13.3333,16.1045,25.0000,6.3226,30.3226,30.6818,30.6818,30.6818,30.6818,30.6818,30.6818,30.6818,30.6818,31.2500,31.2500,31.2500,31.1765,30.1136,30.1136,32.2981,29.9766,30.0971,,96.4427,96.4427,67.6020,67.6020,67.6020,67.4134,67.4134,67.6171,67.6171,23.1638,24.2938,24.9548,25.1356,22.7612,23.8731,20.6019
GCF_943737925.1_idAnoNiliSN_F5_01_genomic_EVE038,26.4069,26.4069,26.1905,25.9740,24.8908,25.1092,25.3275,25.3275,25.5459,25.7848,25.7848,25.7848,25.7848,25.7848,25.7848,25.7848,25.7848,25.7848,25.7848,25.7848,26.0579,26.0090,25.5605,26.0181,26.0181,26.0181,26.0181,24.4541,22.7488,19.3133,19.3133,17.9245,17.9245,22.3350,22.5888,16.0444,15.9435,48.2759,51.7241,12.0650,6.9825,6.6832,16.2366,13.0435,0.0000,16.2514,16.2514,16.2514,16.3597,16.2514,16.2514,13.3333,15.8868,25.0000,6.0000,30.3226,30.6818,30.6818,30.6818,30.6818,30.6818,30.6818,30.6818,30.6818,31.2500,31.2500,31.2500,31.1765,30.1136,30.1136,32.2981,30.7506,31.4070,96.4427,,100.0000,70.6349,70.6349,70.6349,69.3920,69.3920,69.6017,69.6017,23.5521,24.7104,25.3704,25.5556,22.9446,24.0614,20.2381
GCF_943737925.1_idAnoNiliSN_F5_01_genomic_EVE039,26.4069,26.4069,26.1905,25.9740,24.8908,25.1092,25.3275,25.3275,25.5459,25.7848,25.7848,25.7848,25.7848,25.7848,25.7848,25.7848,25.7848,25.7848,25.7848,25.7848,26.0579,26.0090,25.5605,26.0181,26.0181,26.0181,26.0181,24.4541,22.7488,19.3133,19.3133,17.9245,17.9245,22.3350,22.5888,16.0444,15.9435,48.2759,51.7241,12.0650,6.9825,6.6832,16.2366,13.0435,0.0000,16.2514,16.2514,16.2514,16.3597,16.2514,16.2514,13.3333,15.8868,25.0000,6.0000,30.3226,30.6818,30.6818,30.6818,30.6818,30.6818,30.6818,30.6818,30.6818,31.2500,31.2500,31.2500,31.1765,30.1136,30.1136,32.2981,30.7506,31.4070,96.4427,100.0000,,70.6349,70.6349,70.6349,69.3920,69.3920,69.6017,69.6017,23.5521,24.7104,25.3704,25.5556,22.9446,24.0614,20.2381
CALSFZ01_EVE032,25.2983,25.0597,25.0597,24.8210,23.3735,23.6145,23.6145,23.3735,24.0964,24.3176,24.3176,24.5658,24.3176,24.3176,24.3176,24.3176,24.3176,24.3176,24.3176,24.3176,24.3176,24.3176,24.0695,24.8120,24.8120,24.8120,24.8120,23.8554,19.2825,22.8571,22.8571,17.4707,17.4707,21.4286,21.7857,15.6355,15.7480,34.1463,36.5854,9.9076,9.7561,9.6552,15.5797,14.4231,0.0000,15.7125,15.7125,15.7125,15.7125,15.5907,15.5907,0.0000,15.7125,50.0000,5.7814,26.6234,28.1250,28.1250,28.1250,28.1250,28.1250,28.1250,28.1250,28.1250,28.1250,28.1250,28.1250,28.3133,26.8750,26.8750,28.1250,32.5183,32.5183,67.6020,70.6349,70.6349,,99.2308,99.2308,64.1026,64.1026,64.1026,64.1026,22.6981,24.6253,24.9462,24.9462,22.9339,22.9339,23.5294
GCF_943737925.1_idAnoNiliSN_F5_01_genomic_EVE047,25.2983,25.0597,25.0597,24.8210,23.3735,23.6145,23.6145,23.3735,24.0964,24.3176,24.3176,24.5658,24.3176,24.3176,24.3176,24.3176,24.3176,24.3176,24.3176,24.3176,24.3176,24.3176,24.0695,24.8120,24.8120,24.8120,24.8120,23.8554,19.2825,23.2653,23.2653,17.3403,17.3403,21.7857,22.1429,15.6355,15.7480,34.1463,36.5854,9.7397,10.1045,10.0000,15.4589,14.4231,0.0000,15.5907,15.5907,15.5907,15.5907,15.4689,15.4689,0.0000,15.5907,50.0000,5.6544,26.6234,28.1250,28.1250,28.1250,28.1250,28.1250,28.1250,28.1250,28.1250,28.1250,28.1250,28.1250,27.7108,26.8750,26.8750,28.1250,32.5183,32.5183,67.6020,70.6349,70.6349,99.2308,,100.0000,64.1026,64.1026,64.1026,64.1026,22.6981,24.6253,24.9462,24.9462,22.9339,22.9339,23.5294
GCF_943737925.1_idAnoNiliSN_F5_01_genomic_EVE048,25.2983,25.0597,25.0597,24.8210,23.3735,23.6145,23.6145,23.3735,24.0964,24.3176,24.3176,24.5658,24.3176,24.3176,24.3176,24.3176,24.3176,24.3176,24.3176,24.3176,24.3176,24.3176,24.0695,24.8120,24.8120,24.8120,24.8120,23.8554,19.2825,23.2653,23.2653,17.3403,17.3403,21.7857,22.1429,15.6355,15.7480,34.1463,36.5854,9.7397,10.1045,10.0000,15.4589,14.4231,0.0000,15.5907,15.5907,15.5907,15.5907,15.4689,15.4689,0.0000,15.5907,50.0000,5.6544,26.6234,28.1250,28.1250,28.1250,28.1250,28.1250,28.1250,28.1250,28.1250,28.1250,28.1250,28.1250,27.7108,26.8750,26.8750,28.1250,32.5183,32.5183,67.6020,70.6349,70.6349,99.2308,100.0000,,64.1026,64.1026,64.1026,64.1026,22.6981,24.6253,24.9462,24.9462,22.9339,22.9339,23.5294
CALSFZ01_EVE031,26.9461,26.7465,26.9461,26.5469,25.1509,25.5533,25.3521,25.9023,25.9557,26.3617,26.3617,26.5795,26.1438,26.3617,26.3617,26.3617,26.3617,26.3617,26.3617,26.5795,27.0563,26.5795,26.1438,26.5934,26.5934,26.5934,26.5934,25.6098,22.4000,20.4545,20.8333,17.1364,17.1364,22.6913,22.6913,16.1576,15.7635,25.0000,26.4706,10.7821,7.7720,8.2262,15.1992,14.5038,40.0000,15.4171,15.2059,15.4171,15.2381,15.4171,15.4171,6.6667,14.7835,23.8095,7.1867,27.0968,28.9773,28.9773,28.9773,28.9773,28.9773,28.9773,28.9773,28.9773,28.4091,28.4091,28.9773,30.0000,27.8409,26.7045,29.1925,29.8824,29.7235,67.4134,69.3920,69.3920,64.1026,64.1026,64.1026,,100.0000,99.6124,99.6124,22.2621,23.5189,23.8342,24.0069,25.2669,25.4098,22.3744
GCF_943737925.1_idAnoNiliSN_F5_01_genomic_EVE046,26.9461,26.7465,26.9461,26.5469,25.1509,25.5533,25.3521,25.9023,25.9557,26.3617,26.3617,26.5795,26.1438,26.3617,26.3617,26.3617,26.3617,26.3617,26.3617,26.5795,27.0563,26.5795,26.1438,26.5934,26.5934,26.5934,26.5934,25.6098,22.4000,20.4545,20.8333,17.1364,17.1364,22.6913,22.6913,16.1576,15.7635,25.0000,26.4706,10.7821,7.7720,8.2262,15.1992,14.5038,40.0000,15.4171,15.2059,15.4171,15.2381,15.4171,15.4171,6.6667,14.7835,23.8095,7.1867,27.0968,28.9773,28.9773,28.9773,28.9773,28.9773,28.9773,28.9773,28.9773,28.4091,28.4091,28.9773,30.0000,27.8409,26.7045,29.1925,29.8824,29.7235,67.4134,69.3920,69.3920,64.1026,64.1026,64.1026,100.0000,,99.6124,99.6124,22.2621,23.5189,23.8342,24.0069,25.2669,25.4098,22.3744
GCF_943737925.1_idAnoNiliSN_F5_01_genomic_EVE044,26.9461,26.7465,26.9461,26.5469,25.1509,25.5533,25.3521,25.9023,25.9557,26.3617,26.3617,26.5795,26.1438,26.3617,26.3617,26.3617,26.3617,26.3617,26.3617,26.5795,27.0563,26.5795,26.1438,26.5934,26.5934,26.5934,26.5934,25.6098,22.4000,20.4545,20.8333,17.0237,17.0237,22.6913,22.6913,15.9606,15.5665,25.0000,26.4706,10.7062,7.7720,8.2262,15.0943,14.5038,40.0000,15.3115,15.1003,15.3115,15.1323,15.3115,15.3115,6.6667,14.7835,23.8095,7.1867,27.0968,28.9773,28.9773,28.9773,28.9773,28.9773,28.9773,28.9773,28.9773,28.4091,28.4091,28.9773,30.0000,27.8409,26.7045,29.1925,29.8824,29.7235,67.6171,69.6017,69.6017,64.1026,64.1026,64.1026,99.6124,99.6124,,99.6124,22.0826,23.3393,23.4888,23.6615,25.2669,25.5738,22.1461
GCF_943737925.1_idAnoNiliSN_F5_01_genomic_EVE045,26.7465,26.5469,26.7465,26.3473,24.9497,25.3521,25.1509,25.6900,25.7545,26.1438,26.1438,26.3617,25.9259,26.1438,26.1438,26.1438,26.1438,26.1438,26.1438,26.3617,26.8398,26.3617,25.9259,26.3736,26.3736,26.3736,26.3736,25.4065,22.0000,20.4545,20.8333,17.0237,17.0237,22.6913,22.6913,16.0591,15.6650,25.0000,26.4706,10.7821,7.5130,7.9692,15.3040,14.5038,40.0000,15.5227,15.3115,15.5227,15.3439,15.5227,15.5227,6.6667,14.8891,23.8095,7.1867,27.0968,28.9773,28.9773,28.9773,28.9773,28.9773,28.9773,28.9773,28.9773,28.4091,28.4091,28.9773,30.0000,27.8409,26.7045,29.1925,29.8824,29.7235,67.6171,69.6017,69.6017,64.1026,64.1026,64.1026,99.6124,99.6124,99.6124,,22.2621,23.5189,23.6615,23.8342,25.2669,25.5738,22.6027
CALSFZ01_EVE016,24.0642,23.8859,24.5989,23.7077,22.8007,22.4417,23.3393,23.0916,23.1598,23.0469,23.0469,23.0469,23.0469,22.8516,22.8516,22.8516,22.8516,22.8516,22.8516,23.0469,23.1068,23.0469,23.2422,22.8346,22.8346,22.8346,22.8346,22.2018,18.8679,20.6522,20.2899,16.5385,16.5385,24.4032,24.6684,15.8266,16.0121,20.7650,20.2186,12.8223,7.5521,7.7519,18.2090,18.9815,24.4444,18.5371,18.0361,18.4369,17.7827,18.4369,18.4369,0.0000,16.4329,33.3333,7.1429,23.6453,25.8929,25.8929,25.8929,25.8929,25.8929,25.8929,25.8929,25.8929,25.4464,25.8929,24.5536,23.8532,25.4464,24.5536,24.4019,25.8799,25.8130,23.1638,23.5521,23.5521,22.6981,22.6981,22.6981,22.2621,22.2621,22.0826,22.2621,,96.9950,93.4891,93.4891,22.1053,21.9931,20.3390
GCF_943737925.1_idAnoNiliSN_F5_01_genomic_EVE014,24.5989,24.4207,25.1337,24.2424,23.3393,22.9803,23.8779,23.6641,23.6984,23.6328,23.6328,23.6328,23.6328,23.4375,23.4375,23.4375,23.4375,23.4375,23.4375,23.6328,23.6893,23.6328,23.8281,23.4252,23.4252,23.4252,23.4252,22.7523,21.1321,22.1014,21.7391,17.0192,17.0192,24.4032,24.6684,16.3142,16.5156,20.7650,20.2186,13.2521,7.5521,7.7519,18.7065,18.5185,24.4444,19.0381,18.4369,18.9379,18.3315,18.9379,18.9379,0.0000,17.2345,33.3333,7.0071,23.6453,25.8929,25.8929,25.8929,25.8929,25.8929,25.8929,25.8929,25.8929,25.4464,25.8929,24.5536,23.8532,25.4464,24.5536,24.4019,26.7081,26.6260,24.2938,24.7104,24.7104,24.6253,24.6253,24.6253,23.5189,23.5189,23.3393,23.5189,96.9950,,95.9933,96.3272,22.8070,22.6804,19.6721
CALSFZ01_EVE017,24.8658,24.6869,25.4025,24.6869,23.7838,23.4234,24.3243,23.7548,23.7838,23.7255,23.7255,23.7255,23.7255,23.5294,23.5294,23.5294,23.5294,23.5294,23.5294,23.7255,23.7817,23.7255,23.9216,23.5178,23.5178,23.5178,23.5178,23.2044,21.1321,22.4638,22.1014,16.6667,16.7608,23.0576,23.3083,16.5192,16.7158,21.3115,20.7650,13.6620,6.8966,7.0905,19.2795,18.5185,23.3333,19.6078,19.0196,19.5098,19.0782,19.5098,19.5098,33.3333,18.0392,35.4839,6.8884,25.3731,27.0270,27.0270,27.0270,27.0270,27.0270,27.0270,27.0270,27.0270,27.0270,27.4775,26.1261,25.4630,26.5766,26.1261,26.0870,28.0665,27.9592,24.9548,25.3704,25.3704,24.9462,24.9462,24.9462,23.8342,23.8342,23.4888,23.6615,93.4891,95.9933,,99.3559,23.0634,23.1788,19.4672
GCF_943737925.1_idAnoNiliSN_F5_01_genomic_EVE015,25.2236,25.0447,25.7603,24.8658,23.7838,23.4234,24.3243,24.1379,24.1441,24.1176,24.1176,24.1176,24.1176,23.9216,23.9216,23.9216,23.9216,23.9216,23.9216,24.1176,24.1715,24.1176,24.3137,23.9130,23.9130,23.9130,23.9130,23.2044,21.1321,22.4638,22.1014,16.6667,16.7608,23.3083,23.5589,16.7158,16.9125,20.7650,20.2186,13.5211,6.8966,7.0905,19.3768,18.5185,24.4444,19.7059,19.1176,19.6078,19.0782,19.6078,19.6078,33.3333,18.3333,36.5591,6.8884,25.3731,27.4775,27.4775,27.4775,27.4775,27.4775,27.4775,27.4775,27.4775,27.0270,27.4775,26.1261,25.4630,27.0270,26.1261,26.0870,28.0665,27.9592,25.1356,25.5556,25.5556,24.9462,24.9462,24.9462,24.0069,24.0069,23.6615,23.8342,93.4891,96.3272,99.3559,,23.2394,23.3444,19.6721
CALSFZ01_EVE033,23.2014,24.2806,23.5612,23.7410,23.6599,23.6599,24.0296,23.2877,23.4750,23.4834,23.4834,23.4834,23.4834,23.6791,23.6791,23.6791,23.6791,23.6791,23.6791,23.4834,23.4834,23.0920,23.6791,23.7255,23.7255,23.7255,23.7255,23.6842,27.8689,22.8682,22.8682,16.8490,16.8490,22.0207,22.0207,15.1795,15.1795,27.7778,29.1667,11.7046,7.6517,8.3770,17.9654,20.0000,11.1111,17.8844,18.2116,17.8844,17.7827,17.8844,17.8844,0.0000,17.2301,40.3509,5.3103,14.7321,17.9592,17.9592,17.9592,17.9592,17.9592,17.9592,17.9592,17.9592,18.3673,18.3673,18.7755,15.8996,17.9592,18.3673,16.0870,22.6000,21.8075,22.7612,22.9446,22.9446,22.9339,22.9339,22.9339,25.2669,25.2669,25.2669,25.2669,22.1053,22.8070,23.0634,23.2394,,99.4413,19.0945
GCF_943737925.1_idAnoNiliSN_F5_01_genomic_EVE053,23.2143,24.2857,23.5714,23.7500,23.6697,23.6697,24.0367,23.3010,23.4862,23.4951,23.4951,23.4951,23.4951,23.6893,23.6893,23.6893,23.6893,23.6893,23.6893,23.4951,23.5521,23.1068,23.6893,23.7354,23.7354,23.7354,23.7354,23.6940,27.8689,22.8682,22.8682,17.2594,17.2594,22.1849,21.6807,16.2541,16.2541,27.7778,29.1667,10.9784,5.4206,5.9480,18.3816,20.0000,11.1111,18.3099,18.7123,18.3099,18.2186,18.3099,15.1515,8.1886,17.2131,30.1136,5.3103,14.2857,17.5510,17.5510,17.5510,17.5510,17.5510,17.5510,17.5510,17.5510,17.9592,17.9592,18.3673,15.4812,17.5510,17.9592,15.6522,22.4000,21.6110,23.8731,24.0614,24.0614,22.9339,22.9339,22.9339,25.4098,25.4098,25.5738,25.5738,21.9931,22.6804,23.1788,23.3444,99.4413,,19.0945
CALSFZ01_EVE029 (reversed),25.7403,25.5125,25.5708,24.8292,23.8532,24.3119,23.8532,24.8260,25.2294,25.4157,25.4157,25.4157,25.4157,25.4157,25.4157,25.4157,25.4157,25.4157,25.1781,25.4157,25.4157,25.1781,26.1283,25.6595,25.6595,25.6595,25.6595,24.0826,20.8531,17.7215,17.7215,13.1351,13.1351,21.0191,20.7006,13.3987,13.1952,29.7872,31.9149,9.5823,11.0032,10.5769,12.5145,11.8182,0.0000,12.7336,12.6168,12.7336,12.7336,12.8505,12.8505,0.0000,11.3318,16.6667,6.2332,24.6988,25.6684,25.6684,25.6684,25.6684,25.6684,25.6684,25.6684,25.6684,25.1337,25.1337,25.1337,24.3094,26.2032,26.2032,23.8372,22.1461,21.9114,20.6019,20.2381,20.2381,23.5294,23.5294,23.5294,22.3744,22.3744,22.1461,22.6027,20.3390,19.6721,19.4672,19.6721,19.0945,19.0945,
