,CALSDS01_EVE001,GCF_943734735.2_idAnoGambNW_F1_1_genomic_EVE002,CALSDS01_EVE002,GCF_943734735.2_idAnoGambNW_F1_1_genomic_EVE001,CALSDS01_EVE003,GCF_943734735.2_idAnoGambNW_F1_1_genomic_EVE003,CALSDS01_EVE010,CALSDS01_EVE011,CALSDS01_EVE012,CALSDS01_EVE013,CALSDS01_EVE014,CALSDS01_EVE015,GCF_943734735.2_idAnoGambNW_F1_1_genomic_EVE014,GCF_943734735.2_idAnoGambNW_F1_1_genomic_EVE016,CALSDS01_EVE017,CALSDS01_EVE018,GCF_943734735.2_idAnoGambNW_F1_1_genomic_EVE019,CALSDS01_EVE019,CALSDS01_EVE029,CALSDS01_EVE030,GCF_943734735.2_idAnoGambNW_F1_1_genomic_EVE030,GCF_943734735.2_idAnoGambNW_F1_1_genomic_EVE031,GCF_943734735.2_idAnoGambNW_F1_1_genomic_EVE041,CALSDS01_EVE023,GCF_943734735.2_idAnoGambNW_F1_1_genomic_EVE022,CALSDS01_EVE027,GCF_943734735.2_idAnoGambNW_F1_1_genomic_EVE027,CALSDS01_EVE031,GCF_943734735.2_idAnoGambNW_F1_1_genomic_EVE033,CALSDS01_EVE037,GCF_943734735.2_idAnoGambNW_F1_1_genomic_EVE040,GCF_943734735.2_idAnoGambNW_F1_1_genomic_EVE020,CALSDS01_EVE024,GCF_943734735.2_idAnoGambNW_F1_1_genomic_EVE025,CALSDS01_EVE034,GCF_943734735.2_idAnoGambNW_F1_1_genomic_EVE039,CALSDS01_EVE032,CALSDS01_EVE033,CALSDS01_EVE035,GCF_943734735.2_idAnoGambNW_F1_1_genomic_EVE034,GCF_943734735.2_idAnoGambNW_F1_1_genomic_EVE035,GCF_943734735.2_idAnoGambNW_F1_1_genomic_EVE032,GCF_943734735.2_idAnoGambNW_F1_1_genomic_EVE037,CALSDS01_EVE036,GCF_943734735.2_idAnoGambNW_F1_1_genomic_EVE036,CALSDS01_EVE028,GCF_943734735.2_idAnoGambNW_F1_1_genomic_EVE028,CALSDS01_EVE020,CALSDS01_EVE022,GCF_943734735.2_idAnoGambNW_F1_1_genomic_EVE023,CALSDS01_EVE021,GCF_943734735.2_idAnoGambNW_F1_1_genomic_EVE021,GCF_943734735.2_idAnoGambNW_F1_1_genomic_EVE024,CALSDS01_EVE026,GCF_943734735.2_idAnoGambNW_F1_1_genomic_EVE029,GCF_943734735.2_idAnoGambNW_F1_1_genomic_EVE026,CALSDS01_EVE004,GCF_943734735.2_idAnoGambNW_F1_1_genomic_EVE004,CALSDS01_EVE005,CALSDS01_EVE006,CALSDS01_EVE007,CALSDS01_EVE009,GCF_943734735.2_idAnoGambNW_F1_1_genomic_EVE005,GCF_943734735.2_idAnoGambNW_F1_1_genomic_EVE006,GCF_943734735.2_idAnoGambNW_F1_1_genomic_EVE008,CALSDS01_EVE008,GCF_943734735.2_idAnoGambNW_F1_1_genomic_EVE007,GCF_943734735.2_idAnoGambNW_F1_1_genomic_EVE018 (reversed),CALSDS01_EVE016,GCF_943734735.2_idAnoGambNW_F1_1_genomic_EVE012,GCF_943734735.2_idAnoGambNW_F1_1_genomic_EVE013,GCF_943734735.2_idAnoGambNW_F1_1_genomic_EVE009,GCF_943734735.2_idAnoGambNW_F1_1_genomic_EVE010,GCF_943734735.2_idAnoGambNW_F1_1_genomic_EVE011,CALSDS01_EVE025,GCF_943734735.2_idAnoGambNW_F1_1_genomic_EVE015
CALSDS01_EVE001,,95.9391,19.1781,19.0259,31.1258,31.1258,30.2083,30.2083,30.2083,30.2083,30.2083,30.2083,30.4348,29.8137,30.1676,35.8025,35.8025,0.0000,29.5872,29.5872,29.3578,29.8165,0.0000,0.0000,0.0000,26.0870,26.0870,26.8349,26.6055,21.4689,0.0000,29.8343,26.2570,25.9777,29.1667,30.3922,26.9022,26.9022,26.9022,27.1739,26.9022,26.6304,24.4565,28.2383,28.4974,22.0513,22.0513,29.7650,20.0000,24.4604,26.9350,26.9350,32.5243,25.6410,24.8042,27.4151,28.4314,28.4314,28.9216,28.9216,28.9216,28.9216,28.9216,28.9216,28.9216,28.9216,28.9216,20.0000,25.6410,29.9595,26.5789,25.1534,25.1534,23.3516,28.0000,24.2424
GCF_943734735.2_idAnoGambNW_F1_1_genomic_EVE002,95.9391,,19.7869,19.6347,31.7881,31.7881,32.2917,32.2917,32.2917,32.2917,32.2917,32.2917,31.0559,30.4348,31.2849,35.8025,35.8025,0.0000,29.1284,29.1284,28.8991,29.3578,0.0000,0.0000,0.0000,25.6917,25.6917,26.1468,25.9174,21.4689,0.0000,30.3867,25.9777,25.4190,29.1667,29.9020,26.3587,26.3587,26.3587,26.6304,26.3587,26.0870,24.1848,27.7202,27.9793,21.7094,21.7094,27.6762,17.7778,24.1007,25.3870,25.3870,30.0971,23.5897,22.9765,26.3708,27.4510,27.4510,27.9412,27.9412,27.9412,27.9412,27.9412,27.9412,27.9412,27.9412,27.9412,19.2381,26.2108,30.3644,27.1053,25.7669,25.7669,23.3516,28.0000,24.9158
CALSDS01_EVE002,19.1781,19.7869,,99.5289,21.0256,21.0256,17.4479,17.4479,17.4479,17.4479,17.4479,17.4479,16.1473,15.8640,16.1725,31.7172,31.7172,27.4336,24.1311,24.1311,24.1967,24.1967,33.5423,21.0106,13.6054,22.5728,22.5728,23.7288,23.5332,27.0799,30.8571,24.0612,22.1193,21.8107,17.1548,24.0933,20.8333,20.9350,20.9350,21.1382,20.8333,20.7317,20.1220,21.1211,19.0583,18.4008,18.4008,20.8264,14.9466,18.7198,17.8744,17.7536,26.9504,20.2941,19.7015,21.0287,17.2973,17.2973,17.5676,17.5676,17.5676,17.5676,17.5676,17.5676,17.5676,17.5676,17.5676,25.2538,18.9916,17.0507,18.7500,15.4286,15.4286,20.0680,16.4474,18.5022
GCF_943734735.2_idAnoGambNW_F1_1_genomic_EVE001,19.0259,19.6347,99.5289,,21.0256,21.0256,17.1875,17.1875,17.1875,17.1875,17.1875,17.1875,16.1473,15.8640,16.1725,31.5152,31.5152,27.4336,24.0000,24.0000,24.0656,24.0656,33.8558,20.7447,12.9252,22.4515,22.4515,23.7288,23.5332,27.0799,30.8571,23.9221,22.3251,22.0165,17.5732,24.3523,20.8333,20.9350,20.9350,21.1382,20.8333,20.7317,20.1220,21.1211,18.9462,18.4008,18.4008,20.8264,14.9466,18.7198,17.9952,17.8744,27.3050,20.4412,19.8507,21.1800,16.7568,16.7568,17.0270,17.0270,17.0270,17.0270,17.0270,17.0270,17.0270,17.0270,17.0270,25.2538,18.9916,17.0507,18.7500,15.4286,15.4286,20.0680,16.0088,18.2819
CALSDS01_EVE003,31.1258,31.7881,21.0256,21.0256,,100.0000,21.0526,21.0526,21.0526,21.0526,21.0526,21.0526,21.9298,21.0526,23.4848,45.4545,45.4545,0.0000,33.3333,33.3333,32.6241,33.3333,0.0000,0.0000,0.0000,34.0426,34.0426,29.0780,29.7872,0.0000,0.0000,31.0811,24.3590,24.3590,0.0000,0.0000,30.0000,30.0000,30.0000,28.8889,30.0000,30.0000,30.0000,30.2752,30.2752,20.4348,20.4348,27.1845,34.6939,29.4872,30.7692,30.7692,0.0000,29.1262,30.0971,25.2427,32.8767,32.8767,32.8767,32.8767,32.8767,32.8767,32.8767,32.8767,32.8767,32.8767,32.8767,20.7865,20.7792,25.4717,25.4717,19.1304,19.1304,21.5385,25.3968,28.9655
GCF_943734735.2_idAnoGambNW_F1_1_genomic_EVE003,31.1258,31.7881,21.0256,21.0256,100.0000,,21.0526,21.0526,21.0526,21.0526,21.0526,21.0526,21.9298,21.0526,23.4848,45.4545,45.4545,0.0000,33.3333,33.3333,32.6241,33.3333,0.0000,0.0000,0.0000,34.0426,34.0426,29.0780,29.7872,0.0000,0.0000,31.0811,24.3590,24.3590,0.0000,0.0000,30.0000,30.0000,30.0000,28.8889,30.0000,30.0000,30.0000,30.2752,30.2752,20.4348,20.4348,27.1845,34.6939,29.4872,30.7692,30.7692,0.0000,29.1262,30.0971,25.2427,32.8767,32.8767,32.8767,32.8767,32.8767,32.8767,32.8767,32.8767,32.8767,32.8767,32.8767,20.7865,20.7792,25.4717,25.4717,19.1304,19.1304,21.5385,25.3968,28.9655
CALSDS01_EVE010,30.2083,32.2917,17.4479,17.1875,21.0526,21.0526,,100.0000,100.0000,100.0000,100.0000,100.0000,97.0370,97.7778,98.5185,33.3333,33.3333,0.0000,17.9039,17.9039,17.4672,17.9039,0.0000,0.0000,0.0000,17.5000,18.0000,15.7205,15.7205,0.0000,0.0000,18.9394,17.5879,17.0854,22.0000,22.0000,19.6172,19.6172,19.6172,19.6172,19.6172,19.6172,19.6172,21.4912,21.4912,13.8381,13.8381,21.1009,17.0370,20.4348,23.1092,23.1092,29.2683,22.9358,17.8899,21.5596,21.4286,21.4286,22.0238,22.0238,22.0238,22.0238,22.0238,22.0238,22.0238,22.0238,22.0238,21.2230,27.8481,30.8511,30.8511,29.0323,29.0323,30.0518,18.2266,25.9912
CALSDS01_EVE011,30.2083,32.2917,17.4479,17.1875,21.0526,21.0526,100.0000,,100.0000,100.0000,100.0000,100.0000,97.0370,97.7778,98.5185,33.3333,33.3333,0.0000,17.9039,17.9039,17.4672,17.9039,0.0000,0.0000,0.0000,17.5000,18.0000,15.7205,15.7205,0.0000,0.0000,18.9394,17.5879,17.0854,22.0000,22.0000,19.6172,19.6172,19.6172,19.6172,19.6172,19.6172,19.6172,21.4912,21.4912,13.8381,13.8381,21.1009,17.0370,20.4348,23.1092,23.1092,29.2683,22.9358,17.8899,21.5596,21.4286,21.4286,22.0238,22.0238,22.0238,22.0238,22.0238,22.0238,22.0238,22.0238,22.0238,21.2230,27.8481,30.8511,30.8511,29.0323,29.0323,30.0518,18.2266,25.9912
CALSDS01_EVE012,30.2083,32.2917,17.4479,17.1875,21.0526,21.0526,100.0000,100.0000,,100.0000,100.0000,100.0000,97.0370,97.7778,98.5185,33.3333,33.3333,0.0000,17.9039,17.9039,17.4672,17.9039,0.0000,0.0000,0.0000,17.5000,18.0000,15.7205,15.7205,0.0000,0.0000,18.9394,17.5879,17.0854,22.0000,22.0000,19.6172,19.6172,19.6172,19.6172,19.6172,19.6172,19.6172,21.4912,21.4912,13.8381,13.8381,21.1009,17.0370,20.4348,23.1092,23.1092,29.2683,22.9358,17.8899,21.5596,21.4286,21.4286,22.0238,22.0238,22.0238,22.0238,22.0238,22.0238,22.0238,22.0238,22.0238,21.2230,27.8481,30.8511,30.8511,29.0323,29.0323,30.0518,18.2266,25.9912
CALSDS01_EVE013,30.2083,32.2917,17.4479,17.1875,21.0526,21.0526,100.0000,100.0000,100.0000,,100.0000,100.0000,97.0370,97.7778,98.5185,33.3333,33.3333,0.0000,17.9039,17.9039,17.4672,17.9039,0.0000,0.0000,0.0000,17.5000,18.0000,15.7205,15.7205,0.0000,0.0000,18.9394,17.5879,17.0854,22.0000,22.0000,19.6172,19.6172,19.6172,19.6172,19.6172,19.6172,19.6172,21.4912,21.4912,13.8381,13.8381,21.1009,17.0370,20.4348,23.1092,23.1092,29.2683,22.9358,17.8899,21.5596,21.4286,21.4286,22.0238,22.0238,22.0238,22.0238,22.0238,22.0238,22.0238,22.0238,22.0238,21.2230,27.8481,30.8511,30.8511,29.0323,29.0323,30.0518,18.2266,25.9912
CALSDS01_EVE014,30.2083,32.2917,17.4479,17.1875,21.0526,21.0526,100.0000,100.0000,100.0000,100.0000,,100.0000,97.0370,97.7778,98.5185,33.3333,33.3333,0.0000,17.9039,17.9039,17.4672,17.9039,0.0000,0.0000,0.0000,17.5000,18.0000,15.7205,15.7205,0.0000,0.0000,18.9394,17.5879,17.0854,22.0000,22.0000,19.6172,19.6172,19.6172,19.6172,19.6172,19.6172,19.6172,21.4912,21.4912,13.8381,13.8381,21.1009,17.0370,20.4348,23.1092,23.1092,29.2683,22.9358,17.8899,21.5596,21.4286,21.4286,22.0238,22.0238,22.0238,22.0238,22.0238,22.0238,22.0238,22.0238,22.0238,21.2230,27.8481,30.8511,30.8511,29.0323,29.0323,30.0518,18.2266,25.9912
CALSDS01_EVE015,30.2083,32.2917,17.4479,17.1875,21.0526,21.0526,100.0000,100.0000,100.0000,100.0000,100.0000,,97.0370,97.7778,98.5185,33.3333,33.3333,0.0000,17.9039,17.9039,17.4672,17.9039,0.0000,0.0000,0.0000,17.5000,18.0000,15.7205,15.7205,0.0000,0.0000,18.9394,17.5879,17.0854,22.0000,22.0000,19.6172,19.6172,19.6172,19.6172,19.6172,19.6172,19.6172,21.4912,21.4912,13.8381,13.8381,21.1009,17.0370,20.4348,23.1092,23.1092,29.2683,22.9358,17.8899,21.5596,21.4286,21.4286,22.0238,22.0238,22.0238,22.0238,22.0238,22.0238,22.0238,22.0238,22.0238,21.2230,27.8481,30.8511,30.8511,29.0323,29.0323,30.0518,18.2266,25.9912
GCF_943734735.2_idAnoGambNW_F1_1_genomic_EVE014,30.4348,31.0559,16.1473,16.1473,21.9298,21.9298,97.0370,97.0370,97.0370,97.0370,97.0370,97.0370,,99.2593,97.0370,33.3333,33.3333,0.0000,17.1717,17.1717,16.6667,17.1717,0.0000,0.0000,0.0000,16.6667,17.1717,15.1515,15.1515,0.0000,0.0000,18.9394,16.6667,16.0714,26.3158,26.3158,15.7303,15.7303,15.7303,15.7303,15.7303,15.7303,15.7303,18.2741,18.2741,9.6591,9.6591,20.3209,17.2932,19.8068,22.2222,22.2222,40.0000,24.0642,17.6471,22.4599,21.1679,21.1679,21.8978,21.8978,21.8978,21.8978,21.8978,21.8978,21.8978,21.8978,21.8978,19.8381,25.1969,29.2994,29.2994,29.0323,29.0323,29.0123,15.6977,24.4898
GCF_943734735.2_idAnoGambNW_F1_1_genomic_EVE016,29.8137,30.4348,15.8640,15.8640,21.0526,21.0526,97.7778,97.7778,97.7778,97.7778,97.7778,97.7778,99.2593,,97.7778,33.3333,33.3333,0.0000,16.6667,16.6667,16.1616,16.6667,0.0000,0.0000,0.0000,16.1616,16.6667,14.6465,14.6465,0.0000,0.0000,18.1818,16.0714,15.4762,26.3158,26.3158,15.1685,15.1685,15.1685,15.1685,15.1685,15.1685,15.1685,17.7665,17.7665,9.9432,9.9432,19.7861,17.2932,19.3237,21.7391,21.7391,40.0000,23.5294,17.1123,21.9251,20.4380,20.4380,21.1679,21.1679,21.1679,21.1679,21.1679,21.1679,21.1679,21.1679,21.1679,20.2429,25.9843,29.9363,29.9363,29.6774,29.6774,29.6296,16.2791,23.9796
CALSDS01_EVE017,30.1676,31.2849,16.1725,16.1725,23.4848,23.4848,98.5185,98.5185,98.5185,98.5185,98.5185,98.5185,97.0370,97.7778,,33.3333,33.3333,0.0000,18.9815,18.9815,18.5185,18.9815,0.0000,0.0000,0.0000,18.5185,18.9815,16.6667,16.6667,0.0000,0.0000,21.3333,17.2619,16.6667,26.3158,26.3158,15.1685,15.1685,15.1685,15.1685,15.1685,15.1685,15.1685,17.7665,17.7665,10.8108,10.8108,20.3209,18.0451,19.5556,21.7778,21.7778,40.0000,24.0642,18.1818,22.4599,21.1679,21.1679,21.8978,21.8978,21.8978,21.8978,21.8978,21.8978,21.8978,21.8978,21.8978,20.3774,24.4094,28.6624,28.6624,28.3019,28.3019,28.8889,16.6667,23.8318
CALSDS01_EVE018,35.8025,35.8025,31.7172,31.5152,45.4545,45.4545,33.3333,33.3333,33.3333,33.3333,33.3333,33.3333,33.3333,33.3333,33.3333,,98.6456,0.0000,64.5740,64.5740,64.7982,64.5740,0.0000,54.0441,74.6667,63.2287,63.4529,60.7223,60.9481,0.0000,0.0000,58.5586,66.6667,66.6667,0.0000,0.0000,60.0000,60.0000,60.0000,60.0000,60.0000,60.0000,60.0000,54.5455,54.5455,21.1806,21.1806,30.7692,0.0000,21.9027,20.3931,20.1474,0.0000,30.7692,30.7692,30.7692,0.0000,0.0000,0.0000,0.0000,0.0000,0.0000,0.0000,0.0000,0.0000,0.0000,0.0000,25.7576,0.0000,39.2857,39.2857,27.0270,27.0270,34.6154,48.7805,31.6667
GCF_943734735.2_idAnoGambNW_F1_1_genomic_EVE019,35.8025,35.8025,31.7172,31.5152,45.4545,45.4545,33.3333,33.3333,33.3333,33.3333,33.3333,33.3333,33.3333,33.3333,33.3333,98.6456,,0.0000,64.1256,64.1256,64.3498,64.1256,0.0000,53.3088,73.3333,62.7803,63.0045,59.8194,60.0451,0.0000,0.0000,57.8829,66.6667,66.6667,0.0000,0.0000,60.0000,60.0000,60.0000,60.0000,60.0000,60.0000,60.0000,54.5455,54.5455,21.1806,21.1806,30.7692,0.0000,22.3451,20.8845,20.6388,0.0000,30.7692,30.7692,30.7692,0.0000,0.0000,0.0000,0.0000,0.0000,0.0000,0.0000,0.0000,0.0000,0.0000,0.0000,25.7576,0.0000,39.2857,39.2857,27.0270,27.0270,34.6154,48.7805,31.6667
CALSDS01_EVE019,0.0000,0.0000,27.4336,27.4336,0.0000,0.0000,0.0000,0.0000,0.0000,0.0000,0.0000,0.0000,0.0000,0.0000,0.0000,0.0000,0.0000,,92.6554,92.6554,92.6554,92.6554,91.2791,0.0000,0.0000,0.0000,0.0000,72.3164,72.3164,73.4463,72.3164,0.0000,70.0565,70.6215,0.0000,72.9167,52.5424,53.1073,53.1073,53.1073,53.1073,52.5424,53.1073,53.1073,52.0468,66.6667,66.6667,0.0000,0.0000,0.0000,0.0000,0.0000,0.0000,38.0952,38.8889,33.3333,0.0000,0.0000,0.0000,0.0000,0.0000,0.0000,0.0000,0.0000,0.0000,0.0000,0.0000,32.0000,0.0000,0.0000,0.0000,0.0000,0.0000,0.0000,0.0000,0.0000
CALSDS01_EVE029,29.5872,29.1284,24.1311,24.0000,33.3333,33.3333,17.9039,17.9039,17.9039,17.9039,17.9039,17.9039,17.1717,16.6667,18.9815,64.5740,64.1256,92.6554,,100.0000,99.9125,99.9125,89.8438,82.8571,93.1973,86.2543,86.5979,65.0259,64.5941,58.1818,67.7083,60.9881,67.2783,66.0550,71.4286,67.9612,62.7628,62.9129,62.9129,62.7628,62.6126,62.7628,60.5105,62.5000,60.3679,26.5982,26.5982,30.0242,28.1879,22.3975,22.7129,22.7129,32.4324,27.1222,27.6956,28.0172,24.7899,24.7899,25.2101,25.2101,25.2101,25.2101,25.2101,25.2101,25.2101,25.2101,25.2101,24.8097,20.8543,22.3827,21.6279,20.2073,20.2073,20.8122,25.5591,23.9748
CALSDS01_EVE030,29.5872,29.1284,24.1311,24.0000,33.3333,33.3333,17.9039,17.9039,17.9039,17.9039,17.9039,17.9039,17.1717,16.6667,18.9815,64.5740,64.1256,92.6554,100.0000,,99.9125,99.9125,89.8438,82.8571,93.1973,86.2543,86.5979,65.0259,64.5941,58.1818,67.7083,60.9881,67.2783,66.0550,71.4286,67.9612,62.7628,62.9129,62.9129,62.7628,62.6126,62.7628,60.5105,62.5000,60.3679,26.5982,26.5982,30.0242,28.1879,22.3975,22.7129,22.7129,32.4324,27.1222,27.6956,28.0172,24.7899,24.7899,25.2101,25.2101,25.2101,25.2101,25.2101,25.2101,25.2101,25.2101,25.2101,24.8097,20.8543,22.3827,21.6279,20.2073,20.2073,20.8122,25.5591,23.9748
GCF_943734735.2_idAnoGambNW_F1_1_genomic_EVE030,29.3578,28.8991,24.1967,24.0656,32.6241,32.6241,17.4672,17.4672,17.4672,17.4672,17.4672,17.4672,16.6667,16.1616,18.5185,64.7982,64.3498,92.6554,99.9125,99.9125,,99.8250,89.8438,82.8571,93.1973,86.0825,86.4261,65.1123,64.6805,58.1818,67.7083,61.1584,67.2783,66.0550,71.4286,67.9612,62.7628,62.9129,62.9129,62.7628,62.6126,62.7628,60.5105,62.3547,60.2007,26.4840,26.4840,30.0242,28.1879,22.3975,22.7129,22.7129,32.4324,27.1222,27.6956,28.0172,24.7899,24.7899,25.2101,25.2101,25.2101,25.2101,25.2101,25.2101,25.2101,25.2101,25.2101,24.8097,20.8543,22.7437,21.8605,20.2073,20.2073,20.8122,25.8786,23.9748
GCF_943734735.2_idAnoGambNW_F1_1_genomic_EVE031,29.8165,29.3578,24.1967,24.0656,33.3333,33.3333,17.9039,17.9039,17.9039,17.9039,17.9039,17.9039,17.1717,16.6667,18.9815,64.5740,64.1256,92.6554,99.9125,99.9125,99.8250,,89.8438,82.8571,93.1973,86.2543,86.5979,64.9396,64.5078,57.9798,67.7083,60.9881,67.1254,65.9021,70.8333,67.6375,62.9129,63.0631,63.0631,62.9129,62.7628,62.9129,60.5105,62.6453,60.5351,26.7123,26.7123,30.2663,28.1879,22.3975,22.7129,22.7129,32.8829,27.3292,27.9070,28.2328,24.7899,24.7899,25.2101,25.2101,25.2101,25.2101,25.2101,25.2101,25.2101,25.2101,25.2101,24.8097,20.8543,22.3827,21.6279,20.2073,20.2073,20.8122,25.5591,23.9748
GCF_943734735.2_idAnoGambNW_F1_1_genomic_EVE041,0.0000,0.0000,33.5423,33.8558,0.0000,0.0000,0.0000,0.0000,0.0000,0.0000,0.0000,0.0000,0.0000,0.0000,0.0000,0.0000,0.0000,91.2791,89.8438,89.8438,89.8438,89.8438,,0.0000,0.0000,0.0000,0.0000,64.4531,64.4531,63.6719,61.3281,0.0000,60.1563,60.5469,0.0000,58.1395,58.2031,58.5938,58.5938,58.5938,58.2031,57.8125,58.5938,58.9844,48.1928,42.1053,42.1053,0.0000,0.0000,0.0000,0.0000,0.0000,0.0000,18.7500,23.0769,0.0000,0.0000,0.0000,0.0000,0.0000,0.0000,0.0000,0.0000,0.0000,0.0000,0.0000,0.0000,28.5714,0.0000,0.0000,0.0000,0.0000,0.0000,0.0000,0.0000,0.0000
CALSDS01_EVE023,0.0000,0.0000,21.0106,20.7447,0.0000,0.0000,0.0000,0.0000,0.0000,0.0000,0.0000,0.0000,0.0000,0.0000,0.0000,54.0441,53.3088,0.0000,82.8571,82.8571,82.8571,82.8571,0.0000,,97.9592,73.2558,73.2558,62.5397,61.5873,0.0000,0.0000,57.4603,0.0000,0.0000,0.0000,0.0000,0.0000,0.0000,0.0000,0.0000,0.0000,0.0000,0.0000,0.0000,0.0000,24.7863,24.7863,0.0000,0.0000,19.1304,15.6757,15.6757,0.0000,0.0000,0.0000,0.0000,0.0000,0.0000,0.0000,0.0000,0.0000,0.0000,0.0000,0.0000,0.0000,0.0000,0.0000,0.0000,0.0000,0.0000,0.0000,0.0000,0.0000,0.0000,0.0000,0.0000
GCF_943734735.2_idAnoGambNW_F1_1_genomic_EVE022,0.0000,0.0000,13.6054,12.9252,0.0000,0.0000,0.0000,0.0000,0.0000,0.0000,0.0000,0.0000,0.0000,0.0000,0.0000,74.6667,73.3333,0.0000,93.1973,93.1973,93.1973,93.1973,0.0000,97.9592,,93.3333,93.3333,70.7483,70.7483,0.0000,0.0000,66.6667,0.0000,0.0000,0.0000,0.0000,0.0000,0.0000,0.0000,0.0000,0.0000,0.0000,0.0000,0.0000,0.0000,0.0000,0.0000,0.0000,0.0000,33.8235,34.7826,34.7826,0.0000,0.0000,0.0000,0.0000,0.0000,0.0000,0.0000,0.0000,0.0000,0.0000,0.0000,0.0000,0.0000,0.0000,0.0000,0.0000,0.0000,0.0000,0.0000,0.0000,0.0000,0.0000,0.0000,0.0000
CALSDS01_EVE027,26.0870,25.6917,22.5728,22.4515,34.0426,34.0426,17.5000,17.5000,17.5000,17.5000,17.5000,17.5000,16.6667,16.1616,18.5185,63.2287,62.7803,0.0000,86.2543,86.2543,86.0825,86.2543,0.0000,73.2558,93.3333,,99.3127,64.4330,63.9175,0.0000,0.0000,61.1006,66.0131,65.3595,66.6667,66.6667,63.6364,63.6364,63.6364,63.0303,63.6364,63.6364,63.6364,61.4973,61.4973,18.3007,18.3007,26.1084,28.8591,23.8173,22.5352,22.5352,50.0000,21.6749,19.2118,26.1084,18.4971,18.4971,19.0751,19.0751,19.0751,19.0751,19.0751,19.0751,19.0751,19.0751,19.0751,20.5674,22.3602,24.3523,24.3523,20.7254,20.7254,23.0415,20.9091,26.9388
GCF_943734735.2_idAnoGambNW_F1_1_genomic_EVE027,26.0870,25.6917,22.5728,22.4515,34.0426,34.0426,18.0000,18.0000,18.0000,18.0000,18.0000,18.0000,17.1717,16.6667,18.9815,63.4529,63.0045,0.0000,86.5979,86.5979,86.4261,86.5979,0.0000,73.2558,93.3333,99.3127,,64.7766,64.2612,0.0000,0.0000,61.2903,66.0131,65.3595,66.6667,66.6667,63.0303,63.0303,63.0303,62.4242,63.0303,63.0303,63.0303,60.9626,60.9626,17.8105,17.8105,26.1084,28.8591,23.8173,22.5352,22.5352,50.0000,21.6749,19.2118,26.1084,19.0751,19.0751,19.6532,19.6532,19.6532,19.6532,19.6532,19.6532,19.6532,19.6532,19.6532,20.5674,22.3602,24.3523,24.3523,20.7254,20.7254,23.0415,21.3636,26.9388
CALSDS01_EVE031,26.8349,26.1468,23.7288,23.7288,29.0780,29.0780,15.7205,15.7205,15.7205,15.7205,15.7205,15.7205,15.1515,14.6465,16.6667,60.7223,59.8194,72.3164,65.0259,65.0259,65.1123,64.9396,64.4531,62.5397,70.7483,64.4330,64.7766,,98.7013,83.1373,79.8611,78.2534,60.6876,60.0897,60.7143,59.8765,49.0455,49.1924,49.1924,48.8987,48.8987,48.7518,47.5771,48.5064,47.3083,23.1982,23.1982,25.4237,22.8188,23.0284,22.5552,22.5552,26.1261,24.7485,24.6407,24.6862,24.7899,24.7899,24.7899,24.7899,24.7899,24.7899,24.7899,24.7899,24.7899,24.7899,24.7899,21.1310,24.1206,24.1877,24.4186,20.2073,20.2073,24.6193,22.0447,21.4511
GCF_943734735.2_idAnoGambNW_F1_1_genomic_EVE033,26.6055,25.9174,23.5332,23.5332,29.7872,29.7872,15.7205,15.7205,15.7205,15.7205,15.7205,15.7205,15.1515,14.6465,16.6667,60.9481,60.0451,72.3164,64.5941,64.5941,64.6805,64.5078,64.4531,61.5873,70.7483,63.9175,64.2612,98.7013,,83.1373,80.2083,78.2534,60.6876,60.0897,60.7143,60.1852,49.1924,49.3392,49.3392,49.0455,49.0455,48.8987,47.7239,48.6486,47.4715,23.5360,23.5360,25.4237,22.8188,23.1861,22.7129,22.7129,26.1261,24.5473,24.4353,24.4770,24.7899,24.7899,24.7899,24.7899,24.7899,24.7899,24.7899,24.7899,24.7899,24.7899,24.7899,20.9821,24.1206,24.1877,24.4186,20.2073,20.2073,24.6193,22.0447,21.1356
CALSDS01_EVE037,21.4689,21.4689,27.0799,27.0799,0.0000,0.0000,0.0000,0.0000,0.0000,0.0000,0.0000,0.0000,0.0000,0.0000,0.0000,0.0000,0.0000,73.4463,58.1818,58.1818,58.1818,57.9798,63.6719,0.0000,0.0000,0.0000,0.0000,83.1373,83.1373,,80.5556,0.0000,54.8193,54.2169,32.6241,50.0000,44.5783,44.7791,44.7791,44.5783,44.3775,44.3775,43.1727,45.1807,42.7160,35.6589,35.6589,22.7979,0.0000,0.0000,28.5714,28.5714,22.7979,28.1250,30.8300,27.4590,32.3529,32.3529,32.3529,32.3529,32.3529,32.3529,32.3529,32.3529,32.3529,32.3529,32.3529,24.4186,25.2294,28.3019,25.2294,0.0000,0.0000,22.1519,20.9677,17.0732
GCF_943734735.2_idAnoGambNW_F1_1_genomic_EVE040,0.0000,0.0000,30.8571,30.8571,0.0000,0.0000,0.0000,0.0000,0.0000,0.0000,0.0000,0.0000,0.0000,0.0000,0.0000,0.0000,0.0000,72.3164,67.7083,67.7083,67.7083,67.7083,61.3281,0.0000,0.0000,0.0000,0.0000,79.8611,80.2083,80.5556,,0.0000,64.5833,64.5833,0.0000,76.0000,47.5694,47.9167,47.9167,47.5694,47.5694,47.2222,47.9167,48.6111,45.9596,52.9412,52.9412,0.0000,0.0000,0.0000,0.0000,0.0000,0.0000,43.7500,46.6667,47.2222,0.0000,0.0000,0.0000,0.0000,0.0000,0.0000,0.0000,0.0000,0.0000,0.0000,0.0000,31.3725,0.0000,0.0000,0.0000,0.0000,0.0000,0.0000,0.0000,0.0000
GCF_943734735.2_idAnoGambNW_F1_1_genomic_EVE020,29.8343,30.3867,24.0612,23.9221,31.0811,31.0811,18.9394,18.9394,18.9394,18.9394,18.9394,18.9394,18.9394,18.1818,21.3333,58.5586,57.8829,0.0000,60.9881,60.9881,61.1584,60.9881,0.0000,57.4603,66.6667,61.1006,61.2903,78.2534,78.2534,0.0000,0.0000,,50.5155,50.5155,0.0000,0.0000,43.1193,43.1193,43.1193,42.2018,43.1193,43.1193,43.1193,41.2214,41.2214,18.2952,18.2952,25.9542,20.7792,22.3247,20.1207,20.1207,0.0000,22.9008,22.9008,26.7176,25.7426,25.7426,25.7426,25.7426,25.7426,25.7426,25.7426,25.7426,25.7426,25.7426,25.7426,20.3883,24.4681,23.2000,23.2000,27.6119,27.6119,30.2013,21.6216,27.1676
CALSDS01_EVE024,26.2570,25.9777,22.1193,22.3251,24.3590,24.3590,17.5879,17.5879,17.5879,17.5879,17.5879,17.5879,16.6667,16.0714,17.2619,66.6667,66.6667,70.0565,67.2783,67.2783,67.2783,67.1254,60.1563,0.0000,0.0000,66.0131,66.0131,60.6876,60.6876,54.8193,64.5833,50.5155,,98.0303,94.6429,93.5275,52.1212,52.2727,52.2727,52.1212,51.9697,51.9697,50.1515,51.8911,52.1127,28.2313,28.2313,28.2878,23.4899,24.2991,27.0270,27.0270,30.1802,27.6956,26.7819,28.1938,24.7899,24.7899,25.2101,25.2101,25.2101,25.2101,25.2101,25.2101,25.2101,25.2101,25.2101,23.4007,21.6080,23.4127,21.4815,19.4969,19.4969,19.7101,23.6364,21.1538
GCF_943734735.2_idAnoGambNW_F1_1_genomic_EVE025,25.9777,25.4190,21.8107,22.0165,24.3590,24.3590,17.0854,17.0854,17.0854,17.0854,17.0854,17.0854,16.0714,15.4762,16.6667,66.6667,66.6667,70.6215,66.0550,66.0550,66.0550,65.9021,60.5469,0.0000,0.0000,65.3595,65.3595,60.0897,60.0897,54.2169,64.5833,50.5155,98.0303,,89.2857,90.2913,51.2121,51.3636,51.3636,51.2121,51.0606,51.0606,49.3939,50.9834,51.0563,27.7211,27.7211,27.7916,24.1611,24.7664,26.2548,26.2548,28.8288,26.4271,25.7019,27.7533,23.5294,23.5294,23.9496,23.9496,23.9496,23.9496,23.9496,23.9496,23.9496,23.9496,23.9496,22.7273,21.1055,23.0159,20.9877,19.4969,19.4969,18.8406,23.6364,21.5385
CALSDS01_EVE034,29.1667,29.1667,17.1548,17.5732,0.0000,0.0000,22.0000,22.0000,22.0000,22.0000,22.0000,22.0000,26.3158,26.3158,26.3158,0.0000,0.0000,0.0000,71.4286,71.4286,71.4286,70.8333,0.0000,0.0000,0.0000,66.6667,66.6667,60.7143,60.7143,32.6241,0.0000,0.0000,94.6429,89.2857,,99.4048,63.6905,63.6905,63.6905,63.6905,63.6905,63.6905,56.5476,64.2857,64.2857,47.0238,47.0238,29.6089,38.0952,35.7143,35.6322,35.6322,25.8824,26.3441,22.3464,23.4637,31.3953,31.3953,31.3953,31.3953,31.3953,31.3953,31.3953,31.3953,31.3953,31.3953,31.3953,23.2456,21.7822,29.5238,21.7822,16.6667,16.6667,19.6970,36.8421,22.5806
GCF_943734735.2_idAnoGambNW_F1_1_genomic_EVE039,30.3922,29.9020,24.0933,24.3523,0.0000,0.0000,22.0000,22.0000,22.0000,22.0000,22.0000,22.0000,26.3158,26.3158,26.3158,0.0000,0.0000,72.9167,67.9612,67.9612,67.9612,67.6375,58.1395,0.0000,0.0000,66.6667,66.6667,59.8765,60.1852,50.0000,76.0000,0.0000,93.5275,90.2913,99.4048,,58.5761,58.5761,58.5761,58.5761,58.2524,58.5761,54.6926,58.8997,58.8997,43.8596,43.8596,31.6017,38.0952,35.7143,35.6322,35.6322,28.8288,29.9003,29.2096,29.0780,31.3953,31.3953,31.3953,31.3953,31.3953,31.3953,31.3953,31.3953,31.3953,31.3953,31.3953,25.7453,22.8682,30.4762,22.8682,16.6667,16.6667,19.6970,37.7193,22.5806
CALSDS01_EVE032,26.9022,26.3587,20.8333,20.8333,30.0000,30.0000,19.6172,19.6172,19.6172,19.6172,19.6172,19.6172,15.7303,15.1685,15.1685,60.0000,60.0000,52.5424,62.7628,62.7628,62.7628,62.9129,58.2031,0.0000,0.0000,63.6364,63.0303,49.0455,49.1924,44.5783,47.5694,43.1193,52.1212,51.2121,63.6905,58.5761,,99.8311,99.8311,99.4932,99.4932,99.3243,96.7905,94.6218,94.2000,31.0000,31.0000,27.6029,28.1879,26.5487,25.8303,25.8303,28.3784,27.3292,27.4841,25.0000,21.6102,21.6102,21.1864,21.1864,21.1864,21.1864,21.1864,21.1864,21.1864,21.1864,21.1864,20.4620,18.4343,22.9008,19.7590,19.5266,19.5266,21.1268,22.5352,25.1852
CALSDS01_EVE033,26.9022,26.3587,20.9350,20.9350,30.0000,30.0000,19.6172,19.6172,19.6172,19.6172,19.6172,19.6172,15.7303,15.1685,15.1685,60.0000,60.0000,53.1073,62.9129,62.9129,62.9129,63.0631,58.5938,0.0000,0.0000,63.6364,63.0303,49.1924,49.3392,44.7791,47.9167,43.1193,52.2727,51.3636,63.6905,58.5761,99.8311,,100.0000,99.6622,99.6622,99.4932,96.9595,94.7899,94.4000,31.0000,31.0000,27.6029,28.1879,26.5487,25.8303,25.8303,28.3784,27.3292,27.4841,25.0000,21.6102,21.6102,21.1864,21.1864,21.1864,21.1864,21.1864,21.1864,21.1864,21.1864,21.1864,20.4620,18.4343,22.9008,19.7590,19.5266,19.5266,21.1268,22.5352,25.1852
CALSDS01_EVE035,26.9022,26.3587,20.9350,20.9350,30.0000,30.0000,19.6172,19.6172,19.6172,19.6172,19.6172,19.6172,15.7303,15.1685,15.1685,60.0000,60.0000,53.1073,62.9129,62.9129,62.9129,63.0631,58.5938,0.0000,0.0000,63.6364,63.0303,49.1924,49.3392,44.7791,47.9167,43.1193,52.2727,51.3636,63.6905,58.5761,99.8311,100.0000,,99.6622,99.6622,99.4932,96.9595,94.7899,94.4000,31.0000,31.0000,27.6029,28.1879,26.5487,25.8303,25.8303,28.3784,27.3292,27.4841,25.0000,21.6102,21.6102,21.1864,21.1864,21.1864,21.1864,21.1864,21.1864,21.1864,21.1864,21.1864,20.4620,18.4343,22.9008,19.7590,19.5266,19.5266,21.1268,22.5352,25.1852
GCF_943734735.2_idAnoGambNW_F1_1_genomic_EVE034,27.1739,26.6304,21.1382,21.1382,28.8889,28.8889,19.6172,19.6172,19.6172,19.6172,19.6172,19.6172,15.7303,15.1685,15.1685,60.0000,60.0000,53.1073,62.7628,62.7628,62.7628,62.9129,58.5938,0.0000,0.0000,63.0303,62.4242,48.8987,49.0455,44.5783,47.5694,42.2018,52.1212,51.2121,63.6905,58.5761,99.4932,99.6622,99.6622,,99.3243,99.1554,96.6216,94.4538,94.0000,30.8333,30.8333,27.8450,28.8591,26.9912,26.1993,26.1993,28.3784,27.5362,27.6956,25.0000,22.0339,22.0339,21.6102,21.6102,21.6102,21.6102,21.6102,21.6102,21.6102,21.6102,21.6102,20.2970,18.6869,23.2824,20.0000,18.9349,18.9349,20.8451,22.8873,24.8148
GCF_943734735.2_idAnoGambNW_F1_1_genomic_EVE035,26.9022,26.3587,20.8333,20.8333,30.0000,30.0000,19.6172,19.6172,19.6172,19.6172,19.6172,19.6172,15.7303,15.1685,15.1685,60.0000,60.0000,53.1073,62.6126,62.6126,62.6126,62.7628,58.2031,0.0000,0.0000,63.6364,63.0303,48.8987,49.0455,44.3775,47.5694,43.1193,51.9697,51.0606,63.6905,58.2524,99.4932,99.6622,99.6622,99.3243,,99.1554,96.6216,94.4538,94.2000,31.0000,31.0000,27.6029,28.1879,26.5487,25.8303,25.8303,28.3784,27.3292,27.4841,25.0000,21.6102,21.6102,21.1864,21.1864,21.1864,21.1864,21.1864,21.1864,21.1864,21.1864,21.1864,20.2970,18.4343,22.9008,19.7590,19.5266,19.5266,21.1268,22.5352,25.1852
GCF_943734735.2_idAnoGambNW_F1_1_genomic_EVE032,26.6304,26.0870,20.7317,20.7317,30.0000,30.0000,19.6172,19.6172,19.6172,19.6172,19.6172,19.6172,15.7303,15.1685,15.1685,60.0000,60.0000,52.5424,62.7628,62.7628,62.7628,62.9129,57.8125,0.0000,0.0000,63.6364,63.0303,48.7518,48.8987,44.3775,47.2222,43.1193,51.9697,51.0606,63.6905,58.5761,99.3243,99.4932,99.4932,99.1554,99.1554,,96.4527,94.2857,94.0000,31.1667,31.1667,27.6029,28.1879,26.5487,25.8303,25.8303,28.3784,27.1222,27.2727,24.7845,22.0339,22.0339,21.6102,21.6102,21.6102,21.6102,21.6102,21.6102,21.6102,21.6102,21.6102,20.6271,18.1818,22.5191,19.5181,19.5266,19.5266,20.8451,22.5352,25.1852
GCF_943734735.2_idAnoGambNW_F1_1_genomic_EVE037,24.4565,24.1848,20.1220,20.1220,30.0000,30.0000,19.6172,19.6172,19.6172,19.6172,19.6172,19.6172,15.7303,15.1685,15.1685,60.0000,60.0000,53.1073,60.5105,60.5105,60.5105,60.5105,58.5938,0.0000,0.0000,63.6364,63.0303,47.5771,47.7239,43.1727,47.9167,43.1193,50.1515,49.3939,56.5476,54.6926,96.7905,96.9595,96.9595,96.6216,96.6216,96.4527,,91.7647,90.8000,28.1667,28.1667,25.4237,28.1879,26.5487,25.8303,25.8303,24.3243,25.4658,25.5814,23.2759,21.6102,21.6102,21.1864,21.1864,21.1864,21.1864,21.1864,21.1864,21.1864,21.1864,21.1864,19.3069,17.6768,22.9008,19.0361,19.5266,19.5266,20.0000,22.1831,25.1852
CALSDS01_EVE036,28.2383,27.7202,21.1211,21.1211,30.2752,30.2752,21.4912,21.4912,21.4912,21.4912,21.4912,21.4912,18.2741,17.7665,17.7665,54.5455,54.5455,53.1073,62.5000,62.5000,62.3547,62.6453,58.9844,0.0000,0.0000,61.4973,60.9626,48.5064,48.6486,45.1807,48.6111,41.2214,51.8911,50.9834,64.2857,58.8997,94.6218,94.7899,94.7899,94.4538,94.4538,94.2857,91.7647,,98.6538,32.8479,32.8479,28.5714,29.5302,28.2787,27.3356,27.3356,27.9279,27.1222,27.2727,25.8621,20.3390,20.3390,20.3390,20.3390,20.3390,20.3390,20.3390,20.3390,20.3390,20.3390,20.3390,20.8333,19.5489,25.3623,21.9114,21.8085,21.8085,21.9251,24.1722,26.7361
GCF_943734735.2_idAnoGambNW_F1_1_genomic_EVE036,28.4974,27.9793,19.0583,18.9462,30.2752,30.2752,21.4912,21.4912,21.4912,21.4912,21.4912,21.4912,18.2741,17.7665,17.7665,54.5455,54.5455,52.0468,60.3679,60.3679,60.2007,60.5351,48.1928,0.0000,0.0000,61.4973,60.9626,47.3083,47.4715,42.7160,45.9596,41.2214,52.1127,51.0563,64.2857,58.8997,94.2000,94.4000,94.4000,94.0000,94.2000,94.0000,90.8000,98.6538,,33.0097,33.0097,28.3293,29.5302,28.2787,27.3356,27.3356,27.4775,27.1222,27.2727,25.6466,20.3390,20.3390,20.3390,20.3390,20.3390,20.3390,20.3390,20.3390,20.3390,20.3390,20.3390,20.8333,19.0476,25.0000,21.2121,21.2766,21.2766,21.6578,24.1722,26.7361
CALSDS01_EVE028,22.0513,21.7094,18.4008,18.4008,20.4348,20.4348,13.8381,13.8381,13.8381,13.8381,13.8381,13.8381,9.6591,9.9432,10.8108,21.1806,21.1806,66.6667,26.5982,26.5982,26.4840,26.7123,42.1053,24.7863,0.0000,18.3007,17.8105,23.1982,23.5360,35.6589,52.9412,18.2952,28.2313,27.7211,47.0238,43.8596,31.0000,31.0000,31.0000,30.8333,31.0000,31.1667,28.1667,32.8479,33.0097,,99.8555,23.5294,16.7857,19.5298,20.5042,20.6723,30.1802,23.6156,23.6755,23.3613,14.0921,14.0921,14.6341,14.6341,14.6341,14.6341,14.6341,14.6341,14.6341,14.6341,14.6341,22.2689,14.7217,14.3187,15.8703,10.8883,10.8883,15.4545,17.3626,18.5430
GCF_943734735.2_idAnoGambNW_F1_1_genomic_EVE028,22.0513,21.7094,18.4008,18.4008,20.4348,20.4348,13.8381,13.8381,13.8381,13.8381,13.8381,13.8381,9.6591,9.9432,10.8108,21.1806,21.1806,66.6667,26.5982,26.5982,26.4840,26.7123,42.1053,24.7863,0.0000,18.3007,17.8105,23.1982,23.5360,35.6589,52.9412,18.2952,28.2313,27.7211,47.0238,43.8596,31.0000,31.0000,31.0000,30.8333,31.0000,31.1667,28.1667,32.8479,33.0097,99.8555,,23.5294,16.7857,19.5298,20.5042,20.6723,30.1802,23.6156,23.6755,23.3613,14.0921,14.0921,14.6341,14.6341,14.6341,14.6341,14.6341,14.6341,14.6341,14.6341,14.6341,22.2689,14.7217,14.3187,15.8703,10.8883,10.8883,15.4545,17.3626,18.5430
CALSDS01_EVE020,29.7650,27.6762,20.8264,20.8264,27.1845,27.1845,21.1009,21.1009,21.1009,21.1009,21.1009,21.1009,20.3209,19.7861,20.3209,30.7692,30.7692,0.0000,30.0242,30.0242,30.0242,30.2663,0.0000,0.0000,0.0000,26.1084,26.1084,25.4237,25.4237,22.7979,0.0000,25.9542,28.2878,27.7916,29.6089,31.6017,27.6029,27.6029,27.6029,27.8450,27.6029,27.6029,25.4237,28.5714,28.3293,23.5294,23.5294,,97.0370,99.0476,90.1961,90.1961,86.4865,66.9951,66.1654,68.1704,31.1111,31.1111,31.5556,31.5556,31.5556,31.5556,31.5556,31.5556,31.5556,31.5556,31.5556,27.2541,20.3431,21.9780,20.3791,17.7778,17.7778,22.9508,25.1773,30.2682
CALSDS01_EVE022,20.0000,17.7778,14.9466,14.9466,34.6939,34.6939,17.0370,17.0370,17.0370,17.0370,17.0370,17.0370,17.2932,17.2932,18.0451,0.0000,0.0000,0.0000,28.1879,28.1879,28.1879,28.1879,0.0000,0.0000,0.0000,28.8591,28.8591,22.8188,22.8188,0.0000,0.0000,20.7792,23.4899,24.1611,38.0952,38.0952,28.1879,28.1879,28.1879,28.8591,28.1879,28.1879,28.1879,29.5302,29.5302,16.7857,16.7857,97.0370,,96.2963,88.1481,88.1481,41.6667,72.5926,62.2222,69.6296,27.2059,27.2059,27.9412,27.9412,27.9412,27.9412,27.9412,27.9412,27.9412,27.9412,27.9412,31.1765,16.2963,16.2963,16.2963,12.6984,12.6984,14.8148,17.0370,28.8889
GCF_943734735.2_idAnoGambNW_F1_1_genomic_EVE023,24.4604,24.1007,18.7198,18.7198,29.4872,29.4872,20.4348,20.4348,20.4348,20.4348,20.4348,20.4348,19.8068,19.3237,19.5556,21.9027,22.3451,0.0000,22.3975,22.3975,22.3975,22.3975,0.0000,19.1304,33.8235,23.8173,23.8173,23.0284,23.1861,0.0000,0.0000,22.3247,24.2991,24.7664,35.7143,35.7143,26.5487,26.5487,26.5487,26.9912,26.5487,26.5487,26.5487,28.2787,28.2787,19.5298,19.5298,99.0476,96.2963,,86.6667,86.8966,24.2424,68.5714,61.9048,67.6190,29.2818,29.2818,29.8343,29.8343,29.8343,29.8343,29.8343,29.8343,29.8343,29.8343,29.8343,28.0528,22.4490,23.1111,23.1111,18.1373,18.1373,20.8835,21.8487,28.0156
CALSDS01_EVE021,26.9350,25.3870,17.8744,17.9952,30.7692,30.7692,23.1092,23.1092,23.1092,23.1092,23.1092,23.1092,22.2222,21.7391,21.7778,20.3931,20.8845,0.0000,22.7129,22.7129,22.7129,22.7129,0.0000,15.6757,34.7826,22.5352,22.5352,22.5552,22.7129,28.5714,0.0000,20.1207,27.0270,26.2548,35.6322,35.6322,25.8303,25.8303,25.8303,26.1993,25.8303,25.8303,25.8303,27.3356,27.3356,20.5042,20.5042,90.1961,88.1481,86.6667,,99.7904,58.9744,63.3588,59.6078,64.3137,28.8889,28.8889,29.3333,29.3333,29.3333,29.3333,29.3333,29.3333,29.3333,29.3333,29.3333,29.3103,20.7469,20.7407,20.3704,15.1961,15.1961,19.7279,27.2085,29.8013
GCF_943734735.2_idAnoGambNW_F1_1_genomic_EVE021,26.9350,25.3870,17.7536,17.8744,30.7692,30.7692,23.1092,23.1092,23.1092,23.1092,23.1092,23.1092,22.2222,21.7391,21.7778,20.1474,20.6388,0.0000,22.7129,22.7129,22.7129,22.7129,0.0000,15.6757,34.7826,22.5352,22.5352,22.5552,22.7129,28.5714,0.0000,20.1207,27.0270,26.2548,35.6322,35.6322,25.8303,25.8303,25.8303,26.1993,25.8303,25.8303,25.8303,27.3356,27.3356,20.6723,20.6723,90.1961,88.1481,86.8966,99.7904,,58.9744,63.3588,59.6078,64.3137,28.8889,28.8889,29.3333,29.3333,29.3333,29.3333,29.3333,29.3333,29.3333,29.3333,29.3333,29.3103,20.7469,20.7407,20.3704,15.1961,15.1961,19.7279,27.2085,29.8013
GCF_943734735.2_idAnoGambNW_F1_1_genomic_EVE024,32.5243,30.0971,26.9504,27.3050,0.0000,0.0000,29.2683,29.2683,29.2683,29.2683,29.2683,29.2683,40.0000,40.0000,40.0000,0.0000,0.0000,0.0000,32.4324,32.4324,32.4324,32.8829,0.0000,0.0000,0.0000,50.0000,50.0000,26.1261,26.1261,22.7979,0.0000,0.0000,30.1802,28.8288,25.8824,28.8288,28.3784,28.3784,28.3784,28.3784,28.3784,28.3784,24.3243,27.9279,27.4775,30.1802,30.1802,86.4865,41.6667,24.2424,58.9744,58.9744,,62.8821,60.8108,64.4144,31.1688,31.1688,31.1688,31.1688,31.1688,31.1688,31.1688,31.1688,31.1688,31.1688,31.1688,24.3542,21.2245,27.0833,20.8163,33.3333,33.3333,25.3968,30.4762,21.4286
CALSDS01_EVE026,25.6410,23.5897,20.2941,20.4412,29.1262,29.1262,22.9358,22.9358,22.9358,22.9358,22.9358,22.9358,24.0642,23.5294,24.0642,30.7692,30.7692,38.0952,27.1222,27.1222,27.1222,27.3292,18.7500,0.0000,0.0000,21.6749,21.6749,24.7485,24.5473,28.1250,43.7500,22.9008,27.6956,26.4271,26.3441,29.9003,27.3292,27.3292,27.3292,27.5362,27.3292,27.1222,25.4658,27.1222,27.1222,23.6156,23.6156,66.9951,72.5926,68.5714,63.3588,63.3588,62.8821,,85.6223,70.6783,28.0172,28.0172,28.0172,28.0172,28.0172,28.0172,28.0172,28.0172,28.0172,28.0172,28.0172,26.3441,18.8544,22.1429,19.8614,18.3333,18.3333,22.2520,21.1073,26.8657
GCF_943734735.2_idAnoGambNW_F1_1_genomic_EVE029,24.8042,22.9765,19.7015,19.8507,30.0971,30.0971,17.8899,17.8899,17.8899,17.8899,17.8899,17.8899,17.6471,17.1123,18.1818,30.7692,30.7692,38.8889,27.6956,27.6956,27.6956,27.9070,23.0769,0.0000,0.0000,19.2118,19.2118,24.6407,24.4353,30.8300,46.6667,22.9008,26.7819,25.7019,22.3464,29.2096,27.4841,27.4841,27.4841,27.6956,27.4841,27.2727,25.5814,27.2727,27.2727,23.6755,23.6755,66.1654,62.2222,61.9048,59.6078,59.6078,60.8108,85.6223,,68.0000,24.8889,24.8889,24.8889,24.8889,24.8889,24.8889,24.8889,24.8889,24.8889,24.8889,24.8889,24.6350,18.6893,19.0476,19.4836,15.0000,15.0000,20.7650,19.1489,27.5862
GCF_943734735.2_idAnoGambNW_F1_1_genomic_EVE026,27.4151,26.3708,21.0287,21.1800,25.2427,25.2427,21.5596,21.5596,21.5596,21.5596,21.5596,21.5596,22.4599,21.9251,22.4599,30.7692,30.7692,33.3333,28.0172,28.0172,28.0172,28.2328,0.0000,0.0000,0.0000,26.1084,26.1084,24.6862,24.4770,27.4590,47.2222,26.7176,28.1938,27.7533,23.4637,29.0780,25.0000,25.0000,25.0000,25.0000,25.0000,24.7845,23.2759,25.8621,25.6466,23.3613,23.3613,68.1704,69.6296,67.6190,64.3137,64.3137,64.4144,70.6783,68.0000,,24.8889,24.8889,25.3333,25.3333,25.3333,25.3333,25.3333,25.3333,25.3333,25.3333,25.3333,25.6030,18.6893,21.6117,19.4836,20.0000,20.0000,21.8579,22.3404,30.2682
CALSDS01_EVE004,28.4314,27.4510,17.2973,16.7568,32.8767,32.8767,21.4286,21.4286,21.4286,21.4286,21.4286,21.4286,21.1679,20.4380,21.1679,0.0000,0.0000,0.0000,24.7899,24.7899,24.7899,24.7899,0.0000,0.0000,0.0000,18.4971,19.0751,24.7899,24.7899,32.3529,0.0000,25.7426,24.7899,23.5294,31.3953,31.3953,21.6102,21.6102,21.6102,22.0339,21.6102,22.0339,21.6102,20.3390,20.3390,14.0921,14.0921,31.1111,27.2059,29.2818,28.8889,28.8889,31.1688,28.0172,24.8889,24.8889,,100.0000,99.0196,99.0196,99.0196,99.0196,99.0196,99.0196,99.0196,98.5294,98.5294,23.1660,25.9804,25.9804,25.9804,23.0769,23.0769,27.4510,27.9412,25.5708
GCF_943734735.2_idAnoGambNW_F1_1_genomic_EVE004,28.4314,27.4510,17.2973,16.7568,32.8767,32.8767,21.4286,21.4286,21.4286,21.4286,21.4286,21.4286,21.1679,20.4380,21.1679,0.0000,0.0000,0.0000,24.7899,24.7899,24.7899,24.7899,0.0000,0.0000,0.0000,18.4971,19.0751,24.7899,24.7899,32.3529,0.0000,25.7426,24.7899,23.5294,31.3953,31.3953,21.6102,21.6102,21.6102,22.0339,21.6102,22.0339,21.6102,20.3390,20.3390,14.0921,14.0921,31.1111,27.2059,29.2818,28.8889,28.8889,31.1688,28.0172,24.8889,24.8889,100.0000,,99.0196,99.0196,99.0196,99.0196,99.0196,99.0196,99.0196,98.5294,98.5294,23.1660,25.9804,25.9804,25.9804,23.0769,23.0769,27.4510,27.9412,25.5708
CALSDS01_EVE005,28.9216,27.9412,17.5676,17.0270,32.8767,32.8767,22.0238,22.0238,22.0238,22.0238,22.0238,22.0238,21.8978,21.1679,21.8978,0.0000,0.0000,0.0000,25.2101,25.2101,25.2101,25.2101,0.0000,0.0000,0.0000,19.0751,19.6532,24.7899,24.7899,32.3529,0.0000,25.7426,25.2101,23.9496,31.3953,31.3953,21.1864,21.1864,21.1864,21.6102,21.1864,21.6102,21.1864,20.3390,20.3390,14.6341,14.6341,31.5556,27.9412,29.8343,29.3333,29.3333,31.1688,28.0172,24.8889,25.3333,99.0196,99.0196,,100.0000,100.0000,100.0000,100.0000,100.0000,100.0000,99.5098,99.5098,23.5521,25.9804,25.9804,25.9804,23.8462,23.8462,27.9412,27.9412,26.4840
CALSDS01_EVE006,28.9216,27.9412,17.5676,17.0270,32.8767,32.8767,22.0238,22.0238,22.0238,22.0238,22.0238,22.0238,21.8978,21.1679,21.8978,0.0000,0.0000,0.0000,25.2101,25.2101,25.2101,25.2101,0.0000,0.0000,0.0000,19.0751,19.6532,24.7899,24.7899,32.3529,0.0000,25.7426,25.2101,23.9496,31.3953,31.3953,21.1864,21.1864,21.1864,21.6102,21.1864,21.6102,21.1864,20.3390,20.3390,14.6341,14.6341,31.5556,27.9412,29.8343,29.3333,29.3333,31.1688,28.0172,24.8889,25.3333,99.0196,99.0196,100.0000,,100.0000,100.0000,100.0000,100.0000,100.0000,99.5098,99.5098,23.5521,25.9804,25.9804,25.9804,23.8462,23.8462,27.9412,27.9412,26.4840
CALSDS01_EVE007,28.9216,27.9412,17.5676,17.0270,32.8767,32.8767,22.0238,22.0238,22.0238,22.0238,22.0238,22.0238,21.8978,21.1679,21.8978,0.0000,0.0000,0.0000,25.2101,25.2101,25.2101,25.2101,0.0000,0.0000,0.0000,19.0751,19.6532,24.7899,24.7899,32.3529,0.0000,25.7426,25.2101,23.9496,31.3953,31.3953,21.1864,21.1864,21.1864,21.6102,21.1864,21.6102,21.1864,20.3390,20.3390,14.6341,14.6341,31.5556,27.9412,29.8343,29.3333,29.3333,31.1688,28.0172,24.8889,25.3333,99.0196,99.0196,100.0000,100.0000,,100.0000,100.0000,100.0000,100.0000,99.5098,99.5098,23.5521,25.9804,25.9804,25.9804,23.8462,23.8462,27.9412,27.9412,26.4840
CALSDS01_EVE009,28.9216,27.9412,17.5676,17.0270,32.8767,32.8767,22.0238,22.0238,22.0238,22.0238,22.0238,22.0238,21.8978,21.1679,21.8978,0.0000,0.0000,0.0000,25.2101,25.2101,25.2101,25.2101,0.0000,0.0000,0.0000,19.0751,19.6532,24.7899,24.7899,32.3529,0.0000,25.7426,25.2101,23.9496,31.3953,31.3953,21.1864,21.1864,21.1864,21.6102,21.1864,21.6102,21.1864,20.3390,20.3390,14.6341,14.6341,31.5556,27.9412,29.8343,29.3333,29.3333,31.1688,28.0172,24.8889,25.3333,99.0196,99.0196,100.0000,100.0000,100.0000,,100.0000,100.0000,100.0000,99.5098,99.5098,23.5521,25.9804,25.9804,25.9804,23.8462,23.8462,27.9412,27.9412,26.4840
GCF_943734735.2_idAnoGambNW_F1_1_genomic_EVE005,28.9216,27.9412,17.5676,17.0270,32.8767,32.8767,22.0238,22.0238,22.0238,22.0238,22.0238,22.0238,21.8978,21.1679,21.8978,0.0000,0.0000,0.0000,25.2101,25.2101,25.2101,25.2101,0.0000,0.0000,0.0000,19.0751,19.6532,24.7899,24.7899,32.3529,0.0000,25.7426,25.2101,23.9496,31.3953,31.3953,21.1864,21.1864,21.1864,21.6102,21.1864,21.6102,21.1864,20.3390,20.3390,14.6341,14.6341,31.5556,27.9412,29.8343,29.3333,29.3333,31.1688,28.0172,24.8889,25.3333,99.0196,99.0196,100.0000,100.0000,100.0000,100.0000,,100.0000,100.0000,99.5098,99.5098,23.5521,25.9804,25.9804,25.9804,23.8462,23.8462,27.9412,27.9412,26.4840
GCF_943734735.2_idAnoGambNW_F1_1_genomic_EVE006,28.9216,27.9412,17.5676,17.0270,32.8767,32.8767,22.0238,22.0238,22.0238,22.0238,22.0238,22.0238,21.8978,21.1679,21.8978,0.0000,0.0000,0.0000,25.2101,25.2101,25.2101,25.2101,0.0000,0.0000,0.0000,19.0751,19.6532,24.7899,24.7899,32.3529,0.0000,25.7426,25.2101,23.9496,31.3953,31.3953,21.1864,21.1864,21.1864,21.6102,21.1864,21.6102,21.1864,20.3390,20.3390,14.6341,14.6341,31.5556,27.9412,29.8343,29.3333,29.3333,31.1688,28.0172,24.8889,25.3333,99.0196,99.0196,100.0000,100.0000,100.0000,100.0000,100.0000,,100.0000,99.5098,99.5098,23.5521,25.9804,25.9804,25.9804,23.8462,23.8462,27.9412,27.9412,26.4840
GCF_943734735.2_idAnoGambNW_F1_1_genomic_EVE008,28.9216,27.9412,17.5676,17.0270,32.8767,32.8767,22.0238,22.0238,22.0238,22.0238,22.0238,22.0238,21.8978,21.1679,21.8978,0.0000,0.0000,0.0000,25.2101,25.2101,25.2101,25.2101,0.0000,0.0000,0.0000,19.0751,19.6532,24.7899,24.7899,32.3529,0.0000,25.7426,25.2101,23.9496,31.3953,31.3953,21.1864,21.1864,21.1864,21.6102,21.1864,21.6102,21.1864,20.3390,20.3390,14.6341,14.6341,31.5556,27.9412,29.8343,29.3333,29.3333,31.1688,28.0172,24.8889,25.3333,99.0196,99.0196,100.0000,100.0000,100.0000,100.0000,100.0000,100.0000,,99.5098,99.5098,23.5521,25.9804,25.9804,25.9804,23.8462,23.8462,27.9412,27.9412,26.4840
CALSDS01_EVE008,28.9216,27.9412,17.5676,17.0270,32.8767,32.8767,22.0238,22.0238,22.0238,22.0238,22.0238,22.0238,21.8978,21.1679,21.8978,0.0000,0.0000,0.0000,25.2101,25.2101,25.2101,25.2101,0.0000,0.0000,0.0000,19.0751,19.6532,24.7899,24.7899,32.3529,0.0000,25.7426,25.2101,23.9496,31.3953,31.3953,21.1864,21.1864,21.1864,21.6102,21.1864,21.6102,21.1864,20.3390,20.3390,14.6341,14.6341,31.5556,27.9412,29.8343,29.3333,29.3333,31.1688,28.0172,24.8889,25.3333,98.5294,98.5294,99.5098,99.5098,99.5098,99.5098,99.5098,99.5098,99.5098,,100.0000,23.9382,26.4706,26.4706,26.4706,23.8462,23.8462,28.4314,27.4510,26.0274
GCF_943734735.2_idAnoGambNW_F1_1_genomic_EVE007,28.9216,27.9412,17.5676,17.0270,32.8767,32.8767,22.0238,22.0238,22.0238,22.0238,22.0238,22.0238,21.8978,21.1679,21.8978,0.0000,0.0000,0.0000,25.2101,25.2101,25.2101,25.2101,0.0000,0.0000,0.0000,19.0751,19.6532,24.7899,24.7899,32.3529,0.0000,25.7426,25.2101,23.9496,31.3953,31.3953,21.1864,21.1864,21.1864,21.6102,21.1864,21.6102,21.1864,20.3390,20.3390,14.6341,14.6341,31.5556,27.9412,29.8343,29.3333,29.3333,31.1688,28.0172,24.8889,25.3333,98.5294,98.5294,99.5098,99.5098,99.5098,99.5098,99.5098,99.5098,99.5098,100.0000,,23.9382,26.4706,26.4706,26.4706,23.8462,23.8462,28.4314,27.4510,26.0274
GCF_943734735.2_idAnoGambNW_F1_1_genomic_EVE018 (reversed),20.0000,19.2381,25.2538,25.2538,20.7865,20.7865,21.2230,21.2230,21.2230,21.2230,21.2230,21.2230,19.8381,20.2429,20.3774,25.7576,25.7576,32.0000,24.8097,24.8097,24.8097,24.8097,28.5714,0.0000,0.0000,20.5674,20.5674,21.1310,20.9821,24.4186,31.3725,20.3883,23.4007,22.7273,23.2456,25.7453,20.4620,20.4620,20.4620,20.2970,20.2970,20.6271,19.3069,20.8333,20.8333,22.2689,22.2689,27.2541,31.1765,28.0528,29.3103,29.3103,24.3542,26.3441,24.6350,25.6030,23.1660,23.1660,23.5521,23.5521,23.5521,23.5521,23.5521,23.5521,23.5521,23.9382,23.9382,,20.0837,20.1220,19.9211,16.3934,16.3934,20.3822,19.7143,25.0000
CALSDS01_EVE016,25.6410,26.2108,18.9916,18.9916,20.7792,20.7792,27.8481,27.8481,27.8481,27.8481,27.8481,27.8481,25.1969,25.9843,24.4094,0.0000,0.0000,0.0000,20.8543,20.8543,20.8543,20.8543,0.0000,0.0000,0.0000,22.3602,22.3602,24.1206,24.1206,25.2294,0.0000,24.4681,21.6080,21.1055,21.7822,22.8682,18.4343,18.4343,18.4343,18.6869,18.4343,18.1818,17.6768,19.5489,19.0476,14.7217,14.7217,20.3431,16.2963,22.4490,20.7469,20.7469,21.2245,18.8544,18.6893,18.6893,25.9804,25.9804,25.9804,25.9804,25.9804,25.9804,25.9804,25.9804,25.9804,26.4706,26.4706,20.0837,,92.8910,96.9780,66.9492,66.9492,67.4342,30.7692,27.1186
GCF_943734735.2_idAnoGambNW_F1_1_genomic_EVE012,29.9595,30.3644,17.0507,17.0507,25.4717,25.4717,30.8511,30.8511,30.8511,30.8511,30.8511,30.8511,29.2994,29.9363,28.6624,39.2857,39.2857,0.0000,22.3827,22.3827,22.7437,22.3827,0.0000,0.0000,0.0000,24.3523,24.3523,24.1877,24.1877,28.3019,0.0000,23.2000,23.4127,23.0159,29.5238,30.4762,22.9008,22.9008,22.9008,23.2824,22.9008,22.5191,22.9008,25.3623,25.0000,14.3187,14.3187,21.9780,16.2963,23.1111,20.7407,20.7407,27.0833,22.1429,19.0476,21.6117,25.9804,25.9804,25.9804,25.9804,25.9804,25.9804,25.9804,25.9804,25.9804,26.4706,26.4706,20.1220,92.8910,,98.3333,69.3878,69.3878,65.0000,27.5591,28.3019
GCF_943734735.2_idAnoGambNW_F1_1_genomic_EVE013,26.5789,27.1053,18.7500,18.7500,25.4717,25.4717,30.8511,30.8511,30.8511,30.8511,30.8511,30.8511,29.2994,29.9363,28.6624,39.2857,39.2857,0.0000,21.6279,21.6279,21.8605,21.6279,0.0000,0.0000,0.0000,24.3523,24.3523,24.4186,24.4186,25.2294,0.0000,23.2000,21.4815,20.9877,21.7822,22.8682,19.7590,19.7590,19.7590,20.0000,19.7590,19.5181,19.0361,21.9114,21.2121,15.8703,15.8703,20.3791,16.2963,23.1111,20.3704,20.3704,20.8163,19.8614,19.4836,19.4836,25.9804,25.9804,25.9804,25.9804,25.9804,25.9804,25.9804,25.9804,25.9804,26.4706,26.4706,19.9211,96.9780,98.3333,,69.3878,69.3878,67.8679,30.4183,27.9245
GCF_943734735.2_idAnoGambNW_F1_1_genomic_EVE009,25.1534,25.7669,15.4286,15.4286,19.1304,19.1304,29.0323,29.0323,29.0323,29.0323,29.0323,29.0323,29.0323,29.6774,28.3019,27.0270,27.0270,0.0000,20.2073,20.2073,20.2073,20.2073,0.0000,0.0000,0.0000,20.7254,20.7254,20.2073,20.2073,0.0000,0.0000,27.6119,19.4969,19.4969,16.6667,16.6667,19.5266,19.5266,19.5266,18.9349,19.5266,19.5266,19.5266,21.8085,21.2766,10.8883,10.8883,17.7778,12.6984,18.1373,15.1961,15.1961,33.3333,18.3333,15.0000,20.0000,23.0769,23.0769,23.8462,23.8462,23.8462,23.8462,23.8462,23.8462,23.8462,23.8462,23.8462,16.3934,66.9492,69.3878,69.3878,,100.0000,99.3590,20.5882,29.5337
GCF_943734735.2_idAnoGambNW_F1_1_genomic_EVE010,25.1534,25.7669,15.4286,15.4286,19.1304,19.1304,29.0323,29.0323,29.0323,29.0323,29.0323,29.0323,29.0323,29.6774,28.3019,27.0270,27.0270,0.0000,20.2073,20.2073,20.2073,20.2073,0.0000,0.0000,0.0000,20.7254,20.7254,20.2073,20.2073,0.0000,0.0000,27.6119,19.4969,19.4969,16.6667,16.6667,19.5266,19.5266,19.5266,18.9349,19.5266,19.5266,19.5266,21.8085,21.2766,10.8883,10.8883,17.7778,12.6984,18.1373,15.1961,15.1961,33.3333,18.3333,15.0000,20.0000,23.0769,23.0769,23.8462,23.8462,23.8462,23.8462,23.8462,23.8462,23.8462,23.8462,23.8462,16.3934,66.9492,69.3878,69.3878,100.0000,,99.3590,20.5882,29.5337
GCF_943734735.2_idAnoGambNW_F1_1_genomic_EVE011,23.3516,23.3516,20.0680,20.0680,21.5385,21.5385,30.0518,30.0518,30.0518,30.0518,30.0518,30.0518,29.0123,29.6296,28.8889,34.6154,34.6154,0.0000,20.8122,20.8122,20.8122,20.8122,0.0000,0.0000,0.0000,23.0415,23.0415,24.6193,24.6193,22.1519,0.0000,30.2013,19.7101,18.8406,19.6970,19.6970,21.1268,21.1268,21.1268,20.8451,21.1268,20.8451,20.0000,21.9251,21.6578,15.4545,15.4545,22.9508,14.8148,20.8835,19.7279,19.7279,25.3968,22.2520,20.7650,21.8579,27.4510,27.4510,27.9412,27.9412,27.9412,27.9412,27.9412,27.9412,27.9412,28.4314,28.4314,20.3822,67.4342,65.0000,67.8679,99.3590,99.3590,,25.0000,29.7578
CALSDS01_EVE025,28.0000,28.0000,16.4474,16.0088,25.3968,25.3968,18.2266,18.2266,18.2266,18.2266,18.2266,18.2266,15.6977,16.2791,16.6667,48.7805,48.7805,0.0000,25.5591,25.5591,25.8786,25.5591,0.0000,0.0000,0.0000,20.9091,21.3636,22.0447,22.0447,20.9677,0.0000,21.6216,23.6364,23.6364,36.8421,37.7193,22.5352,22.5352,22.5352,22.8873,22.5352,22.5352,22.1831,24.1722,24.1722,17.3626,17.3626,25.1773,17.0370,21.8487,27.2085,27.2085,30.4762,21.1073,19.1489,22.3404,27.9412,27.9412,27.9412,27.9412,27.9412,27.9412,27.9412,27.9412,27.9412,27.4510,27.4510,19.7143,30.7692,27.5591,30.4183,20.5882,20.5882,25.0000,,25.5396
GCF_943734735.2_idAnoGambNW_F1_1_genomic_EVE015,24.2424,24.9158,18.5022,18.2819,28.9655,28.9655,25.9912,25.9912,25.9912,25.9912,25.9912,25.9912,24.4898,23.9796,23.8318,31.6667,31.6667,0.0000,23.9748,23.9748,23.9748,23.9748,0.0000,0.0000,0.0000,26.9388,26.9388,21.4511,21.1356,17.0732,0.0000,27.1676,21.1538,21.5385,22.5806,22.5806,25.1852,25.1852,25.1852,24.8148,25.1852,25.1852,25.1852,26.7361,26.7361,18.5430,18.5430,30.2682,28.8889,28.0156,29.8013,29.8013,21.4286,26.8657,27.5862,30.2682,25.5708,25.5708,26.4840,26.4840,26.4840,26.4840,26.4840,26.4840,26.4840,26.0274,26.0274,25.0000,27.1186,28.3019,27.9245,29.5337,29.5337,29.7578,25.5396,
