contig	EVE_count
RCWQ01000001.1	197
STHA01000005.1	86
NC_064599.1	82
NW_026453526.1	68
OZ035535.1	65
NW_026453559.1	57
NW_026453548.1	56
NW_026453537.1	52
STHD01000005.1	50
JADQCX010000005.1	44
JABUIU010000004.1	42
NC_071288.1	42
NC_080706.1	42
NC_069141.1	41
NC_064875.1	37
NW_026045146.1	34
NW_026453570.1	34
NC_071289.1	33
NC_080705.1	33
NC_069140.1	32
CALSDO010000031.1	30
JADQCX010000003.1	30
NC_064871.1	30
JADFTP010000001.1	29
OX030883.1	29
JADQCX010000001.1	26
JADQDA010000005.1	26
JBCDWH010000004.1	26
NW_026453623.1	26
CALSDW010000024.1	25
NW_026453516.1	23
NW_026453603.1	23
CALSDO010000056.1	22
NC_071292.1	21
NC_071326.1	21
JADQDA010000001.1	20
NC_064598.1	20
NW_026453518.1	20
NW_026453581.1	20
CAJZCY010000007.1	19
CALSEF010000025.1	19
JADQDA010000003.1	19
NC_071291.1	19
NW_026045147.1	19
NW_026453517.1	19
JBCDWH010000002.1	18
NW_026045158.1	18
NW_026453521.1	18
OZ001347.1	18
CALSED010000006.1	17
CAWUOS010000164.1	17
CAWUOS010000247.1	17
NC_064873.1	17
NW_026045156.1	17
OZ035534.1	17
STHA01000004.1	17
APCI01009531.1	16
CAJZCY010000010.1	16
CALSDW010000010.1	16
JADFFO010000002.1	16
JADFTP010000002.1	16
JADGIQ010000001.1	16
NC_064597.1	16
NW_026453519.1	16
NW_026453520.1	16
NW_026453522.1	16
OZ035536.1	16
CAJZCY010000005.1	15
CALSEF010000022.1	15
CAWUOS010000093.1	15
JADQCW010000001.1	15
JADQCW010000005.1	15
JADQCZ010000001.1	15
NC_069145.1	15
NW_026045155.1	15
RCWQ01000002.1	15
CALSEC010000411.1	14
CALSEF010000473.1	14
CALSEH020000013.1	14
CAWUOS010000889.1	14
JADQCV010000005.1	14
JBCDWH010000007.1	14
NC_064601.1	14
NC_064872.1	14
NC_071327.1	14
NW_026045148.1	14
NW_026045149.1	14
AAAB01008847.1	13
CALSDO010000005.1	13
CALSEC010000059.1	13
CALSED010000141.1	13
JABEOT010000001.1	13
JABEOT010000003.1	13
JADFTQ010000002.1	13
NC_064670.1	13
NC_064671.1	13
NC_064870.1	13
NC_071325.1	13
NW_026453523.1	13
NW_026525082.1	13
NW_026689741.1	13
CAJZCY010000002.1	12
CAJZCY010000004.1	12
JADFFJ010000001.1	12
JADQCZ010000005.1	12
JBCDWH010000001.1	12
JBCDWH010000005.1	12
NC_064600.1	12
NC_064602.1	12
NC_064669.1	12
NW_026045159.1	12
NW_026045163.1	12
NW_026045362.1	12
NW_026525060.1	12
NW_026525071.1	12
NW_026525181.1	12
NW_026689719.1	12
NW_026689730.1	12
NW_026689839.1	12
STHC01000008.1	12
CALSEF010000396.1	11
CALSEK010000105.1	11
CALTRM010000076.1	11
JABUIU010000003.1	11
JADGIR010000004.1	11
NW_026045150.1	11
NW_026045160.1	11
NW_026453524.1	11
NW_026453528.1	11
NW_026525192.1	11
NW_026689850.1	11
OX030884.1	11
RWKB01000025.1	11
STHE01000007.1	11
CALSEC010000018.1	10
CALSED010000196.1	10
JADFFO010000003.1	10
JADFTP010000003.1	10
JADGIQ010000005.1	10
JADQCV010000003.1	10
JADQCY010000005.1	10
JBCDWH010000003.1	10
NC_064874.1	10
NW_026045168.1	10
NW_026045170.1	10
NW_026453515.1	10
NW_026453525.1	10
NW_026525123.1	10
NW_026689782.1	10
RCWQ01000627.1	10
STHC01000009.1	10
STHD01000003.1	10
CALSDO010000050.1	9
CALSDW010000019.1	9
CALSED010000564.1	9
CALSEI010000072.1	9
JADFFJ010000005.1	9
JADFTQ010000001.1	9
JADQCV010000001.1	9
JAIQDY010000004.1	9
NW_026045164.1	9
NW_026045166.1	9
NW_026045167.1	9
NW_026045173.1	9
NW_026453527.1	9
NW_026453530.1	9
NW_026453592.1	9
NW_026525049.1	9
NW_026525126.1	9
NW_026525668.1	9
NW_026525877.1	9
NW_026525880.1	9
NW_026689708.1	9
NW_026689785.1	9
CALSDS010000029.1	8
CALSED010000025.1	8
CALSEF010000005.1	8
CALSFZ010000092.1	8
CAWUOS010000009.1	8
CAWUOS010000898.1	8
JADFFJ010000003.1	8
JADGIQ010000003.1	8
JADQCY010000001.1	8
JALIHK010000004.1	8
LCWJ01002627.1	8
LULA01008306.1	8
LULA01015611.1	8
NC_071286.1	8
NC_071290.1	8
NC_080707.1	8
NW_026045171.1	8
NW_026045172.1	8
NW_026060594.1	8
NW_026453529.1	8
NW_026525127.1	8
NW_026525148.1	8
NW_026525886.1	8
NW_026525892.1	8
NW_026689786.1	8
NW_026689807.1	8
OZ001349.1	8
RWKB01000032.1	8
STHB01000009.1	8
STHD01000006.1	8
CALSDO010000108.1	7
CALSED010000129.1	7
CALSED010000157.1	7
CALSED010000291.1	7
CALSED010000292.1	7
CALSEI010000056.1	7
CALSFZ010000015.1	7
CAWUOS010000887.1	7
JADFFN010000004.1	7
JADQCW010000004.1	7
JADQCZ010000003.1	7
NC_071285.1	7
NC_071287.1	7
NC_071293.1	7
NW_026045157.1	7
NW_026045161.1	7
NW_026045169.1	7
NW_026045174.1	7
NW_026045175.1	7
NW_026045182.1	7
NW_026060583.1	7
NW_026060605.1	7
NW_026453533.1	7
NW_026453534.1	7
NW_026525129.1	7
NW_026525147.1	7
NW_026525152.1	7
NW_026525167.1	7
NW_026525879.1	7
NW_026525888.1	7
NW_026689788.1	7
NW_026689806.1	7
NW_026689811.1	7
NW_026689826.1	7
RCWQ01000003.1	7
STHC01000004.1	7
STHC01000011.1	7
STHD01000008.1	7
AAAB01008948.1	6
CAJZCY010000013.1	6
CALSDO010000130.1	6
CALSDS010000090.1	6
CALSEI010000629.1	6
JADFFO010000001.1	6
JADFFO010000005.1	6
JALIHK010000001.1	6
JBCDWH010000010.1	6
JBCDWH010000011.1	6
LCWJ01002616.1	6
LULA01014536.1	6
NC_069142.1	6
NC_069143.1	6
NW_026045177.1	6
NW_026045179.1	6
NW_026045180.1	6
NW_026045181.1	6
NW_026045185.1	6
NW_026045186.1	6
NW_026045188.1	6
NW_026045190.1	6
NW_026045192.1	6
NW_026060584.1	6
NW_026060587.1	6
NW_026060627.1	6
NW_026060638.1	6
NW_026060640.1	6
NW_026453531.1	6
NW_026453532.1	6
NW_026453535.1	6
NW_026453541.1	6
NW_026453545.1	6
NW_026453546.1	6
NW_026525115.1	6
NW_026525132.1	6
NW_026525133.1	6
NW_026525136.1	6
NW_026525153.1	6
NW_026525155.1	6
NW_026525156.1	6
NW_026525170.1	6
NW_026525173.1	6
NW_026525890.1	6
NW_026525900.1	6
NW_026525903.1	6
NW_026525911.1	6
NW_026525922.1	6
NW_026689774.1	6
NW_026689791.1	6
NW_026689792.1	6
NW_026689795.1	6
NW_026689812.1	6
NW_026689814.1	6
NW_026689815.1	6
NW_026689829.1	6
NW_026689832.1	6
OX030882.1	6
RCWQ01008387.1	6
RWKB01000072.1	6
STHA01000009.1	6
STHD01000002.1	6
APCG01004126.1	5
APCJ01003072.1	5
ATLZ01050973.1	5
CALSDO010000012.1	5
CALSDO010000512.1	5
CALSEC010000339.1	5
CALSED010000180.1	5
CALSED010000226.1	5
CALSED010000528.1	5
CALSEH020000059.1	5
CALSEH020000076.1	5
CALSEH020000302.1	5
CALSEI010000016.1	5
CALSEI010000055.1	5
CALSEI010000081.1	5
CALSEI010000129.1	5
CALSFZ010000049.1	5
CALTRM010000011.1	5
CAWUOS010000026.1	5
JABEOT010000018.1	5
JADFFJ010000004.1	5
JADQCV010000002.1	5
JADQCY010000003.1	5
JAIQDY010000012.1	5
JBCDWH010000008.1	5
JBCDWH010000009.1	5
JBCDWH010000012.1	5
JBCDWH010000014.1	5
JBCDWH010000017.1	5
LCWJ01001040.1	5
LCWJ01006944.1	5
LULA01019502.1	5
NW_026045178.1	5
NW_026045189.1	5
NW_026045191.1	5
NW_026045193.1	5
NW_026045194.1	5
NW_026045195.1	5
NW_026045196.1	5
NW_026045199.1	5
NW_026045200.1	5
NW_026045201.1	5
NW_026045205.1	5
NW_026045208.1	5
NW_026060585.1	5
NW_026060586.1	5
NW_026060588.1	5
NW_026060616.1	5
NW_026453539.1	5
NW_026453540.1	5
NW_026453543.1	5
NW_026453549.1	5
NW_026453553.1	5
NW_026453554.1	5
NW_026454320.1	5
NW_026525124.1	5
NW_026525128.1	5
NW_026525140.1	5
NW_026525143.1	5
NW_026525144.1	5
NW_026525157.1	5
NW_026525163.1	5
NW_026525203.1	5
NW_026525895.1	5
NW_026525912.1	5
NW_026525914.1	5
NW_026525915.1	5
NW_026525916.1	5
NW_026525921.1	5
NW_026525925.1	5
NW_026525926.1	5
NW_026525927.1	5
NW_026525928.1	5
NW_026689783.1	5
NW_026689787.1	5
NW_026689799.1	5
NW_026689802.1	5
NW_026689803.1	5
NW_026689816.1	5
NW_026689822.1	5
NW_026689861.1	5
OZ001348.2	5
RWKB01000109.1	5
SIXB01003095.1	5
STHB01000002.1	5
STHD01008294.1	5
AAAB01008816.1	4
ALPR02007205.1	4
APCL01004739.1	4
APCL01004884.1	4
CALSDO010000001.1	4
CALSDO010000023.1	4
CALSDO010000160.1	4
CALSDO010000212.1	4
CALSDO010000494.1	4
CALSDS010000019.1	4
CALSDS010000100.1	4
CALSDW010000001.1	4
CALSDW010000007.1	4
CALSDW010000030.1	4
CALSDW010000208.1	4
CALSDW010000245.1	4
CALSEC010000164.1	4
CALSED010000122.1	4
CALSED010000130.1	4
CALSED010000179.1	4
CALSED010000213.1	4
CALSED010000246.1	4
CALSED010000270.1	4
CALSED010000316.1	4
CALSED010000385.1	4
CALSED010000401.1	4
CALSED010000515.1	4
CALSEF010000010.1	4
CALSEH020000097.1	4
CALSEH020000161.1	4
CALSEH020000179.1	4
CALSEH020000227.1	4
CALSEH020000317.1	4
CALSEI010000082.1	4
CALSFZ010000005.1	4
CALTRM010000049.1	4
CAWUOS010000040.1	4
CAWUOS010000056.1	4
CAWUOS010000903.1	4
JABUIU010000001.1	4
JABUIU010000007.1	4
JADFFN010000001.1	4
JADFFO010000775.1	4
JADFTQ010000003.1	4
JADGIR010000001.1	4
JADQCX010000004.1	4
JADQCY010000002.1	4
JAIQDY010000001.1	4
JBCDWH010000013.1	4
JBCDWH010000015.1	4
JBCDWH010000016.1	4
JBCDWH010000019.1	4
JBCDWH010000020.1	4
JBCDWH010000022.1	4
JBCDWH010000028.1	4
LCWJ01003430.1	4
LCWJ01003634.1	4
LCWJ01005146.1	4
LCWJ01005147.1	4
LULA01006554.1	4
LULA01006582.1	4
LULA01010248.1	4
LULA01012413.1	4
LULA01014654.1	4
LULA01066348.1	4
LULB01000414.1	4
NW_026045145.1	4
NW_026045183.1	4
NW_026045197.1	4
NW_026045203.1	4
NW_026045206.1	4
NW_026045207.1	4
NW_026045210.1	4
NW_026045211.1	4
NW_026045213.1	4
NW_026045214.1	4
NW_026045215.1	4
NW_026045216.1	4
NW_026045221.1	4
NW_026045353.1	4
NW_026060590.1	4
NW_026060592.1	4
NW_026060593.1	4
NW_026060595.1	4
NW_026060596.1	4
NW_026060599.1	4
NW_026060600.1	4
NW_026060602.1	4
NW_026060603.1	4
NW_026060606.1	4
NW_026060641.1	4
NW_026060642.1	4
NW_026453536.1	4
NW_026453538.1	4
NW_026453542.1	4
NW_026453544.1	4
NW_026453547.1	4
NW_026453552.1	4
NW_026453556.1	4
NW_026453557.1	4
NW_026453558.1	4
NW_026453560.1	4
NW_026453561.1	4
NW_026453573.1	4
NW_026525093.1	4
NW_026525104.1	4
NW_026525145.1	4
NW_026525149.1	4
NW_026525150.1	4
NW_026525154.1	4
NW_026525158.1	4
NW_026525159.1	4
NW_026525161.1	4
NW_026525183.1	4
NW_026525187.1	4
NW_026525193.1	4
NW_026525195.1	4
NW_026525682.1	4
NW_026525899.1	4
NW_026525902.1	4
NW_026525905.1	4
NW_026525907.1	4
NW_026525913.1	4
NW_026525918.1	4
NW_026525919.1	4
NW_026525924.1	4
NW_026525929.1	4
NW_026525932.1	4
NW_026525936.1	4
NW_026525941.1	4
NW_026525943.1	4
NW_026525944.1	4
NW_026525951.1	4
NW_026689752.1	4
NW_026689763.1	4
NW_026689804.1	4
NW_026689808.1	4
NW_026689809.1	4
NW_026689813.1	4
NW_026689817.1	4
NW_026689818.1	4
NW_026689820.1	4
NW_026689841.1	4
NW_026689845.1	4
NW_026689851.1	4
NW_026689853.1	4
RWKB01000058.1	4
RWKB01000480.1	4
STHA01000003.1	4
STHA01004557.1	4
STHE01000010.1	4
AAAB01008962.1	3
ABKQ02000364.1	3
ALPR02030877.1	3
APCH01001149.1	3
APCH01004873.1	3
APCI01002563.1	3
APCI01007999.1	3
APCI01008930.1	3
APCJ01001121.1	3
APCJ01003492.1	3
APCN01001075.1	3
APCN01004594.1	3
APHL01000332.1	3
ATLV01019207.1	3
AXCO02022235.1	3
AXCP01004142.1	3
CALSDO010000008.1	3
CALSDO010000039.1	3
CALSDO010000112.1	3
CALSDO010000117.1	3
CALSDO010000128.1	3
CALSDO010000156.1	3
CALSDO010000159.1	3
CALSDO010000216.1	3
CALSDO010000245.1	3
CALSDO010000246.1	3
CALSDO010000249.1	3
CALSDO010000258.1	3
CALSDO010000260.1	3
CALSDO010000309.1	3
CALSDO010000404.1	3
CALSDO010000418.1	3
CALSDO010000457.1	3
CALSDO010000498.1	3
CALSDO010000500.1	3
CALSDO010000528.1	3
CALSDS010000047.1	3
CALSDW010000090.1	3
CALSDW010000149.1	3
CALSED010000019.1	3
CALSED010000162.1	3
CALSED010000182.1	3
CALSED010000195.1	3
CALSED010000200.1	3
CALSED010000201.1	3
CALSED010000205.1	3
CALSED010000208.1	3
CALSED010000210.1	3
CALSED010000266.1	3
CALSED010000276.1	3
CALSED010000277.1	3
CALSED010000283.1	3
CALSED010000297.1	3
CALSED010000302.1	3
CALSED010000313.1	3
CALSED010000334.1	3
CALSED010000354.1	3
CALSED010000373.1	3
CALSED010000378.1	3
CALSED010000400.1	3
CALSED010000406.1	3
CALSED010000433.1	3
CALSED010000475.1	3
CALSED010000526.1	3
CALSED010000545.1	3
CALSED010000555.1	3
CALSEE010000054.1	3
CALSEF010000050.1	3
CALSEF010000074.1	3
CALSEF010000094.1	3
CALSEF010000210.1	3
CALSEF010000405.1	3
CALSEF010000427.1	3
CALSEH020000023.1	3
CALSEH020000123.1	3
CALSEH020000131.1	3
CALSEH020000162.1	3
CALSEH020000171.1	3
CALSEH020000195.1	3
CALSEH020000205.1	3
CALSEH020000240.1	3
CALSEH020000252.1	3
CALSEH020000265.1	3
CALSEH020000267.1	3
CALSEH020000270.1	3
CALSEH020000271.1	3
CALSEH020000282.1	3
CALSEH020000284.1	3
CALSEH020000294.1	3
CALSEH020000296.1	3
CALSEH020000298.1	3
CALSEH020000304.1	3
CALSEH020000306.1	3
CALSEH020000313.1	3
CALSEH020000318.1	3
CALSEH020000320.1	3
CALSEH020000322.1	3
CALSEH020000325.1	3
CALSEI010000032.1	3
CALSEI010000034.1	3
CALSEI010000384.1	3
CALSEI010000652.1	3
CALSEK010000090.1	3
CALSEK010000149.1	3
CALSEK010000214.1	3
CALSFZ010000119.1	3
CALTRM010000048.1	3
CAWUOS010000053.1	3
CAWUOS010000281.1	3
CAWUOS010000304.1	3
CAWUOS010000308.1	3
CAWUOS010000890.1	3
CAWUOX010000116.1	3
CAWUOX010000873.1	3
JABEOT010000002.1	3
JABEOT010000010.1	3
JABEOT010000328.1	3
JABUIU010000006.1	3
JADFFN010021932.1	3
JADFFO010001015.1	3
JADQCY010000004.1	3
JADQCZ010000002.1	3
JADQCZ010000004.1	3
JADQDA010000002.1	3
JAIQDY010000002.1	3
JAIQDY010000005.1	3
JALIHK010000005.1	3
JBCDWH010000018.1	3
JBCDWH010000021.1	3
JBCDWH010000024.1	3
JBCDWH010000025.1	3
JBCDWH010000026.1	3
JBCDWH010000027.1	3
JBCDWH010000029.1	3
JBCDWH010000030.1	3
JBCDWH010000031.1	3
JBCDWH010000034.1	3
JBCDWH010000035.1	3
JBCDWH010000036.1	3
JBCDWH010000040.1	3
JBCDWH010000042.1	3
JBCDWH010000044.1	3
JBCDWH010000049.1	3
JXPR01023967.1	3
JXXA01010395.1	3
LULA01008331.1	3
LULA01011777.1	3
LULA01012414.1	3
LULA01014655.1	3
LULA01014660.1	3
LULA01014751.1	3
LULA01016662.1	3
LULA01018552.1	3
LULA01019073.1	3
LULB01008636.1	3
LULB01020938.1	3
LULB01027793.1	3
LULB01082533.1	3
LULB01083871.1	3
LULB01088421.1	3
NJHH01003635.1	3
NW_026045040.1	3
NW_026045041.1	3
NW_026045042.1	3
NW_026045046.1	3
NW_026045052.1	3
NW_026045054.1	3
NW_026045055.1	3
NW_026045057.1	3
NW_026045058.1	3
NW_026045059.1	3
NW_026045068.1	3
NW_026045184.1	3
NW_026045202.1	3
NW_026045204.1	3
NW_026045212.1	3
NW_026045217.1	3
NW_026045219.1	3
NW_026045222.1	3
NW_026045223.1	3
NW_026045224.1	3
NW_026045225.1	3
NW_026045226.1	3
NW_026045227.1	3
NW_026045228.1	3
NW_026045229.1	3
NW_026045230.1	3
NW_026045359.1	3
NW_026045360.1	3
NW_026060598.1	3
NW_026060601.1	3
NW_026060604.1	3
NW_026060607.1	3
NW_026060608.1	3
NW_026060609.1	3
NW_026060612.1	3
NW_026060613.1	3
NW_026060614.1	3
NW_026060615.1	3
NW_026060619.1	3
NW_026060620.1	3
NW_026060622.1	3
NW_026060623.1	3
NW_026060624.1	3
NW_026060625.1	3
NW_026060631.1	3
NW_026060632.1	3
NW_026453550.1	3
NW_026453551.1	3
NW_026453562.1	3
NW_026453563.1	3
NW_026453564.1	3
NW_026453565.1	3
NW_026453566.1	3
NW_026453568.1	3
NW_026453569.1	3
NW_026453572.1	3
NW_026453574.1	3
NW_026453582.1	3
NW_026453583.1	3
NW_026453584.1	3
NW_026453587.1	3
NW_026453616.1	3
NW_026525125.1	3
NW_026525130.1	3
NW_026525134.1	3
NW_026525135.1	3
NW_026525146.1	3
NW_026525164.1	3
NW_026525168.1	3
NW_026525169.1	3
NW_026525177.1	3
NW_026525179.1	3
NW_026525188.1	3
NW_026525190.1	3
NW_026525191.1	3
NW_026525194.1	3
NW_026525199.1	3
NW_026525206.1	3
NW_026525207.1	3
NW_026525423.1	3
NW_026525670.1	3
NW_026525673.1	3
NW_026525674.1	3
NW_026525675.1	3
NW_026525676.1	3
NW_026525681.1	3
NW_026525683.1	3
NW_026525686.1	3
NW_026525689.1	3
NW_026525694.1	3
NW_026525697.1	3
NW_026525701.1	3
NW_026525791.1	3
NW_026525906.1	3
NW_026525923.1	3
NW_026525934.1	3
NW_026525937.1	3
NW_026525938.1	3
NW_026525939.1	3
NW_026525940.1	3
NW_026525946.1	3
NW_026525947.1	3
NW_026525950.1	3
NW_026689784.1	3
NW_026689789.1	3
NW_026689793.1	3
NW_026689794.1	3
NW_026689805.1	3
NW_026689823.1	3
NW_026689827.1	3
NW_026689828.1	3
NW_026689836.1	3
NW_026689837.1	3
NW_026689846.1	3
NW_026689848.1	3
NW_026689849.1	3
NW_026689852.1	3
NW_026689857.1	3
NW_026689864.1	3
NW_026689865.1	3
NW_026690082.1	3
RCWQ01000539.1	3
RCWQ01002481.1	3
RCWQ01003873.1	3
RCWQ01004003.1	3
RCWQ01005741.1	3
RCWQ01008427.1	3
SIXB01003783.1	3
STHA01000006.1	3
STHB01000006.1	3
STHB01000013.1	3
STHB01003754.1	3
STHC01001293.1	3
STHC01011905.1	3
STHD01000007.1	3
STHE01000008.1	3
STHE01003000.1	3
AAAB01007514.1	2
ABKP02009966.1	2
ABKP02020176.1	2
ABKP02020177.1	2
ABKP02020595.1	2
ABKP02021154.1	2
ABKQ02010057.1	2
ABKQ02010268.1	2
ABKQ02011689.1	2
ABKQ02017674.1	2
ALPR02004632.1	2
ALPR02006698.1	2
ALPR02007501.1	2
ALPR02012433.1	2
ALPR02026679.1	2
APCG01003874.1	2
APCG01007489.1	2
APCG01007777.1	2
APCH01015102.1	2
APCI01000833.1	2
APCI01007079.1	2
APCI01007816.1	2
APCI01007837.1	2
APCJ01004301.1	2
APCJ01004601.1	2
APCJ01004602.1	2
APCJ01004665.1	2
APCJ01004804.1	2
APCL01001850.1	2
APCL01002787.1	2
APCL01003674.1	2
APCL01004325.1	2
APCL01005525.1	2
APCL01005587.1	2
APCL01006171.1	2
APCL01007164.1	2
APCM01018595.1	2
APCN01004595.1	2
APHL01000154.1	2
APHL01000390.1	2
APHL01000391.1	2
APHL01000962.1	2
APHL01005297.1	2
ATLV01013447.1	2
ATLV01021936.1	2
ATLV01022981.1	2
ATLV01027390.1	2
ATLZ01006640.1	2
ATLZ01010311.1	2
ATLZ01023057.1	2
AXCK02001232.1	2
AXCK02008053.1	2
AXCK02011411.1	2
AXCK02024744.1	2
AXCL01001367.1	2
AXCL01008586.1	2
AXCL01013855.1	2
AXCL01044784.1	2
AXCL01050288.1	2
AXCN02001843.1	2
AXCN02002054.1	2
AXCN02002075.1	2
AXCN02002206.1	2
AXCN02002261.1	2
AXCP01004150.1	2
AXCP01004492.1	2
AXCP01006155.1	2
AXCP01007197.1	2
AXCP01009835.1	2
AXCQ02003705.1	2
AXCQ02006598.1	2
AXCQ02007802.1	2
AXCQ02012501.1	2
CAJZCY010000003.1	2
CAJZCY010000015.1	2
CALSDO010000006.1	2
CALSDO010000007.1	2
CALSDO010000015.1	2
CALSDO010000060.1	2
CALSDO010000090.1	2
CALSDO010000100.1	2
CALSDO010000104.1	2
CALSDO010000111.1	2
CALSDO010000119.1	2
CALSDO010000122.1	2
CALSDO010000127.1	2
CALSDO010000129.1	2
CALSDO010000131.1	2
CALSDO010000142.1	2
CALSDO010000143.1	2
CALSDO010000145.1	2
CALSDO010000148.1	2
CALSDO010000150.1	2
CALSDO010000165.1	2
CALSDO010000166.1	2
CALSDO010000168.1	2
CALSDO010000169.1	2
CALSDO010000172.1	2
CALSDO010000179.1	2
CALSDO010000180.1	2
CALSDO010000182.1	2
CALSDO010000188.1	2
CALSDO010000189.1	2
CALSDO010000214.1	2
CALSDO010000218.1	2
CALSDO010000220.1	2
CALSDO010000221.1	2
CALSDO010000227.1	2
CALSDO010000231.1	2
CALSDO010000233.1	2
CALSDO010000237.1	2
CALSDO010000243.1	2
CALSDO010000244.1	2
CALSDO010000250.1	2
CALSDO010000259.1	2
CALSDO010000261.1	2
CALSDO010000265.1	2
CALSDO010000270.1	2
CALSDO010000271.1	2
CALSDO010000273.1	2
CALSDO010000275.1	2
CALSDO010000286.1	2
CALSDO010000290.1	2
CALSDO010000291.1	2
CALSDO010000292.1	2
CALSDO010000296.1	2
CALSDO010000298.1	2
CALSDO010000299.1	2
CALSDO010000306.1	2
CALSDO010000310.1	2
CALSDO010000312.1	2
CALSDO010000314.1	2
CALSDO010000317.1	2
CALSDO010000321.1	2
CALSDO010000324.1	2
CALSDO010000327.1	2
CALSDO010000335.1	2
CALSDO010000363.1	2
CALSDO010000367.1	2
CALSDO010000372.1	2
CALSDO010000374.1	2
CALSDO010000386.1	2
CALSDO010000389.1	2
CALSDO010000396.1	2
CALSDO010000411.1	2
CALSDO010000416.1	2
CALSDO010000423.1	2
CALSDO010000442.1	2
CALSDO010000473.1	2
CALSDO010000480.1	2
CALSDO010000493.1	2
CALSDO010000505.1	2
CALSDO010000510.1	2
CALSDO010000515.1	2
CALSDO010000521.1	2
CALSDO010000525.1	2
CALSDO010000538.1	2
CALSDS010000685.1	2
CALSDW010000027.1	2
CALSDW010000066.1	2
CALSDW010000145.1	2
CALSDW010000210.1	2
CALSDW010000218.1	2
CALSDW010000317.1	2
CALSDW010000462.1	2
CALSEC010000073.1	2
CALSED010000023.1	2
CALSED010000037.1	2
CALSED010000043.1	2
CALSED010000044.1	2
CALSED010000075.1	2
CALSED010000080.1	2
CALSED010000101.1	2
CALSED010000110.1	2
CALSED010000151.1	2
CALSED010000156.1	2
CALSED010000167.1	2
CALSED010000177.1	2
CALSED010000204.1	2
CALSED010000211.1	2
CALSED010000212.1	2
CALSED010000219.1	2
CALSED010000220.1	2
CALSED010000221.1	2
CALSED010000235.1	2
CALSED010000239.1	2
CALSED010000253.1	2
CALSED010000254.1	2
CALSED010000255.1	2
CALSED010000256.1	2
CALSED010000269.1	2
CALSED010000274.1	2
CALSED010000284.1	2
CALSED010000289.1	2
CALSED010000331.1	2
CALSED010000332.1	2
CALSED010000335.1	2
CALSED010000341.1	2
CALSED010000353.1	2
CALSED010000359.1	2
CALSED010000362.1	2
CALSED010000363.1	2
CALSED010000364.1	2
CALSED010000377.1	2
CALSED010000381.1	2
CALSED010000393.1	2
CALSED010000418.1	2
CALSED010000426.1	2
CALSED010000435.1	2
CALSED010000444.1	2
CALSED010000450.1	2
CALSED010000451.1	2
CALSED010000455.1	2
CALSED010000458.1	2
CALSED010000460.1	2
CALSED010000463.1	2
CALSED010000465.1	2
CALSED010000484.1	2
CALSED010000534.1	2
CALSED010000558.1	2
CALSED010000566.1	2
CALSEF010000035.1	2
CALSEF010000056.1	2
CALSEF010000061.1	2
CALSEF010000136.1	2
CALSEF010000156.1	2
CALSEF010000184.1	2
CALSEF010000202.1	2
CALSEF010000204.1	2
CALSEF010000277.1	2
CALSEF010000384.1	2
CALSEF010000385.1	2
CALSEF010000398.1	2
CALSEF010000441.1	2
CALSEH020000020.1	2
CALSEH020000036.1	2
CALSEH020000186.1	2
CALSEH020000212.1	2
CALSEH020000220.1	2
CALSEH020000239.1	2
CALSEH020000249.1	2
CALSEH020000250.1	2
CALSEH020000256.1	2
CALSEH020000277.1	2
CALSEH020000281.1	2
CALSEH020000285.1	2
CALSEH020000289.1	2
CALSEH020000290.1	2
CALSEH020000293.1	2
CALSEH020000297.1	2
CALSEH020000299.1	2
CALSEH020000300.1	2
CALSEH020000301.1	2
CALSEH020000303.1	2
CALSEH020000308.1	2
CALSEH020000309.1	2
CALSEH020000321.1	2
CALSEH020000323.1	2
CALSEI010000003.1	2
CALSEI010000026.1	2
CALSEI010000054.1	2
CALSEI010000073.1	2
CALSEI010000106.1	2
CALSEI010000119.1	2
CALSEI010000159.1	2
CALSEI010000166.1	2
CALSEI010000171.1	2
CALSEI010000174.1	2
CALSEI010000238.1	2
CALSEI010000257.1	2
CALSEI010000261.1	2
CALSEI010000284.1	2
CALSEI010000285.1	2
CALSEI010000295.1	2
CALSEI010000328.1	2
CALSEI010000330.1	2
CALSEI010000355.1	2
CALSEI010000360.1	2
CALSEI010000361.1	2
CALSEI010000365.1	2
CALSEI010000406.1	2
CALSEI010000417.1	2
CALSEI010000439.1	2
CALSEI010000440.1	2
CALSEI010000452.1	2
CALSEI010000475.1	2
CALSEI010000491.1	2
CALSEI010000501.1	2
CALSEI010000507.1	2
CALSEI010000568.1	2
CALSEI010000628.1	2
CALSEI010000643.1	2
CALSEI010000655.1	2
CALSEI010000657.1	2
CALSEI010000664.1	2
CALSEI010000670.1	2
CALSEK010000021.1	2
CALSEK010000025.1	2
CALSEK010000027.1	2
CALSEK010000072.1	2
CALSEK010000134.1	2
CALSEK010000325.1	2
CALSFZ010000022.1	2
CALSFZ010000357.1	2
CALTRM010000142.1	2
CALTRM010000479.1	2
CALTRM010000510.1	2
CAWUOS010000019.1	2
CAWUOS010000075.1	2
CAWUOS010000126.1	2
CAWUOS010000131.1	2
CAWUOS010000150.1	2
CAWUOS010000180.1	2
CAWUOS010000194.1	2
CAWUOS010000205.1	2
CAWUOS010000206.1	2
CAWUOS010000219.1	2
CAWUOS010000224.1	2
CAWUOS010000242.1	2
CAWUOS010000296.1	2
CAWUOS010000325.1	2
CAWUOS010000337.1	2
CAWUOS010000358.1	2
CAWUOS010000368.1	2
CAWUOS010000377.1	2
CAWUOS010000390.1	2
CAWUOS010000426.1	2
CAWUOS010000463.1	2
CAWUOS010000499.1	2
CAWUOS010000613.1	2
CAWUOS010000628.1	2
CAWUOS010000630.1	2
CAWUOS010000652.1	2
CAWUOS010000684.1	2
CAWUOS010000687.1	2
CAWUOS010000694.1	2
CAWUOS010000733.1	2
CAWUOS010000743.1	2
CAWUOS010000748.1	2
CAWUOS010000763.1	2
CAWUOS010000784.1	2
CAWUOS010000868.1	2
CAWUOS010000892.1	2
CAWUOS010000894.1	2
CAWUOS010000896.1	2
CAWUOS010000910.1	2
CAWUOX010000888.1	2
JABEOT010000014.1	2
JABEOT010000015.1	2
JABUIV010000002.1	2
JABUIV010000011.1	2
JABUIV010000025.1	2
JADFFJ010000023.1	2
JADFFN010000003.1	2
JADFFN010000005.1	2
JADFFN010003563.1	2
JADFFN010017769.1	2
JADFFO010000007.1	2
JADFFO010000079.1	2
JADFFO010000101.1	2
JADGIQ010000622.1	2
JADQCV010000004.1	2
JADQCX010000002.1	2
JADQDA010000004.1	2
JAIQDY010000011.1	2
JAIQDY010000030.1	2
JAIQDY010000332.1	2
JALIHK010000002.1	2
JAOEFI010000001.1	2
JAOEFI010017506.1	2
JAOEFI010019063.1	2
JAVFHU010002402.1	2
JAVFHU010003932.1	2
JAVFHU010010172.1	2
JAVFHU010049287.1	2
JBCDWH010000006.1	2
JBCDWH010000023.1	2
JBCDWH010000032.1	2
JBCDWH010000033.1	2
JBCDWH010000037.1	2
JBCDWH010000038.1	2
JBCDWH010000041.1	2
JBCDWH010000043.1	2
JBCDWH010000045.1	2
JBCDWH010000046.1	2
JBCDWH010000047.1	2
JBCDWH010000048.1	2
JBCDWH010000050.1	2
JBCDWH010000051.1	2
JBCDWH010000052.1	2
JBCDWH010000053.1	2
JBCDWH010000054.1	2
JXPR01004757.1	2
JXPR01026564.1	2
JXPR01030101.1	2
JXPR01051514.1	2
JXWZ01000647.1	2
JXWZ01003805.1	2
JXWZ01004278.1	2
JXWZ01004742.1	2
JXWZ01013676.1	2
JXXA01004703.1	2
JXXA01007703.1	2
JXXB01037072.1	2
JXXC01008151.1	2
JXXC01011139.1	2
LCWJ01001909.1	2
LULA01000352.1	2
LULA01002315.1	2
LULA01007721.1	2
LULA01008305.1	2
LULA01009574.1	2
LULA01010249.1	2
LULA01010867.1	2
LULA01011781.1	2
LULA01012310.1	2
LULA01013208.1	2
LULA01013595.1	2
LULA01013885.1	2
LULA01014657.1	2
LULA01014982.1	2
LULA01015014.1	2
LULA01015195.1	2
LULA01016908.1	2
LULA01017015.1	2
LULA01018125.1	2
LULA01019501.1	2
LULA01019903.1	2
LULA01021976.1	2
LULA01022690.1	2
LULA01024370.1	2
LULA01032662.1	2
LULB01021333.1	2
LULB01026884.1	2
LULB01032316.1	2
LULB01045347.1	2
LULB01051448.1	2
LULB01054826.1	2
LULB01060448.1	2
LULB01061468.1	2
LULB01069054.1	2
LULB01086920.1	2
LULB01088420.1	2
LULB01088422.1	2
LULB01088465.1	2
LULB01088467.1	2
LULB01092488.1	2
LULB01099631.1	2
LULB01100572.1	2
NC_069144.1	2
NJHH01001846.1	2
NJHH01003073.1	2
NW_026045043.1	2
NW_026045044.1	2
NW_026045047.1	2
NW_026045049.1	2
NW_026045051.1	2
NW_026045053.1	2
NW_026045056.1	2
NW_026045063.1	2
NW_026045065.1	2
NW_026045066.1	2
NW_026045067.1	2
NW_026045069.1	2
NW_026045070.1	2
NW_026045071.1	2
NW_026045073.1	2
NW_026045075.1	2
NW_026045076.1	2
NW_026045077.1	2
NW_026045079.1	2
NW_026045080.1	2
NW_026045088.1	2
NW_026045092.1	2
NW_026045096.1	2
NW_026045097.1	2
NW_026045099.1	2
NW_026045111.1	2
NW_026045113.1	2
NW_026045114.1	2
NW_026045124.1	2
NW_026045126.1	2
NW_026045151.1	2
NW_026045152.1	2
NW_026045218.1	2
NW_026060597.1	2
NW_026060610.1	2
NW_026060611.1	2
NW_026060617.1	2
NW_026060618.1	2
NW_026060621.1	2
NW_026060626.1	2
NW_026060628.1	2
NW_026060629.1	2
NW_026060630.1	2
NW_026060633.1	2
NW_026060634.1	2
NW_026060635.1	2
NW_026453555.1	2
NW_026453571.1	2
NW_026453575.1	2
NW_026453576.1	2
NW_026453577.1	2
NW_026453578.1	2
NW_026453579.1	2
NW_026453580.1	2
NW_026453585.1	2
NW_026453586.1	2
NW_026453588.1	2
NW_026453589.1	2
NW_026453590.1	2
NW_026453591.1	2
NW_026453593.1	2
NW_026453594.1	2
NW_026453595.1	2
NW_026453596.1	2
NW_026453597.1	2
NW_026453598.1	2
NW_026453600.1	2
NW_026453605.1	2
NW_026453608.1	2
NW_026453610.1	2
NW_026453611.1	2
NW_026454087.1	2
NW_026454344.1	2
NW_026454441.1	2
NW_026454442.1	2
NW_026454747.1	2
NW_026525051.1	2
NW_026525057.1	2
NW_026525063.1	2
NW_026525065.1	2
NW_026525066.1	2
NW_026525067.1	2
NW_026525073.1	2
NW_026525074.1	2
NW_026525077.1	2
NW_026525080.1	2
NW_026525081.1	2
NW_026525083.1	2
NW_026525090.1	2
NW_026525091.1	2
NW_026525092.1	2
NW_026525094.1	2
NW_026525097.1	2
NW_026525099.1	2
NW_026525100.1	2
NW_026525131.1	2
NW_026525137.1	2
NW_026525138.1	2
NW_026525139.1	2
NW_026525141.1	2
NW_026525142.1	2
NW_026525175.1	2
NW_026525178.1	2
NW_026525182.1	2
NW_026525184.1	2
NW_026525185.1	2
NW_026525186.1	2
NW_026525198.1	2
NW_026525200.1	2
NW_026525202.1	2
NW_026525204.1	2
NW_026525208.1	2
NW_026525210.1	2
NW_026525212.1	2
NW_026525220.1	2
NW_026525375.1	2
NW_026525529.1	2
NW_026525671.1	2
NW_026525678.1	2
NW_026525679.1	2
NW_026525684.1	2
NW_026525685.1	2
NW_026525688.1	2
NW_026525690.1	2
NW_026525693.1	2
NW_026525695.1	2
NW_026525700.1	2
NW_026525703.1	2
NW_026525706.1	2
NW_026525707.1	2
NW_026525710.1	2
NW_026525711.1	2
NW_026525712.1	2
NW_026525715.1	2
NW_026525716.1	2
NW_026525720.1	2
NW_026525722.1	2
NW_026525726.1	2
NW_026525729.1	2
NW_026525730.1	2
NW_026525731.1	2
NW_026525733.1	2
NW_026525736.1	2
NW_026525738.1	2
NW_026525740.1	2
NW_026525741.1	2
NW_026525742.1	2
NW_026525744.1	2
NW_026525747.1	2
NW_026525749.1	2
NW_026525750.1	2
NW_026525753.1	2
NW_026525756.1	2
NW_026525759.1	2
NW_026525765.1	2
NW_026525771.1	2
NW_026525774.1	2
NW_026525781.1	2
NW_026525782.1	2
NW_026525784.1	2
NW_026525785.1	2
NW_026525787.1	2
NW_026525788.1	2
NW_026525790.1	2
NW_026525793.1	2
NW_026525794.1	2
NW_026525795.1	2
NW_026525796.1	2
NW_026525798.1	2
NW_026525799.1	2
NW_026525801.1	2
NW_026525803.1	2
NW_026525806.1	2
NW_026525810.1	2
NW_026525811.1	2
NW_026525814.1	2
NW_026525820.1	2
NW_026525822.1	2
NW_026525823.1	2
NW_026525826.1	2
NW_026525830.1	2
NW_026525831.1	2
NW_026525840.1	2
NW_026525845.1	2
NW_026525851.1	2
NW_026525948.1	2
NW_026525949.1	2
NW_026525952.1	2
NW_026684293.1	2
NW_026684312.1	2
NW_026684356.1	2
NW_026684401.1	2
NW_026684947.1	2
NW_026685077.1	2
NW_026689710.1	2
NW_026689716.1	2
NW_026689722.1	2
NW_026689724.1	2
NW_026689725.1	2
NW_026689726.1	2
NW_026689732.1	2
NW_026689733.1	2
NW_026689736.1	2
NW_026689739.1	2
NW_026689740.1	2
NW_026689742.1	2
NW_026689749.1	2
NW_026689750.1	2
NW_026689751.1	2
NW_026689753.1	2
NW_026689756.1	2
NW_026689758.1	2
NW_026689759.1	2
NW_026689790.1	2
NW_026689796.1	2
NW_026689797.1	2
NW_026689798.1	2
NW_026689800.1	2
NW_026689801.1	2
NW_026689834.1	2
NW_026689840.1	2
NW_026689842.1	2
NW_026689843.1	2
NW_026689844.1	2
NW_026689856.1	2
NW_026689858.1	2
NW_026689860.1	2
NW_026689862.1	2
NW_026689866.1	2
NW_026689868.1	2
NW_026689870.1	2
NW_026689872.1	2
NW_026689879.1	2
NW_026690034.1	2
RCWQ01000082.1	2
RCWQ01000084.1	2
RCWQ01000504.1	2
RCWQ01000580.1	2
RCWQ01004006.1	2
RCWQ01004013.1	2
RCWQ01004843.1	2
RCWQ01004896.1	2
RCWQ01006974.1	2
RCWQ01007237.1	2
RCWQ01007982.1	2
RWKB01000115.1	2
SIXB01004628.1	2
SIXB01010643.1	2
SIXB01011469.1	2
SIXB01019935.1	2
SIXB01026724.1	2
SIXB01027194.1	2
STHA01005666.1	2
STHA01006232.1	2
STHA01011129.1	2
STHA01021127.1	2
STHB01000004.1	2
STHB01000762.1	2
STHB01001950.1	2
STHB01014215.1	2
STHB01019971.1	2
STHB01030660.1	2
STHB01033986.1	2
STHB01034651.1	2
STHC01000002.1	2
STHC01000907.1	2
STHC01001905.1	2
STHC01006811.1	2
STHC01006983.1	2
STHD01012099.1	2
STHD01013452.1	2
STHD01019921.1	2
STHE01000002.1	2
STHE01000004.1	2
STHE01004769.1	2
STHE01009907.1	2
STHE01010025.1	2
VTWG01029723.1	2
VTWG01066610.1	2
AAAB01000580.1	1
AAAB01001489.1	1
AAAB01001614.1	1
AAAB01003204.1	1
AAAB01003308.1	1
AAAB01005096.1	1
AAAB01005969.1	1
AAAB01006368.1	1
AAAB01006391.1	1
AAAB01006900.1	1
AAAB01006958.1	1
AAAB01007353.1	1
AAAB01008810.1	1
AAAB01008811.1	1
AAAB01008859.1	1
AAAB01008902.1	1
AAAB01008960.1	1
AAAB01008971.1	1
AAAB01008980.1	1
AAAB01009308.1	1
AAAB01009690.1	1
AAAB01009870.1	1
AAAB01010081.1	1
AAAB01010511.1	1
AAAB01011132.1	1
AAAB01011665.1	1
AAAB01012395.1	1
AAAB01012425.1	1
AAAB01013631.1	1
AAAB01013980.1	1
AAAB01014198.1	1
AAAB01014231.1	1
AAAB01015169.1	1
AAAB01015326.1	1
AAAB01016706.1	1
AAAB01017167.1	1
AAAB01017200.1	1
AAAB01017276.1	1
AAAB01018237.1	1
AAAB01018539.1	1
AAAB01018644.1	1
AAAB01019493.1	1
AAAB01020431.1	1
AAAB01020763.1	1
AAAB01020838.1	1
AAAB01020930.1	1
AAAB01021094.1	1
AAAB01021427.1	1
AAAB01021458.1	1
AAAB01021542.1	1
AAAB01021834.1	1
AAAB01022365.1	1
AAAB01022826.1	1
AAAB01023245.1	1
AAAB01023396.1	1
AAAB01023690.1	1
AAAB01024631.1	1
AAAB01026122.1	1
AAAB01026230.1	1
AAAB01026337.1	1
AAAB01026445.1	1
AAAB01026850.1	1
AAAB01026913.1	1
AAAB01027254.1	1
AAAB01027687.1	1
AAAB01027820.1	1
AAAB01027967.1	1
AAAB01028199.1	1
AAAB01028205.1	1
AAAB01029494.1	1
AAAB01030827.1	1
AAAB01031076.1	1
AAAB01031449.1	1
AAAB01031899.1	1
AAAB01031908.1	1
AAAB01032000.1	1
AAAB01032492.1	1
AAAB01035419.1	1
AAAB01035976.1	1
AAAB01035986.1	1
AAAB01036321.1	1
AAAB01036661.1	1
AAAB01037147.1	1
AAAB01038027.1	1
AAAB01039189.1	1
AAAB01039548.1	1
AAAB01040270.1	1
AAAB01040534.1	1
AAAB01040843.1	1
AAAB01041029.1	1
AAAB01042505.1	1
AAAB01042516.1	1
AAAB01043131.1	1
AAAB01043290.1	1
AAAB01043355.1	1
AAAB01044375.1	1
AAAB01044767.1	1
AAAB01044870.1	1
AAAB01045474.1	1
AAAB01045808.1	1
AAAB01046158.1	1
AAAB01046314.1	1
AAAB01046340.1	1
AAAB01046379.1	1
AAAB01046708.1	1
AAAB01047152.1	1
AAAB01047580.1	1
AAAB01048136.1	1
AAAB01048854.1	1
AAAB01049147.1	1
AAAB01049277.1	1
AAAB01050105.1	1
AAAB01050133.1	1
AAAB01050258.1	1
AAAB01050899.1	1
AAAB01051388.1	1
AAAB01051451.1	1
AAAB01051611.1	1
AAAB01051838.1	1
AAAB01052009.1	1
AAAB01052497.1	1
AAAB01052872.1	1
AAAB01053461.1	1
AAAB01053480.1	1
AAAB01053578.1	1
AAAB01053751.1	1
AAAB01054986.1	1
AAAB01055038.1	1
AAAB01055974.1	1
AAAB01056328.1	1
AAAB01056381.1	1
AAAB01056637.1	1
AAAB01056751.1	1
AAAB01056910.1	1
AAAB01057343.1	1
AAAB01057485.1	1
AAAB01057777.1	1
AAAB01058037.1	1
AAAB01058096.1	1
AAAB01058212.1	1
AAAB01058292.1	1
AAAB01058313.1	1
AAAB01058392.1	1
AAAB01058432.1	1
AAAB01058512.1	1
AAAB01058735.1	1
AAAB01058789.1	1
AAAB01058964.1	1
AAAB01058992.1	1
AAAB01059134.1	1
AAAB01059213.1	1
AAAB01059232.1	1
AAAB01059249.1	1
AAAB01059542.1	1
AAAB01059576.1	1
AAAB01059645.1	1
AAAB01059745.1	1
AAAB01059832.1	1
AAAB01059844.1	1
AAAB01059853.1	1
AAAB01059869.1	1
AAAB01059888.1	1
AAAB01060002.1	1
AAAB01060028.1	1
AAAB01060239.1	1
AAAB01060256.1	1
AAAB01060325.1	1
AAAB01060349.1	1
AAAB01060409.1	1
AAAB01060414.1	1
AAAB01060490.1	1
AAAB01060668.1	1
AAAB01060685.1	1
AAAB01060698.1	1
AAAB01060753.1	1
AAAB01060787.1	1
AAAB01061073.1	1
AAAB01061135.1	1
AAAB01061325.1	1
AAAB01061409.1	1
AAAB01061434.1	1
AAAB01061668.1	1
AAAB01061694.1	1
AAAB01061716.1	1
AAAB01061726.1	1
AAAB01061738.1	1
AAAB01061775.1	1
AAAB01061920.1	1
AAAB01062080.1	1
AAAB01062085.1	1
AAAB01062223.1	1
AAAB01062263.1	1
AAAB01062303.1	1
AAAB01062366.1	1
AAAB01062376.1	1
AAAB01062417.1	1
AAAB01062444.1	1
AAAB01062454.1	1
AAAB01062575.1	1
AAAB01062612.1	1
AAAB01062635.1	1
AAAB01062656.1	1
AAAB01062702.1	1
AAAB01062714.1	1
AAAB01062738.1	1
AAAB01062825.1	1
AAAB01062856.1	1
AAAB01062886.1	1
AAAB01062964.1	1
AAAB01063161.1	1
AAAB01063321.1	1
AAAB01063397.1	1
AAAB01063419.1	1
AAAB01063453.1	1
AAAB01063543.1	1
AAAB01063574.1	1
AAAB01063770.1	1
AAAB01063796.1	1
AAAB01063931.1	1
AAAB01064071.1	1
AAAB01064117.1	1
AAAB01065842.1	1
AAAB01065944.1	1
AAAB01065987.1	1
AAAB01066003.1	1
AAAB01066078.1	1
AAAB01066142.1	1
AAAB01066171.1	1
AAAB01066228.1	1
AAAB01066281.1	1
AAAB01066373.1	1
AAAB01066663.1	1
AAAB01066703.1	1
AAAB01066737.1	1
AAAB01066788.1	1
AAAB01066857.1	1
AAAB01067029.1	1
AAAB01067174.1	1
AAAB01067316.1	1
AAAB01067581.1	1
AAAB01067626.1	1
AAAB01067643.1	1
AAAB01067832.1	1
AAAB01067938.1	1
AAAB01067952.1	1
AAAB01067974.1	1
AAAB01068021.1	1
AAAB01068044.1	1
AAAB01068056.1	1
AAAB01068069.1	1
AAAB01068082.1	1
AAAB01068097.1	1
AAAB01068177.1	1
AAAB01068335.1	1
AAAB01068373.1	1
AAAB01068485.1	1
AAAB01068492.1	1
AAAB01068515.1	1
AAAB01068560.1	1
AAAB01068706.1	1
AAAB01068717.1	1
AAAB01068740.1	1
AAAB01068756.1	1
AAAB01068764.1	1
AAAB01068814.1	1
AAAB01068820.1	1
AAAB01068926.1	1
AAAB01068984.1	1
AAAB01069038.1	1
AAAB01069097.1	1
AAAB01069122.1	1
AAAB01069125.1	1
AAAB01069131.1	1
AAAB01069195.1	1
AAAB01069295.1	1
AAAB01069329.1	1
AAAB01069448.1	1
AAAB01069453.1	1
AAAB01069458.1	1
AAAB01069486.1	1
AAAB01069491.1	1
AAAB01069508.1	1
AAAB01069510.1	1
AAAB01069511.1	1
ABKP02002623.1	1
ABKP02004154.1	1
ABKP02004346.1	1
ABKP02010201.1	1
ABKP02011372.1	1
ABKP02011619.1	1
ABKP02014215.1	1
ABKP02016689.1	1
ABKP02020376.1	1
ABKP02021252.1	1
ABKP02023221.1	1
ABKP02024805.1	1
ABKP02025960.1	1
ABKP02025961.1	1
ABKQ02000336.1	1
ABKQ02000427.1	1
ABKQ02002344.1	1
ABKQ02003071.1	1
ABKQ02003115.1	1
ABKQ02004963.1	1
ABKQ02006809.1	1
ABKQ02007390.1	1
ABKQ02010058.1	1
ABKQ02010269.1	1
ABKQ02012173.1	1
ABKQ02013526.1	1
ABKQ02014847.1	1
ABKQ02016913.1	1
ABKQ02017395.1	1
ABKQ02018755.1	1
ABKQ02019683.1	1
ABKQ02019705.1	1
ABKQ02020614.1	1
ABKQ02020656.1	1
ABKQ02022485.1	1
ABKQ02022618.1	1
ABKQ02022781.1	1
ADMH02000092.1	1
ADMH02000139.1	1
ADMH02002198.1	1
ADMH02002220.1	1
ALPR02001069.1	1
ALPR02002949.1	1
ALPR02004683.1	1
ALPR02005248.1	1
ALPR02005488.1	1
ALPR02007163.1	1
ALPR02007204.1	1
ALPR02007506.1	1
ALPR02008680.1	1
ALPR02012922.1	1
ALPR02014462.1	1
ALPR02017413.1	1
ALPR02019685.1	1
ALPR02022678.1	1
ALPR02023547.1	1
ALPR02024603.1	1
ALPR02027126.1	1
APCG01000008.1	1
APCG01003290.1	1
APCG01003852.1	1
APCG01004123.1	1
APCG01004125.1	1
APCG01004685.1	1
APCG01006622.1	1
APCG01006708.1	1
APCG01007270.1	1
APCG01007424.1	1
APCG01007565.1	1
APCG01007778.1	1
APCG01008495.1	1
APCH01004965.1	1
APCH01006936.1	1
APCH01007137.1	1
APCH01011556.1	1
APCH01012594.1	1
APCH01012595.1	1
APCH01013560.1	1
APCH01013629.1	1
APCH01013630.1	1
APCH01013981.1	1
APCH01014518.1	1
APCH01014758.1	1
APCH01015154.1	1
APCH01015341.1	1
APCH01015982.1	1
APCI01000859.1	1
APCI01002370.1	1
APCI01002562.1	1
APCI01002564.1	1
APCI01002943.1	1
APCI01003088.1	1
APCI01003323.1	1
APCI01003324.1	1
APCI01003368.1	1
APCI01004363.1	1
APCI01006371.1	1
APCI01007081.1	1
APCI01007250.1	1
APCI01007404.1	1
APCI01007491.1	1
APCI01007571.1	1
APCI01007713.1	1
APCI01007714.1	1
APCI01007817.1	1
APCI01008214.1	1
APCI01008501.1	1
APCI01008502.1	1
APCI01008590.1	1
APCI01008591.1	1
APCI01008768.1	1
APCI01008781.1	1
APCI01008931.1	1
APCI01008961.1	1
APCI01008989.1	1
APCI01008990.1	1
APCI01009056.1	1
APCI01009190.1	1
APCI01009281.1	1
APCI01009282.1	1
APCI01009291.1	1
APCI01009334.1	1
APCI01009501.1	1
APCI01009517.1	1
APCJ01000147.1	1
APCJ01000220.1	1
APCJ01000665.1	1
APCJ01000979.1	1
APCJ01001233.1	1
APCJ01001373.1	1
APCJ01001377.1	1
APCJ01001422.1	1
APCJ01001974.1	1
APCJ01002203.1	1
APCJ01002276.1	1
APCJ01002289.1	1
APCJ01002696.1	1
APCJ01002851.1	1
APCJ01003560.1	1
APCJ01004300.1	1
APCJ01004334.1	1
APCJ01004666.1	1
APCJ01004777.1	1
APCJ01004782.1	1
APCJ01004851.1	1
APCJ01004892.1	1
APCJ01005238.1	1
APCJ01005523.1	1
APCJ01005525.1	1
APCJ01005597.1	1
APCJ01005809.1	1
APCJ01006013.1	1
APCJ01006105.1	1
APCJ01006215.1	1
APCJ01006271.1	1
APCJ01006287.1	1
APCJ01006293.1	1
APCJ01006305.1	1
APCJ01006407.1	1
APCJ01006482.1	1
APCJ01007184.1	1
APCJ01007209.1	1
APCJ01007239.1	1
APCJ01007249.1	1
APCJ01007372.1	1
APCJ01007425.1	1
APCJ01007499.1	1
APCK01001794.1	1
APCK01001865.1	1
APCK01002075.1	1
APCK01002081.1	1
APCK01002092.1	1
APCK01002274.1	1
APCK01002275.1	1
APCK01002279.1	1
APCK01002284.1	1
APCK01002292.1	1
APCK01002312.1	1
APCK01002373.1	1
APCK01002374.1	1
APCK01002564.1	1
APCK01002598.1	1
APCK01002626.1	1
APCK01002773.1	1
APCL01000098.1	1
APCL01001063.1	1
APCL01001064.1	1
APCL01001498.1	1
APCL01001525.1	1
APCL01001878.1	1
APCL01002786.1	1
APCL01002788.1	1
APCL01003264.1	1
APCL01003335.1	1
APCL01003672.1	1
APCL01003675.1	1
APCL01003792.1	1
APCL01004194.1	1
APCL01004348.1	1
APCL01004360.1	1
APCL01004364.1	1
APCL01004367.1	1
APCL01004476.1	1
APCL01004492.1	1
APCL01004572.1	1
APCL01004599.1	1
APCL01004629.1	1
APCL01004740.1	1
APCL01004744.1	1
APCL01005242.1	1
APCL01005244.1	1
APCL01005531.1	1
APCL01005600.1	1
APCL01005658.1	1
APCL01005673.1	1
APCL01005675.1	1
APCL01006127.1	1
APCL01006170.1	1
APCL01006323.1	1
APCL01006324.1	1
APCL01006488.1	1
APCL01006566.1	1
APCL01006838.1	1
APCL01006917.1	1
APCL01006970.1	1
APCL01007076.1	1
APCL01007112.1	1
APCL01007406.1	1
APCL01007540.1	1
APCL01007644.1	1
APCL01007825.1	1
APCL01007833.1	1
APCL01007861.1	1
APCL01008099.1	1
APCM01000868.1	1
APCM01003375.1	1
APCM01014889.1	1
APCM01019105.1	1
APCM01024280.1	1
APCM01029880.1	1
APCM01031074.1	1
APCN01000271.1	1
APCN01001040.1	1
APCN01002298.1	1
APCN01003217.1	1
APCN01004494.1	1
APCN01004499.1	1
APCN01004503.1	1
APCN01004591.1	1
APCN01004593.1	1
APCN01007457.1	1
APCN01007458.1	1
APCN01008168.1	1
APCN01008800.1	1
APCN01009665.1	1
APHL01000195.1	1
APHL01000333.1	1
APHL01000374.1	1
APHL01000961.1	1
APHL01001049.1	1
APHL01001392.1	1
APHL01001598.1	1
APHL01001684.1	1
APHL01001718.1	1
APHL01001750.1	1
APHL01001753.1	1
APHL01001967.1	1
APHL01002503.1	1
APHL01002508.1	1
APHL01003241.1	1
APHL01003396.1	1
APHL01003416.1	1
APHL01003417.1	1
APHL01003683.1	1
APHL01003873.1	1
APHL01004077.1	1
APHL01004407.1	1
APHL01004703.1	1
APHL01005507.1	1
APHL01005574.1	1
APHL01005575.1	1
APHL01005664.1	1
APHL01005836.1	1
APHL01005937.1	1
APHL01005982.1	1
ATLV01001443.1	1
ATLV01001448.1	1
ATLV01001589.1	1
ATLV01002631.1	1
ATLV01003871.1	1
ATLV01004400.1	1
ATLV01006342.1	1
ATLV01011318.1	1
ATLV01011319.1	1
ATLV01011459.1	1
ATLV01011717.1	1
ATLV01011718.1	1
ATLV01014308.1	1
ATLV01014701.1	1
ATLV01017603.1	1
ATLV01018977.1	1
ATLV01019208.1	1
ATLV01020853.1	1
ATLV01021280.1	1
ATLV01021281.1	1
ATLV01021938.1	1
ATLV01022087.1	1
ATLV01022089.1	1
ATLV01022983.1	1
ATLV01025336.1	1
ATLV01027233.1	1
ATLV01027247.1	1
ATLV01027368.1	1
ATLV01027398.1	1
ATLZ01000949.1	1
ATLZ01001599.1	1
ATLZ01004848.1	1
ATLZ01006617.1	1
ATLZ01008100.1	1
ATLZ01009234.1	1
ATLZ01009264.1	1
ATLZ01009350.1	1
ATLZ01011265.1	1
ATLZ01014211.1	1
ATLZ01014559.1	1
ATLZ01015525.1	1
ATLZ01032801.1	1
ATLZ01035565.1	1
ATLZ01038394.1	1
ATLZ01038806.1	1
ATLZ01042980.1	1
ATLZ01050963.1	1
AXCK02000683.1	1
AXCK02001233.1	1
AXCK02002227.1	1
AXCK02004196.1	1
AXCK02006507.1	1
AXCK02007046.1	1
AXCK02007656.1	1
AXCK02008052.1	1
AXCK02010289.1	1
AXCK02011778.1	1
AXCK02016201.1	1
AXCK02018042.1	1
AXCK02022688.1	1
AXCK02024140.1	1
AXCK02025130.1	1
AXCK02026514.1	1
AXCK02026547.1	1
AXCK02027939.1	1
AXCK02029341.1	1
AXCK02029636.1	1
AXCK02030332.1	1
AXCL01005173.1	1
AXCL01006995.1	1
AXCL01007185.1	1
AXCL01007890.1	1
AXCL01010940.1	1
AXCL01012459.1	1
AXCL01017469.1	1
AXCL01017501.1	1
AXCL01018870.1	1
AXCL01019781.1	1
AXCL01021480.1	1
AXCL01021816.1	1
AXCL01022301.1	1
AXCL01023971.1	1
AXCL01024921.1	1
AXCL01025761.1	1
AXCL01026706.1	1
AXCL01026844.1	1
AXCL01026970.1	1
AXCL01029291.1	1
AXCL01031219.1	1
AXCL01032121.1	1
AXCL01034186.1	1
AXCL01035208.1	1
AXCL01037525.1	1
AXCL01037627.1	1
AXCL01037822.1	1
AXCL01038190.1	1
AXCL01038850.1	1
AXCL01039424.1	1
AXCL01039734.1	1
AXCL01039750.1	1
AXCL01040155.1	1
AXCL01040463.1	1
AXCL01040672.1	1
AXCL01040984.1	1
AXCL01043270.1	1
AXCL01045902.1	1
AXCL01046219.1	1
AXCL01050037.1	1
AXCL01053578.1	1
AXCM01000396.1	1
AXCM01010637.1	1
AXCM01013998.1	1
AXCM01017447.1	1
AXCM01018272.1	1
AXCM01018453.1	1
AXCM01020534.1	1
AXCM01021505.1	1
AXCM01022706.1	1
AXCN02000286.1	1
AXCN02000601.1	1
AXCN02001116.1	1
AXCN02001554.1	1
AXCN02001788.1	1
AXCN02001790.1	1
AXCN02001839.1	1
AXCN02001846.1	1
AXCN02001850.1	1
AXCN02001851.1	1
AXCN02001880.1	1
AXCN02001895.1	1
AXCN02001934.1	1
AXCN02001944.1	1
AXCN02002000.1	1
AXCN02002036.1	1
AXCN02002302.1	1
AXCN02002341.1	1
AXCN02002358.1	1
AXCN02002360.1	1
AXCN02002428.1	1
AXCN02002511.1	1
AXCN02002653.1	1
AXCN02002671.1	1
AXCN02002676.1	1
AXCN02002758.1	1
AXCN02002777.1	1
AXCN02002819.1	1
AXCN02002825.1	1
AXCN02002859.1	1
AXCN02002860.1	1
AXCN02002868.1	1
AXCN02002924.1	1
AXCN02002941.1	1
AXCN02002955.1	1
AXCO02011232.1	1
AXCO02011561.1	1
AXCO02011988.1	1
AXCO02012103.1	1
AXCO02015612.1	1
AXCO02016910.1	1
AXCO02019825.1	1
AXCO02021440.1	1
AXCO02022444.1	1
AXCO02026521.1	1
AXCO02027973.1	1
AXCO02029328.1	1
AXCO02029347.1	1
AXCO02029402.1	1
AXCP01003305.1	1
AXCP01004153.1	1
AXCP01004158.1	1
AXCP01004159.1	1
AXCP01004200.1	1
AXCP01004487.1	1
AXCP01004605.1	1
AXCP01005680.1	1
AXCP01005696.1	1
AXCP01005968.1	1
AXCP01006257.1	1
AXCP01006258.1	1
AXCP01006641.1	1
AXCP01006642.1	1
AXCP01006643.1	1
AXCP01006644.1	1
AXCP01006645.1	1
AXCP01006646.1	1
AXCP01007093.1	1
AXCP01007193.1	1
AXCP01007564.1	1
AXCP01007702.1	1
AXCP01008064.1	1
AXCP01008231.1	1
AXCP01008487.1	1
AXCP01008585.1	1
AXCP01008904.1	1
AXCP01009428.1	1
AXCP01009571.1	1
AXCP01009574.1	1
AXCP01009575.1	1
AXCP01009711.1	1
AXCQ02002419.1	1
AXCQ02003704.1	1
AXCQ02003997.1	1
AXCQ02003998.1	1
AXCQ02006996.1	1
AXCQ02006997.1	1
AXCQ02007184.1	1
AXCQ02008567.1	1
AXCQ02010492.1	1
AXCQ02011098.1	1
AXCQ02012448.1	1
AXCQ02012769.1	1
CAJZCY010000001.1	1
CAJZCY010000009.1	1
CALSDO010000009.1	1
CALSDO010000011.1	1
CALSDO010000013.1	1
CALSDO010000033.1	1
CALSDO010000035.1	1
CALSDO010000042.1	1
CALSDO010000046.1	1
CALSDO010000055.1	1
CALSDO010000077.1	1
CALSDO010000091.1	1
CALSDO010000092.1	1
CALSDO010000095.1	1
CALSDO010000098.1	1
CALSDO010000105.1	1
CALSDO010000107.1	1
CALSDO010000114.1	1
CALSDO010000118.1	1
CALSDO010000136.1	1
CALSDO010000141.1	1
CALSDO010000147.1	1
CALSDO010000149.1	1
CALSDO010000151.1	1
CALSDO010000152.1	1
CALSDO010000154.1	1
CALSDO010000155.1	1
CALSDO010000157.1	1
CALSDO010000158.1	1
CALSDO010000163.1	1
CALSDO010000164.1	1
CALSDO010000173.1	1
CALSDO010000174.1	1
CALSDO010000175.1	1
CALSDO010000176.1	1
CALSDO010000178.1	1
CALSDO010000181.1	1
CALSDO010000185.1	1
CALSDO010000187.1	1
CALSDO010000191.1	1
CALSDO010000193.1	1
CALSDO010000194.1	1
CALSDO010000196.1	1
CALSDO010000197.1	1
CALSDO010000198.1	1
CALSDO010000202.1	1
CALSDO010000205.1	1
CALSDO010000206.1	1
CALSDO010000208.1	1
CALSDO010000209.1	1
CALSDO010000210.1	1
CALSDO010000217.1	1
CALSDO010000219.1	1
CALSDO010000222.1	1
CALSDO010000226.1	1
CALSDO010000228.1	1
CALSDO010000229.1	1
CALSDO010000230.1	1
CALSDO010000232.1	1
CALSDO010000235.1	1
CALSDO010000239.1	1
CALSDO010000247.1	1
CALSDO010000248.1	1
CALSDO010000252.1	1
CALSDO010000253.1	1
CALSDO010000255.1	1
CALSDO010000256.1	1
CALSDO010000262.1	1
CALSDO010000267.1	1
CALSDO010000274.1	1
CALSDO010000276.1	1
CALSDO010000278.1	1
CALSDO010000281.1	1
CALSDO010000282.1	1
CALSDO010000283.1	1
CALSDO010000284.1	1
CALSDO010000287.1	1
CALSDO010000289.1	1
CALSDO010000301.1	1
CALSDO010000302.1	1
CALSDO010000304.1	1
CALSDO010000307.1	1
CALSDO010000313.1	1
CALSDO010000318.1	1
CALSDO010000319.1	1
CALSDO010000323.1	1
CALSDO010000325.1	1
CALSDO010000330.1	1
CALSDO010000332.1	1
CALSDO010000333.1	1
CALSDO010000334.1	1
CALSDO010000337.1	1
CALSDO010000338.1	1
CALSDO010000340.1	1
CALSDO010000341.1	1
CALSDO010000344.1	1
CALSDO010000347.1	1
CALSDO010000348.1	1
CALSDO010000349.1	1
CALSDO010000353.1	1
CALSDO010000356.1	1
CALSDO010000357.1	1
CALSDO010000359.1	1
CALSDO010000361.1	1
CALSDO010000362.1	1
CALSDO010000365.1	1
CALSDO010000369.1	1
CALSDO010000370.1	1
CALSDO010000371.1	1
CALSDO010000373.1	1
CALSDO010000376.1	1
CALSDO010000377.1	1
CALSDO010000378.1	1
CALSDO010000379.1	1
CALSDO010000381.1	1
CALSDO010000382.1	1
CALSDO010000383.1	1
CALSDO010000384.1	1
CALSDO010000385.1	1
CALSDO010000387.1	1
CALSDO010000388.1	1
CALSDO010000393.1	1
CALSDO010000394.1	1
CALSDO010000398.1	1
CALSDO010000400.1	1
CALSDO010000401.1	1
CALSDO010000402.1	1
CALSDO010000403.1	1
CALSDO010000407.1	1
CALSDO010000408.1	1
CALSDO010000410.1	1
CALSDO010000413.1	1
CALSDO010000417.1	1
CALSDO010000420.1	1
CALSDO010000421.1	1
CALSDO010000422.1	1
CALSDO010000426.1	1
CALSDO010000429.1	1
CALSDO010000431.1	1
CALSDO010000437.1	1
CALSDO010000438.1	1
CALSDO010000439.1	1
CALSDO010000440.1	1
CALSDO010000441.1	1
CALSDO010000444.1	1
CALSDO010000445.1	1
CALSDO010000446.1	1
CALSDO010000452.1	1
CALSDO010000453.1	1
CALSDO010000454.1	1
CALSDO010000458.1	1
CALSDO010000459.1	1
CALSDO010000463.1	1
CALSDO010000464.1	1
CALSDO010000466.1	1
CALSDO010000467.1	1
CALSDO010000469.1	1
CALSDO010000470.1	1
CALSDO010000475.1	1
CALSDO010000476.1	1
CALSDO010000477.1	1
CALSDO010000478.1	1
CALSDO010000479.1	1
CALSDO010000482.1	1
CALSDO010000484.1	1
CALSDO010000485.1	1
CALSDO010000488.1	1
CALSDO010000490.1	1
CALSDO010000491.1	1
CALSDO010000496.1	1
CALSDO010000516.1	1
CALSDO010000519.1	1
CALSDO010000531.1	1
CALSDO010000532.1	1
CALSDO010000533.1	1
CALSDO010000537.1	1
CALSDS010000015.1	1
CALSDS010000031.1	1
CALSDS010000037.1	1
CALSDS010000040.1	1
CALSDS010000046.1	1
CALSDS010000098.1	1
CALSDS010000128.1	1
CALSDS010000155.1	1
CALSDS010000188.1	1
CALSDS010000303.1	1
CALSDW010000015.1	1
CALSDW010000017.1	1
CALSDW010000034.1	1
CALSDW010000047.1	1
CALSDW010000080.1	1
CALSDW010000146.1	1
CALSDW010000193.1	1
CALSDW010000230.1	1
CALSDW010000255.1	1
CALSDW010000256.1	1
CALSDW010000268.1	1
CALSDW010000281.1	1
CALSDW010000286.1	1
CALSDW010000330.1	1
CALSDW010000339.1	1
CALSDW010000353.1	1
CALSDW010000360.1	1
CALSDW010000380.1	1
CALSDW010000385.1	1
CALSDW010000396.1	1
CALSDW010000398.1	1
CALSDW010000403.1	1
CALSDW010000414.1	1
CALSDW010000416.1	1
CALSDW010000428.1	1
CALSDW010000446.1	1
CALSDW010000447.1	1
CALSDW010000453.1	1
CALSDW010000455.1	1
CALSDW010000458.1	1
CALSDW010000467.1	1
CALSDW010000476.1	1
CALSDW010000478.1	1
CALSDW010000479.1	1
CALSDW010000496.1	1
CALSDW010000503.1	1
CALSDW010000515.1	1
CALSDW010000545.1	1
CALSDW010000550.1	1
CALSDW010000604.1	1
CALSDW010000607.1	1
CALSEC010000027.1	1
CALSEC010000056.1	1
CALSEC010000085.1	1
CALSEC010000140.1	1
CALSEC010000212.1	1
CALSEC010000220.1	1
CALSEC010000229.1	1
CALSEC010000308.1	1
CALSED010000001.1	1
CALSED010000007.1	1
CALSED010000014.1	1
CALSED010000020.1	1
CALSED010000030.1	1
CALSED010000035.1	1
CALSED010000041.1	1
CALSED010000046.1	1
CALSED010000067.1	1
CALSED010000070.1	1
CALSED010000072.1	1
CALSED010000081.1	1
CALSED010000094.1	1
CALSED010000099.1	1
CALSED010000117.1	1
CALSED010000145.1	1
CALSED010000153.1	1
CALSED010000169.1	1
CALSED010000185.1	1
CALSED010000190.1	1
CALSED010000194.1	1
CALSED010000232.1	1
CALSED010000238.1	1
CALSED010000259.1	1
CALSED010000262.1	1
CALSED010000271.1	1
CALSED010000281.1	1
CALSED010000307.1	1
CALSED010000318.1	1
CALSED010000319.1	1
CALSED010000333.1	1
CALSED010000366.1	1
CALSED010000371.1	1
CALSED010000376.1	1
CALSED010000387.1	1
CALSED010000391.1	1
CALSED010000399.1	1
CALSED010000403.1	1
CALSED010000404.1	1
CALSED010000415.1	1
CALSED010000423.1	1
CALSED010000425.1	1
CALSED010000427.1	1
CALSED010000430.1	1
CALSED010000443.1	1
CALSED010000447.1	1
CALSED010000453.1	1
CALSED010000456.1	1
CALSED010000470.1	1
CALSED010000473.1	1
CALSED010000478.1	1
CALSED010000495.1	1
CALSED010000505.1	1
CALSED010000512.1	1
CALSEE010000085.1	1
CALSEE010000086.1	1
CALSEE010000287.1	1
CALSEE010000885.1	1
CALSEE010000889.1	1
CALSEE010000892.1	1
CALSEF010000009.1	1
CALSEF010000014.1	1
CALSEF010000016.1	1
CALSEF010000017.1	1
CALSEF010000041.1	1
CALSEF010000047.1	1
CALSEF010000065.1	1
CALSEF010000072.1	1
CALSEF010000086.1	1
CALSEF010000090.1	1
CALSEF010000093.1	1
CALSEF010000100.1	1
CALSEF010000110.1	1
CALSEF010000113.1	1
CALSEF010000114.1	1
CALSEF010000116.1	1
CALSEF010000125.1	1
CALSEF010000128.1	1
CALSEF010000129.1	1
CALSEF010000130.1	1
CALSEF010000132.1	1
CALSEF010000133.1	1
CALSEF010000137.1	1
CALSEF010000146.1	1
CALSEF010000148.1	1
CALSEF010000152.1	1
CALSEF010000159.1	1
CALSEF010000162.1	1
CALSEF010000163.1	1
CALSEF010000166.1	1
CALSEF010000168.1	1
CALSEF010000172.1	1
CALSEF010000174.1	1
CALSEF010000177.1	1
CALSEF010000182.1	1
CALSEF010000183.1	1
CALSEF010000188.1	1
CALSEF010000189.1	1
CALSEF010000198.1	1
CALSEF010000199.1	1
CALSEF010000206.1	1
CALSEF010000207.1	1
CALSEF010000213.1	1
CALSEF010000216.1	1
CALSEF010000217.1	1
CALSEF010000219.1	1
CALSEF010000220.1	1
CALSEF010000221.1	1
CALSEF010000229.1	1
CALSEF010000230.1	1
CALSEF010000232.1	1
CALSEF010000233.1	1
CALSEF010000234.1	1
CALSEF010000235.1	1
CALSEF010000237.1	1
CALSEF010000238.1	1
CALSEF010000239.1	1
CALSEF010000246.1	1
CALSEF010000247.1	1
CALSEF010000249.1	1
CALSEF010000254.1	1
CALSEF010000255.1	1
CALSEF010000259.1	1
CALSEF010000260.1	1
CALSEF010000262.1	1
CALSEF010000264.1	1
CALSEF010000268.1	1
CALSEF010000269.1	1
CALSEF010000272.1	1
CALSEF010000274.1	1
CALSEF010000276.1	1
CALSEF010000281.1	1
CALSEF010000283.1	1
CALSEF010000284.1	1
CALSEF010000285.1	1
CALSEF010000287.1	1
CALSEF010000288.1	1
CALSEF010000290.1	1
CALSEF010000291.1	1
CALSEF010000292.1	1
CALSEF010000293.1	1
CALSEF010000294.1	1
CALSEF010000299.1	1
CALSEF010000306.1	1
CALSEF010000307.1	1
CALSEF010000309.1	1
CALSEF010000310.1	1
CALSEF010000312.1	1
CALSEF010000314.1	1
CALSEF010000315.1	1
CALSEF010000316.1	1
CALSEF010000318.1	1
CALSEF010000325.1	1
CALSEF010000327.1	1
CALSEF010000328.1	1
CALSEF010000330.1	1
CALSEF010000331.1	1
CALSEF010000334.1	1
CALSEF010000335.1	1
CALSEF010000337.1	1
CALSEF010000342.1	1
CALSEF010000347.1	1
CALSEF010000349.1	1
CALSEF010000351.1	1
CALSEF010000355.1	1
CALSEF010000357.1	1
CALSEF010000361.1	1
CALSEF010000367.1	1
CALSEF010000368.1	1
CALSEF010000369.1	1
CALSEF010000370.1	1
CALSEF010000371.1	1
CALSEF010000372.1	1
CALSEF010000380.1	1
CALSEF010000382.1	1
CALSEF010000387.1	1
CALSEF010000400.1	1
CALSEF010000410.1	1
CALSEF010000423.1	1
CALSEF010000446.1	1
CALSEF010000448.1	1
CALSEF010000454.1	1
CALSEF010000457.1	1
CALSEF010000464.1	1
CALSEF010000472.1	1
CALSEH020000017.1	1
CALSEH020000050.1	1
CALSEH020000066.1	1
CALSEH020000137.1	1
CALSEH020000143.1	1
CALSEH020000274.1	1
CALSEH020000276.1	1
CALSEH020000278.1	1
CALSEI010000011.1	1
CALSEI010000013.1	1
CALSEI010000022.1	1
CALSEI010000030.1	1
CALSEI010000033.1	1
CALSEI010000039.1	1
CALSEI010000086.1	1
CALSEI010000102.1	1
CALSEI010000117.1	1
CALSEI010000120.1	1
CALSEI010000122.1	1
CALSEI010000140.1	1
CALSEI010000164.1	1
CALSEI010000165.1	1
CALSEI010000170.1	1
CALSEI010000178.1	1
CALSEI010000185.1	1
CALSEI010000188.1	1
CALSEI010000196.1	1
CALSEI010000203.1	1
CALSEI010000206.1	1
CALSEI010000210.1	1
CALSEI010000218.1	1
CALSEI010000220.1	1
CALSEI010000224.1	1
CALSEI010000227.1	1
CALSEI010000231.1	1
CALSEI010000237.1	1
CALSEI010000241.1	1
CALSEI010000242.1	1
CALSEI010000245.1	1
CALSEI010000248.1	1
CALSEI010000262.1	1
CALSEI010000268.1	1
CALSEI010000299.1	1
CALSEI010000310.1	1
CALSEI010000312.1	1
CALSEI010000315.1	1
CALSEI010000318.1	1
CALSEI010000322.1	1
CALSEI010000327.1	1
CALSEI010000329.1	1
CALSEI010000339.1	1
CALSEI010000343.1	1
CALSEI010000350.1	1
CALSEI010000358.1	1
CALSEI010000363.1	1
CALSEI010000397.1	1
CALSEI010000399.1	1
CALSEI010000400.1	1
CALSEI010000408.1	1
CALSEI010000419.1	1
CALSEI010000422.1	1
CALSEI010000435.1	1
CALSEI010000438.1	1
CALSEI010000446.1	1
CALSEI010000448.1	1
CALSEI010000450.1	1
CALSEI010000453.1	1
CALSEI010000454.1	1
CALSEI010000458.1	1
CALSEI010000468.1	1
CALSEI010000471.1	1
CALSEI010000472.1	1
CALSEI010000473.1	1
CALSEI010000474.1	1
CALSEI010000483.1	1
CALSEI010000487.1	1
CALSEI010000494.1	1
CALSEI010000503.1	1
CALSEI010000508.1	1
CALSEI010000509.1	1
CALSEI010000511.1	1
CALSEI010000520.1	1
CALSEI010000523.1	1
CALSEI010000532.1	1
CALSEI010000537.1	1
CALSEI010000554.1	1
CALSEI010000556.1	1
CALSEI010000557.1	1
CALSEI010000559.1	1
CALSEI010000561.1	1
CALSEI010000562.1	1
CALSEI010000565.1	1
CALSEI010000566.1	1
CALSEI010000572.1	1
CALSEI010000574.1	1
CALSEI010000577.1	1
CALSEI010000579.1	1
CALSEI010000589.1	1
CALSEI010000591.1	1
CALSEI010000592.1	1
CALSEI010000595.1	1
CALSEI010000601.1	1
CALSEI010000602.1	1
CALSEI010000603.1	1
CALSEI010000609.1	1
CALSEI010000614.1	1
CALSEI010000617.1	1
CALSEI010000619.1	1
CALSEI010000620.1	1
CALSEI010000651.1	1
CALSEI010000667.1	1
CALSEI010000668.1	1
CALSEI010000669.1	1
CALSEI010000672.1	1
CALSEI010000673.1	1
CALSEK010000001.1	1
CALSEK010000005.1	1
CALSEK010000026.1	1
CALSEK010000041.1	1
CALSEK010000043.1	1
CALSEK010000049.1	1
CALSEK010000052.1	1
CALSEK010000114.1	1
CALSEK010000117.1	1
CALSEK010000143.1	1
CALSEK010000151.1	1
CALSEK010000157.1	1
CALSEK010000185.1	1
CALSEK010000196.1	1
CALSEK010000199.1	1
CALSEK010000239.1	1
CALSEK010000492.1	1
CALSEK010000525.1	1
CALSEK010000568.1	1
CALSFZ010000006.1	1
CALSFZ010000009.1	1
CALSFZ010000024.1	1
CALSFZ010000038.1	1
CALSFZ010000077.1	1
CALTRM010000004.1	1
CALTRM010000060.1	1
CALTRM010000086.1	1
CALTRM010000088.1	1
CAWUOS010000003.1	1
CAWUOS010000004.1	1
CAWUOS010000012.1	1
CAWUOS010000018.1	1
CAWUOS010000023.1	1
CAWUOS010000025.1	1
CAWUOS010000031.1	1
CAWUOS010000050.1	1
CAWUOS010000051.1	1
CAWUOS010000061.1	1
CAWUOS010000084.1	1
CAWUOS010000085.1	1
CAWUOS010000096.1	1
CAWUOS010000103.1	1
CAWUOS010000110.1	1
CAWUOS010000127.1	1
CAWUOS010000129.1	1
CAWUOS010000134.1	1
CAWUOS010000136.1	1
CAWUOS010000144.1	1
CAWUOS010000145.1	1
CAWUOS010000160.1	1
CAWUOS010000166.1	1
CAWUOS010000171.1	1
CAWUOS010000172.1	1
CAWUOS010000182.1	1
CAWUOS010000209.1	1
CAWUOS010000211.1	1
CAWUOS010000234.1	1
CAWUOS010000236.1	1
CAWUOS010000240.1	1
CAWUOS010000245.1	1
CAWUOS010000248.1	1
CAWUOS010000256.1	1
CAWUOS010000261.1	1
CAWUOS010000280.1	1
CAWUOS010000282.1	1
CAWUOS010000284.1	1
CAWUOS010000294.1	1
CAWUOS010000295.1	1
CAWUOS010000297.1	1
CAWUOS010000299.1	1
CAWUOS010000307.1	1
CAWUOS010000309.1	1
CAWUOS010000315.1	1
CAWUOS010000317.1	1
CAWUOS010000319.1	1
CAWUOS010000320.1	1
CAWUOS010000323.1	1
CAWUOS010000326.1	1
CAWUOS010000339.1	1
CAWUOS010000342.1	1
CAWUOS010000345.1	1
CAWUOS010000348.1	1
CAWUOS010000355.1	1
CAWUOS010000360.1	1
CAWUOS010000361.1	1
CAWUOS010000366.1	1
CAWUOS010000372.1	1
CAWUOS010000376.1	1
CAWUOS010000381.1	1
CAWUOS010000387.1	1
CAWUOS010000398.1	1
CAWUOS010000402.1	1
CAWUOS010000403.1	1
CAWUOS010000404.1	1
CAWUOS010000406.1	1
CAWUOS010000410.1	1
CAWUOS010000412.1	1
CAWUOS010000420.1	1
CAWUOS010000428.1	1
CAWUOS010000430.1	1
CAWUOS010000438.1	1
CAWUOS010000442.1	1
CAWUOS010000450.1	1
CAWUOS010000451.1	1
CAWUOS010000458.1	1
CAWUOS010000462.1	1
CAWUOS010000467.1	1
CAWUOS010000469.1	1
CAWUOS010000486.1	1
CAWUOS010000491.1	1
CAWUOS010000494.1	1
CAWUOS010000498.1	1
CAWUOS010000503.1	1
CAWUOS010000506.1	1
CAWUOS010000508.1	1
CAWUOS010000509.1	1
CAWUOS010000515.1	1
CAWUOS010000516.1	1
CAWUOS010000517.1	1
CAWUOS010000518.1	1
CAWUOS010000523.1	1
CAWUOS010000527.1	1
CAWUOS010000530.1	1
CAWUOS010000531.1	1
CAWUOS010000535.1	1
CAWUOS010000542.1	1
CAWUOS010000547.1	1
CAWUOS010000550.1	1
CAWUOS010000560.1	1
CAWUOS010000564.1	1
CAWUOS010000568.1	1
CAWUOS010000569.1	1
CAWUOS010000575.1	1
CAWUOS010000579.1	1
CAWUOS010000580.1	1
CAWUOS010000581.1	1
CAWUOS010000582.1	1
CAWUOS010000585.1	1
CAWUOS010000591.1	1
CAWUOS010000595.1	1
CAWUOS010000596.1	1
CAWUOS010000598.1	1
CAWUOS010000601.1	1
CAWUOS010000607.1	1
CAWUOS010000608.1	1
CAWUOS010000615.1	1
CAWUOS010000620.1	1
CAWUOS010000625.1	1
CAWUOS010000626.1	1
CAWUOS010000632.1	1
CAWUOS010000634.1	1
CAWUOS010000635.1	1
CAWUOS010000638.1	1
CAWUOS010000640.1	1
CAWUOS010000642.1	1
CAWUOS010000644.1	1
CAWUOS010000646.1	1
CAWUOS010000647.1	1
CAWUOS010000649.1	1
CAWUOS010000651.1	1
CAWUOS010000655.1	1
CAWUOS010000659.1	1
CAWUOS010000660.1	1
CAWUOS010000663.1	1
CAWUOS010000674.1	1
CAWUOS010000682.1	1
CAWUOS010000692.1	1
CAWUOS010000697.1	1
CAWUOS010000700.1	1
CAWUOS010000704.1	1
CAWUOS010000707.1	1
CAWUOS010000710.1	1
CAWUOS010000715.1	1
CAWUOS010000719.1	1
CAWUOS010000724.1	1
CAWUOS010000726.1	1
CAWUOS010000727.1	1
CAWUOS010000728.1	1
CAWUOS010000738.1	1
CAWUOS010000741.1	1
CAWUOS010000754.1	1
CAWUOS010000756.1	1
CAWUOS010000758.1	1
CAWUOS010000761.1	1
CAWUOS010000762.1	1
CAWUOS010000764.1	1
CAWUOS010000777.1	1
CAWUOS010000779.1	1
CAWUOS010000783.1	1
CAWUOS010000791.1	1
CAWUOS010000800.1	1
CAWUOS010000801.1	1
CAWUOS010000804.1	1
CAWUOS010000807.1	1
CAWUOS010000808.1	1
CAWUOS010000814.1	1
CAWUOS010000819.1	1
CAWUOS010000822.1	1
CAWUOS010000825.1	1
CAWUOS010000826.1	1
CAWUOS010000827.1	1
CAWUOS010000828.1	1
CAWUOS010000832.1	1
CAWUOS010000833.1	1
CAWUOS010000835.1	1
CAWUOS010000839.1	1
CAWUOS010000840.1	1
CAWUOS010000841.1	1
CAWUOS010000843.1	1
CAWUOS010000844.1	1
CAWUOS010000845.1	1
CAWUOS010000846.1	1
CAWUOS010000847.1	1
CAWUOS010000848.1	1
CAWUOS010000849.1	1
CAWUOS010000850.1	1
CAWUOS010000851.1	1
CAWUOS010000853.1	1
CAWUOS010000854.1	1
CAWUOS010000855.1	1
CAWUOS010000856.1	1
CAWUOS010000857.1	1
CAWUOS010000858.1	1
CAWUOS010000859.1	1
CAWUOS010000862.1	1
CAWUOS010000863.1	1
CAWUOS010000866.1	1
CAWUOS010000869.1	1
CAWUOS010000874.1	1
CAWUOS010000875.1	1
CAWUOS010000877.1	1
CAWUOS010000880.1	1
CAWUOS010000882.1	1
CAWUOS010000911.1	1
CAWUOX010000007.1	1
CAWUOX010000010.1	1
CAWUOX010000041.1	1
CAWUOX010000436.1	1
CAWUOX010000781.1	1
CAWUOX010000877.1	1
CAWUOX010000883.1	1
JABEOT010000019.1	1
JABEOT010000031.1	1
JABEOT010000035.1	1
JABEOT010000195.1	1
JABEOT010000196.1	1
JABEOT010000217.1	1
JABEOT010000240.1	1
JABEOT010000248.1	1
JABEOT010000389.1	1
JABEOT010000449.1	1
JABUIU010000002.1	1
JADFFJ010000002.1	1
JADFFJ010000013.1	1
JADFFJ010000054.1	1
JADFFN010000002.1	1
JADFFN010000026.1	1
JADFFN010004048.1	1
JADFFN010005582.1	1
JADFFN010008522.1	1
JADFFN010010810.1	1
JADFFN010013780.1	1
JADFFN010014659.1	1
JADFFN010015742.1	1
JADFFN010018189.1	1
JADFFO010000009.1	1
JADFFO010000199.1	1
JADFFO010000296.1	1
JADFFO010000335.1	1
JADFFO010000361.1	1
JADFFO010000638.1	1
JADFFO010000659.1	1
JADFFO010000874.1	1
JADFFO010000925.1	1
JADFFO010000940.1	1
JADFFO010000960.1	1
JADFTQ010000053.1	1
JADFTQ010000074.1	1
JADFTQ010000084.1	1
JADGIQ010000004.1	1
JADGIQ010000423.1	1
JADGIQ010000425.1	1
JADGIQ010000428.1	1
JADGIQ010000522.1	1
JADGIR010000002.1	1
JADGIR010000064.1	1
JADQCW010000003.1	1
JAIQDY010000003.1	1
JAIQDY010000006.1	1
JAIQDY010000007.1	1
JAIQDY010000013.1	1
JAIQDY010000028.1	1
JAIQDY010000078.1	1
JAIQDY010000376.1	1
JAIQDY010000393.1	1
JAIQDY010000660.1	1
JALIHK010000003.1	1
JALIHK010000006.1	1
JALIHK010000008.1	1
JALIHK010000011.1	1
JALIHK010000012.1	1
JAOEFI010000007.1	1
JAOEFI010001471.1	1
JAOEFI010001947.1	1
JAOEFI010002490.1	1
JAOEFI010004084.1	1
JAOEFI010005754.1	1
JAOEFI010009742.1	1
JAOEFI010012139.1	1
JAOEFI010013587.1	1
JAOEFI010016613.1	1
JAOEFI010017441.1	1
JAOEFI010017925.1	1
JAOEFI010018042.1	1
JAOEFI010019047.1	1
JAOEFI010019579.1	1
JAOEFI010019872.1	1
JAVFHU010001456.1	1
JAVFHU010001463.1	1
JAVFHU010002176.1	1
JAVFHU010002420.1	1
JAVFHU010002521.1	1
JAVFHU010004027.1	1
JAVFHU010006299.1	1
JAVFHU010006520.1	1
JAVFHU010008183.1	1
JAVFHU010008935.1	1
JAVFHU010014618.1	1
JAVFHU010014891.1	1
JAVFHU010015730.1	1
JAVFHU010017220.1	1
JAVFHU010018750.1	1
JAVFHU010024871.1	1
JAVFHU010030649.1	1
JAVFHU010035725.1	1
JAVFHU010047258.1	1
JAVFHU010049400.1	1
JAVFHU010058220.1	1
JAVFHU010060198.1	1
JAVFHU010065152.1	1
JAVFHU010067753.1	1
JAVFHU010069545.1	1
JAVFHU010069773.1	1
JAVFHU010075412.1	1
JAVFHU010075480.1	1
JAVFHU010076457.1	1
JAVFHU010077975.1	1
JBCDWH010000039.1	1
JXPR01010757.1	1
JXPR01014980.1	1
JXPR01018002.1	1
JXPR01018651.1	1
JXPR01020319.1	1
JXPR01023356.1	1
JXPR01023829.1	1
JXPR01024135.1	1
JXPR01038894.1	1
JXPR01042697.1	1
JXPR01048299.1	1
JXWZ01000027.1	1
JXWZ01000097.1	1
JXWZ01000216.1	1
JXWZ01000689.1	1
JXWZ01001421.1	1
JXWZ01002321.1	1
JXWZ01004580.1	1
JXWZ01005894.1	1
JXWZ01007189.1	1
JXWZ01007703.1	1
JXWZ01007901.1	1
JXWZ01009304.1	1
JXWZ01012092.1	1
JXWZ01013110.1	1
JXWZ01013234.1	1
JXWZ01013337.1	1
JXWZ01013703.1	1
JXWZ01013757.1	1
JXWZ01013990.1	1
JXXA01000113.1	1
JXXA01000641.1	1
JXXA01001178.1	1
JXXA01003387.1	1
JXXA01003660.1	1
JXXA01003988.1	1
JXXA01006681.1	1
JXXA01009825.1	1
JXXA01010315.1	1
JXXA01014271.1	1
JXXA01015262.1	1
JXXA01015399.1	1
JXXA01017303.1	1
JXXA01018464.1	1
JXXA01018491.1	1
JXXB01000225.1	1
JXXB01002767.1	1
JXXB01003236.1	1
JXXB01004867.1	1
JXXB01005994.1	1
JXXB01006873.1	1
JXXB01007751.1	1
JXXB01013535.1	1
JXXB01013890.1	1
JXXB01017775.1	1
JXXB01021084.1	1
JXXB01022830.1	1
JXXB01026670.1	1
JXXB01027111.1	1
JXXB01028441.1	1
JXXB01036755.1	1
JXXB01041403.1	1
JXXB01041429.1	1
JXXC01000939.1	1
JXXC01001951.1	1
JXXC01007517.1	1
JXXC01007520.1	1
JXXC01010912.1	1
JXXC01018392.1	1
JXXC01021103.1	1
JXXC01023576.1	1
LCWJ01000069.1	1
LCWJ01000318.1	1
LCWJ01000402.1	1
LCWJ01000439.1	1
LCWJ01000612.1	1
LCWJ01001042.1	1
LCWJ01001386.1	1
LCWJ01001482.1	1
LCWJ01003607.1	1
LCWJ01004093.1	1
LCWJ01004212.1	1
LCWJ01004389.1	1
LCWJ01004391.1	1
LCWJ01004419.1	1
LCWJ01004452.1	1
LCWJ01004492.1	1
LCWJ01005181.1	1
LCWJ01005811.1	1
LCWJ01006194.1	1
LCWJ01006200.1	1
LCWJ01006204.1	1
LCWJ01006484.1	1
LCWJ01006753.1	1
LCWJ01006821.1	1
LCWJ01007279.1	1
LCWJ01007929.1	1
LULA01001466.1	1
LULA01002389.1	1
LULA01002405.1	1
LULA01002607.1	1
LULA01002797.1	1
LULA01003009.1	1
LULA01003743.1	1
LULA01004022.1	1
LULA01004721.1	1
LULA01005206.1	1
LULA01005491.1	1
LULA01005571.1	1
LULA01005733.1	1
LULA01005802.1	1
LULA01006066.1	1
LULA01006316.1	1
LULA01006423.1	1
LULA01006710.1	1
LULA01007239.1	1
LULA01007307.1	1
LULA01007503.1	1
LULA01007619.1	1
LULA01007891.1	1
LULA01008278.1	1
LULA01009256.1	1
LULA01009573.1	1
LULA01009618.1	1
LULA01009770.1	1
LULA01010282.1	1
LULA01010350.1	1
LULA01010778.1	1
LULA01010980.1	1
LULA01011169.1	1
LULA01011308.1	1
LULA01011778.1	1
LULA01012110.1	1
LULA01012197.1	1
LULA01012313.1	1
LULA01012480.1	1
LULA01012957.1	1
LULA01013218.1	1
LULA01013415.1	1
LULA01013596.1	1
LULA01013599.1	1
LULA01013605.1	1
LULA01013802.1	1
LULA01013860.1	1
LULA01013861.1	1
LULA01013862.1	1
LULA01013887.1	1
LULA01013989.1	1
LULA01014001.1	1
LULA01014005.1	1
LULA01014383.1	1
LULA01014537.1	1
LULA01014607.1	1
LULA01014615.1	1
LULA01014656.1	1
LULA01014686.1	1
LULA01014739.1	1
LULA01014750.1	1
LULA01014793.1	1
LULA01014866.1	1
LULA01014981.1	1
LULA01014983.1	1
LULA01015157.1	1
LULA01015295.1	1
LULA01015366.1	1
LULA01015387.1	1
LULA01015403.1	1
LULA01015749.1	1
LULA01015760.1	1
LULA01015869.1	1
LULA01015870.1	1
LULA01016144.1	1
LULA01016294.1	1
LULA01016563.1	1
LULA01016793.1	1
LULA01016794.1	1
LULA01016880.1	1
LULA01016909.1	1
LULA01016910.1	1
LULA01017359.1	1
LULA01017680.1	1
LULA01017800.1	1
LULA01017801.1	1
LULA01018041.1	1
LULA01018620.1	1
LULA01018621.1	1
LULA01018623.1	1
LULA01018719.1	1
LULA01018783.1	1
LULA01019267.1	1
LULA01019583.1	1
LULA01019664.1	1
LULA01020569.1	1
LULA01020596.1	1
LULA01020993.1	1
LULA01021155.1	1
LULA01021482.1	1
LULA01021546.1	1
LULA01022195.1	1
LULA01022374.1	1
LULA01022478.1	1
LULA01024315.1	1
LULA01024451.1	1
LULA01024779.1	1
LULA01024938.1	1
LULA01025027.1	1
LULA01025646.1	1
LULA01025741.1	1
LULA01025894.1	1
LULA01025895.1	1
LULA01025994.1	1
LULA01025999.1	1
LULA01026087.1	1
LULA01026394.1	1
LULA01026496.1	1
LULA01027878.1	1
LULA01028192.1	1
LULA01028451.1	1
LULA01029178.1	1
LULA01030290.1	1
LULA01030630.1	1
LULA01031429.1	1
LULA01031573.1	1
LULA01032965.1	1
LULA01033111.1	1
LULA01035115.1	1
LULA01036711.1	1
LULA01042868.1	1
LULA01044410.1	1
LULA01046213.1	1
LULA01046865.1	1
LULA01048030.1	1
LULA01049198.1	1
LULA01049362.1	1
LULA01052917.1	1
LULA01053122.1	1
LULA01053573.1	1
LULA01053854.1	1
LULA01054843.1	1
LULA01055456.1	1
LULA01056529.1	1
LULA01059348.1	1
LULA01060347.1	1
LULA01060450.1	1
LULA01060480.1	1
LULA01061716.1	1
LULA01063396.1	1
LULA01063815.1	1
LULA01065581.1	1
LULB01001923.1	1
LULB01003325.1	1
LULB01003338.1	1
LULB01003339.1	1
LULB01003710.1	1
LULB01005356.1	1
LULB01005428.1	1
LULB01005626.1	1
LULB01005628.1	1
LULB01006485.1	1
LULB01006491.1	1
LULB01006492.1	1
LULB01006678.1	1
LULB01007631.1	1
LULB01007632.1	1
LULB01008243.1	1
LULB01008856.1	1
LULB01008864.1	1
LULB01009942.1	1
LULB01009943.1	1
LULB01009952.1	1
LULB01011272.1	1
LULB01011275.1	1
LULB01011279.1	1
LULB01011280.1	1
LULB01011282.1	1
LULB01011283.1	1
LULB01011284.1	1
LULB01019191.1	1
LULB01020006.1	1
LULB01021847.1	1
LULB01022885.1	1
LULB01023341.1	1
LULB01025524.1	1
LULB01026601.1	1
LULB01026975.1	1
LULB01027789.1	1
LULB01027791.1	1
LULB01027799.1	1
LULB01027832.1	1
LULB01028891.1	1
LULB01028892.1	1
LULB01028894.1	1
LULB01030087.1	1
LULB01031363.1	1
LULB01033524.1	1
LULB01036014.1	1
LULB01036015.1	1
LULB01036061.1	1
LULB01036080.1	1
LULB01037526.1	1
LULB01038529.1	1
LULB01038724.1	1
LULB01041461.1	1
LULB01041815.1	1
LULB01047250.1	1
LULB01047475.1	1
LULB01048991.1	1
LULB01049161.1	1
LULB01050365.1	1
LULB01051210.1	1
LULB01051620.1	1
LULB01052223.1	1
LULB01053679.1	1
LULB01053680.1	1
LULB01054832.1	1
LULB01054839.1	1
LULB01054845.1	1
LULB01055492.1	1
LULB01055864.1	1
LULB01056786.1	1
LULB01060449.1	1
LULB01060450.1	1
LULB01063430.1	1
LULB01064342.1	1
LULB01065540.1	1
LULB01066564.1	1
LULB01067656.1	1
LULB01069791.1	1
LULB01070193.1	1
LULB01070195.1	1
LULB01071240.1	1
LULB01073577.1	1
LULB01074588.1	1
LULB01077630.1	1
LULB01077631.1	1
LULB01079840.1	1
LULB01080410.1	1
LULB01082564.1	1
LULB01083600.1	1
LULB01084362.1	1
LULB01085627.1	1
LULB01085883.1	1
LULB01086786.1	1
LULB01087781.1	1
LULB01087782.1	1
LULB01092491.1	1
LULB01092493.1	1
LULB01093354.1	1
LULB01098891.1	1
LULB01099632.1	1
LULB01100644.1	1
LULB01101050.1	1
LULB01101151.1	1
LULB01103294.1	1
LULB01104123.1	1
LULB01104177.1	1
NJHH01000212.1	1
NJHH01000598.1	1
NJHH01001319.1	1
NJHH01001333.1	1
NJHH01001994.1	1
NJHH01002380.1	1
NJHH01002493.1	1
NJHH01003072.1	1
NJHH01003082.1	1
NJHH01004054.1	1
NJHH01006434.1	1
NJHH01009838.1	1
NJHH01010907.1	1
NJHH01011908.1	1
NJHH01012595.1	1
NJHH01014369.1	1
NJHH01014778.1	1
NJHH01015243.1	1
NJHH01015746.1	1
NJHH01016330.1	1
NW_026045045.1	1
NW_026045048.1	1
NW_026045060.1	1
NW_026045062.1	1
NW_026045064.1	1
NW_026045074.1	1
NW_026045078.1	1
NW_026045081.1	1
NW_026045084.1	1
NW_026045085.1	1
NW_026045086.1	1
NW_026045087.1	1
NW_026045089.1	1
NW_026045090.1	1
NW_026045091.1	1
NW_026045093.1	1
NW_026045095.1	1
NW_026045098.1	1
NW_026045100.1	1
NW_026045101.1	1
NW_026045102.1	1
NW_026045103.1	1
NW_026045104.1	1
NW_026045106.1	1
NW_026045107.1	1
NW_026045108.1	1
NW_026045109.1	1
NW_026045110.1	1
NW_026045112.1	1
NW_026045115.1	1
NW_026045117.1	1
NW_026045118.1	1
NW_026045120.1	1
NW_026045121.1	1
NW_026045122.1	1
NW_026045123.1	1
NW_026045125.1	1
NW_026045128.1	1
NW_026045129.1	1
NW_026045130.1	1
NW_026045131.1	1
NW_026045132.1	1
NW_026045133.1	1
NW_026045134.1	1
NW_026045135.1	1
NW_026045136.1	1
NW_026045137.1	1
NW_026045138.1	1
NW_026045139.1	1
NW_026045140.1	1
NW_026045142.1	1
NW_026045144.1	1
NW_026045153.1	1
NW_026045198.1	1
NW_026045297.1	1
NW_026045319.1	1
NW_026045351.1	1
NW_026045354.1	1
NW_026045355.1	1
NW_026045361.1	1
NW_026060413.1	1
NW_026060416.1	1
NW_026060482.1	1
NW_026060487.1	1
NW_026060538.1	1
NW_026060546.1	1
NW_026060589.1	1
NW_026060591.1	1
NW_026060636.1	1
NW_026060637.1	1
NW_026060639.1	1
NW_026453601.1	1
NW_026453602.1	1
NW_026453604.1	1
NW_026453606.1	1
NW_026453607.1	1
NW_026453609.1	1
NW_026453612.1	1
NW_026453613.1	1
NW_026453872.1	1
NW_026453892.1	1
NW_026453897.1	1
NW_026453936.1	1
NW_026453989.1	1
NW_026454180.1	1
NW_026454758.1	1
NW_026454763.1	1
NW_026454793.1	1
NW_026454918.1	1
NW_026455001.1	1
NW_026455031.1	1
NW_026455034.1	1
NW_026456266.1	1
NW_026456362.1	1
NW_026456427.1	1
NW_026456531.1	1
NW_026456532.1	1
NW_026456877.1	1
NW_026457252.1	1
NW_026457361.1	1
NW_026457640.1	1
NW_026457786.1	1
NW_026458281.1	1
NW_026458287.1	1
NW_026525050.1	1
NW_026525052.1	1
NW_026525053.1	1
NW_026525055.1	1
NW_026525056.1	1
NW_026525058.1	1
NW_026525061.1	1
NW_026525068.1	1
NW_026525069.1	1
NW_026525070.1	1
NW_026525072.1	1
NW_026525075.1	1
NW_026525076.1	1
NW_026525078.1	1
NW_026525079.1	1
NW_026525084.1	1
NW_026525088.1	1
NW_026525089.1	1
NW_026525098.1	1
NW_026525101.1	1
NW_026525102.1	1
NW_026525103.1	1
NW_026525105.1	1
NW_026525106.1	1
NW_026525108.1	1
NW_026525109.1	1
NW_026525110.1	1
NW_026525111.1	1
NW_026525112.1	1
NW_026525113.1	1
NW_026525114.1	1
NW_026525116.1	1
NW_026525117.1	1
NW_026525118.1	1
NW_026525119.1	1
NW_026525120.1	1
NW_026525122.1	1
NW_026525151.1	1
NW_026525160.1	1
NW_026525162.1	1
NW_026525165.1	1
NW_026525166.1	1
NW_026525171.1	1
NW_026525174.1	1
NW_026525196.1	1
NW_026525201.1	1
NW_026525211.1	1
NW_026525213.1	1
NW_026525214.1	1
NW_026525233.1	1
NW_026525449.1	1
NW_026525456.1	1
NW_026525470.1	1
NW_026525476.1	1
NW_026525478.1	1
NW_026525494.1	1
NW_026525500.1	1
NW_026525696.1	1
NW_026525699.1	1
NW_026525705.1	1
NW_026525708.1	1
NW_026525709.1	1
NW_026525717.1	1
NW_026525718.1	1
NW_026525719.1	1
NW_026525721.1	1
NW_026525723.1	1
NW_026525725.1	1
NW_026525727.1	1
NW_026525732.1	1
NW_026525734.1	1
NW_026525737.1	1
NW_026525739.1	1
NW_026525743.1	1
NW_026525745.1	1
NW_026525751.1	1
NW_026525754.1	1
NW_026525755.1	1
NW_026525758.1	1
NW_026525760.1	1
NW_026525761.1	1
NW_026525762.1	1
NW_026525763.1	1
NW_026525764.1	1
NW_026525766.1	1
NW_026525769.1	1
NW_026525772.1	1
NW_026525773.1	1
NW_026525775.1	1
NW_026525776.1	1
NW_026525777.1	1
NW_026525778.1	1
NW_026525783.1	1
NW_026525786.1	1
NW_026525789.1	1
NW_026525792.1	1
NW_026525800.1	1
NW_026525804.1	1
NW_026525805.1	1
NW_026525807.1	1
NW_026525808.1	1
NW_026525809.1	1
NW_026525812.1	1
NW_026525815.1	1
NW_026525817.1	1
NW_026525818.1	1
NW_026525819.1	1
NW_026525821.1	1
NW_026525825.1	1
NW_026525827.1	1
NW_026525828.1	1
NW_026525829.1	1
NW_026525832.1	1
NW_026525833.1	1
NW_026525834.1	1
NW_026525836.1	1
NW_026525837.1	1
NW_026525838.1	1
NW_026525839.1	1
NW_026525842.1	1
NW_026525844.1	1
NW_026525847.1	1
NW_026525848.1	1
NW_026525849.1	1
NW_026525852.1	1
NW_026525853.1	1
NW_026525854.1	1
NW_026525855.1	1
NW_026525856.1	1
NW_026525858.1	1
NW_026525859.1	1
NW_026525860.1	1
NW_026525861.1	1
NW_026525862.1	1
NW_026525863.1	1
NW_026525865.1	1
NW_026525866.1	1
NW_026525867.1	1
NW_026525873.1	1
NW_026525874.1	1
NW_026525904.1	1
NW_026525945.1	1
NW_026684298.1	1
NW_026684403.1	1
NW_026684473.1	1
NW_026684474.1	1
NW_026684476.1	1
NW_026684504.1	1
NW_026684523.1	1
NW_026684531.1	1
NW_026684655.1	1
NW_026684759.1	1
NW_026684796.1	1
NW_026684797.1	1
NW_026684798.1	1
NW_026684799.1	1
NW_026684846.1	1
NW_026684866.1	1
NW_026685115.1	1
NW_026685210.1	1
NW_026685290.1	1
NW_026685359.1	1
NW_026685389.1	1
NW_026685441.1	1
NW_026685536.1	1
NW_026685593.1	1
NW_026685594.1	1
NW_026685627.1	1
NW_026685751.1	1
NW_026685809.1	1
NW_026685951.1	1
NW_026685967.1	1
NW_026685999.1	1
NW_026686151.1	1
NW_026686840.1	1
NW_026689709.1	1
NW_026689711.1	1
NW_026689712.1	1
NW_026689714.1	1
NW_026689715.1	1
NW_026689717.1	1
NW_026689720.1	1
NW_026689727.1	1
NW_026689728.1	1
NW_026689729.1	1
NW_026689731.1	1
NW_026689734.1	1
NW_026689735.1	1
NW_026689737.1	1
NW_026689738.1	1
NW_026689743.1	1
NW_026689747.1	1
NW_026689748.1	1
NW_026689757.1	1
NW_026689760.1	1
NW_026689761.1	1
NW_026689762.1	1
NW_026689764.1	1
NW_026689765.1	1
NW_026689767.1	1
NW_026689768.1	1
NW_026689769.1	1
NW_026689770.1	1
NW_026689771.1	1
NW_026689772.1	1
NW_026689773.1	1
NW_026689775.1	1
NW_026689776.1	1
NW_026689777.1	1
NW_026689778.1	1
NW_026689779.1	1
NW_026689781.1	1
NW_026689810.1	1
NW_026689819.1	1
NW_026689821.1	1
NW_026689824.1	1
NW_026689825.1	1
NW_026689830.1	1
NW_026689833.1	1
NW_026689854.1	1
NW_026689859.1	1
NW_026689869.1	1
NW_026689871.1	1
NW_026689873.1	1
NW_026689892.1	1
NW_026690108.1	1
NW_026690115.1	1
NW_026902715.1	1
OX030885.1	1
RCWQ01000285.1	1
RCWQ01000426.1	1
RCWQ01000447.1	1
RCWQ01000507.1	1
RCWQ01000518.1	1
RCWQ01000597.1	1
RCWQ01000782.1	1
RCWQ01000834.1	1
RCWQ01000835.1	1
RCWQ01001173.1	1
RCWQ01001744.1	1
RCWQ01002021.1	1
RCWQ01002478.1	1
RCWQ01002632.1	1
RCWQ01002867.1	1
RCWQ01002943.1	1
RCWQ01003033.1	1
RCWQ01003191.1	1
RCWQ01003700.1	1
RCWQ01003870.1	1
RCWQ01003887.1	1
RCWQ01004075.1	1
RCWQ01004206.1	1
RCWQ01004386.1	1
RCWQ01004409.1	1
RCWQ01004451.1	1
RCWQ01004538.1	1
RCWQ01004649.1	1
RCWQ01004708.1	1
RCWQ01004803.1	1
RCWQ01004817.1	1
RCWQ01004835.1	1
RCWQ01004836.1	1
RCWQ01004865.1	1
RCWQ01004880.1	1
RCWQ01004883.1	1
RCWQ01004892.1	1
RCWQ01004898.1	1
RCWQ01004916.1	1
RCWQ01004923.1	1
RCWQ01004931.1	1
RCWQ01004974.1	1
RCWQ01005007.1	1
RCWQ01005016.1	1
RCWQ01005022.1	1
RCWQ01005030.1	1
RCWQ01005031.1	1
RCWQ01005038.1	1
RCWQ01005042.1	1
RCWQ01005048.1	1
RCWQ01005053.1	1
RCWQ01005078.1	1
RCWQ01005084.1	1
RCWQ01005097.1	1
RCWQ01005119.1	1
RCWQ01005149.1	1
RCWQ01005154.1	1
RCWQ01005239.1	1
RCWQ01005278.1	1
RCWQ01005285.1	1
RCWQ01005287.1	1
RCWQ01005293.1	1
RCWQ01005337.1	1
RCWQ01005394.1	1
RCWQ01005399.1	1
RCWQ01005415.1	1
RCWQ01005429.1	1
RCWQ01005521.1	1
RCWQ01005539.1	1
RCWQ01005584.1	1
RCWQ01005603.1	1
RCWQ01005666.1	1
RCWQ01005695.1	1
RCWQ01005769.1	1
RCWQ01005775.1	1
RCWQ01005806.1	1
RCWQ01005809.1	1
RCWQ01005856.1	1
RCWQ01005863.1	1
RCWQ01005880.1	1
RCWQ01006175.1	1
RCWQ01006270.1	1
RCWQ01006335.1	1
RCWQ01006374.1	1
RCWQ01006586.1	1
RCWQ01006746.1	1
RCWQ01006900.1	1
RCWQ01006994.1	1
RCWQ01007059.1	1
RCWQ01007103.1	1
RCWQ01007104.1	1
RCWQ01007239.1	1
RCWQ01007731.1	1
RCWQ01007800.1	1
RCWQ01007862.1	1
RCWQ01007917.1	1
RCWQ01007993.1	1
RCWQ01008000.1	1
RCWQ01008047.1	1
RCWQ01008051.1	1
RCWQ01008053.1	1
RCWQ01008065.1	1
RCWQ01008210.1	1
RCWQ01008211.1	1
RCWQ01008271.1	1
RCWQ01008297.1	1
RCWQ01008434.1	1
RCWQ01008563.1	1
RCWQ01008633.1	1
RCWQ01008826.1	1
RCWQ01008869.1	1
RCWQ01008870.1	1
RCWQ01008971.1	1
RCWQ01009073.1	1
RWKB01000012.1	1
RWKB01000017.1	1
RWKB01000034.1	1
RWKB01000039.1	1
RWKB01000065.1	1
RWKB01000086.1	1
RWKB01000100.1	1
RWKB01000101.1	1
RWKB01000154.1	1
RWKB01000676.1	1
RWKB01000775.1	1
RWKB01000834.1	1
RWKB01000905.1	1
RWKB01001021.1	1
SIXB01000680.1	1
SIXB01002387.1	1
SIXB01003003.1	1
SIXB01004624.1	1
SIXB01004678.1	1
SIXB01005522.1	1
SIXB01006104.1	1
SIXB01006345.1	1
SIXB01007938.1	1
SIXB01008086.1	1
SIXB01008918.1	1
SIXB01011472.1	1
SIXB01014042.1	1
SIXB01016209.1	1
SIXB01019867.1	1
SIXB01023408.1	1
SIXB01023491.1	1
SIXB01024536.1	1
SIXB01025337.1	1
SIXB01025902.1	1
SIXB01027354.1	1
STHA01000054.1	1
STHA01000635.1	1
STHA01002168.1	1
STHA01002488.1	1
STHA01004180.1	1
STHA01004393.1	1
STHA01005195.1	1
STHA01005523.1	1
STHA01005607.1	1
STHA01007542.1	1
STHA01008000.1	1
STHA01008943.1	1
STHA01009102.1	1
STHA01010493.1	1
STHA01010832.1	1
STHA01012818.1	1
STHA01013631.1	1
STHA01015029.1	1
STHA01016510.1	1
STHA01016610.1	1
STHA01017205.1	1
STHA01018150.1	1
STHA01021852.1	1
STHA01022547.1	1
STHB01000007.1	1
STHB01000010.1	1
STHB01000011.1	1
STHB01000535.1	1
STHB01000628.1	1
STHB01001204.1	1
STHB01002232.1	1
STHB01002544.1	1
STHB01004306.1	1
STHB01004701.1	1
STHB01004852.1	1
STHB01005334.1	1
STHB01005785.1	1
STHB01006267.1	1
STHB01006435.1	1
STHB01006460.1	1
STHB01007522.1	1
STHB01008282.1	1
STHB01009768.1	1
STHB01009829.1	1
STHB01010193.1	1
STHB01010804.1	1
STHB01010995.1	1
STHB01011433.1	1
STHB01013646.1	1
STHB01013813.1	1
STHB01014420.1	1
STHB01015418.1	1
STHB01016007.1	1
STHB01016926.1	1
STHB01018526.1	1
STHB01019734.1	1
STHB01020111.1	1
STHB01020234.1	1
STHB01021052.1	1
STHB01021334.1	1
STHB01021790.1	1
STHB01023147.1	1
STHB01023516.1	1
STHB01023694.1	1
STHB01023904.1	1
STHB01024260.1	1
STHB01024627.1	1
STHB01024936.1	1
STHB01025891.1	1
STHB01026169.1	1
STHB01026335.1	1
STHB01026525.1	1
STHB01026703.1	1
STHB01027907.1	1
STHB01028462.1	1
STHB01028974.1	1
STHB01029845.1	1
STHB01034154.1	1
STHB01034438.1	1
STHC01000003.1	1
STHC01000029.1	1
STHC01000401.1	1
STHC01000532.1	1
STHC01000570.1	1
STHC01001490.1	1
STHC01002340.1	1
STHC01003010.1	1
STHC01003014.1	1
STHC01003573.1	1
STHC01003822.1	1
STHC01006091.1	1
STHC01006336.1	1
STHC01007067.1	1
STHC01007717.1	1
STHC01007752.1	1
STHC01007907.1	1
STHC01009089.1	1
STHC01009712.1	1
STHC01009977.1	1
STHC01010422.1	1
STHC01010720.1	1
STHC01012206.1	1
STHC01012863.1	1
STHC01015701.1	1
STHC01016718.1	1
STHD01001416.1	1
STHD01001521.1	1
STHD01001591.1	1
STHD01002188.1	1
STHD01002825.1	1
STHD01004536.1	1
STHD01005522.1	1
STHD01005530.1	1
STHD01005595.1	1
STHD01007538.1	1
STHD01008415.1	1
STHD01009367.1	1
STHD01009375.1	1
STHD01011351.1	1
STHD01011670.1	1
STHD01011919.1	1
STHD01013272.1	1
STHD01013334.1	1
STHD01013591.1	1
STHD01013986.1	1
STHD01013995.1	1
STHD01016076.1	1
STHD01016672.1	1
STHD01016708.1	1
STHD01016785.1	1
STHD01017265.1	1
STHD01018214.1	1
STHD01018827.1	1
STHD01019079.1	1
STHD01019524.1	1
STHD01020452.1	1
STHD01021291.1	1
STHD01022979.1	1
STHD01024161.1	1
STHD01024766.1	1
STHE01000009.1	1
STHE01000096.1	1
STHE01000099.1	1
STHE01000350.1	1
STHE01000507.1	1
STHE01000556.1	1
STHE01000721.1	1
STHE01000952.1	1
STHE01001456.1	1
STHE01001723.1	1
STHE01002905.1	1
STHE01003365.1	1
STHE01004364.1	1
STHE01004940.1	1
STHE01005513.1	1
STHE01006185.1	1
STHE01008105.1	1
STHE01009677.1	1
STHE01009751.1	1
STHE01009753.1	1
STHE01009826.1	1
STHE01009964.1	1
STHE01010116.1	1
STHE01010594.1	1
VTWG01006301.1	1
VTWG01007325.1	1
VTWG01007952.1	1
VTWG01011538.1	1
VTWG01014413.1	1
VTWG01015507.1	1
VTWG01015710.1	1
VTWG01017059.1	1
VTWG01021508.1	1
VTWG01026688.1	1
VTWG01027953.1	1
VTWG01029497.1	1
VTWG01030633.1	1
VTWG01034001.1	1
VTWG01040574.1	1
VTWG01040576.1	1
VTWG01040580.1	1
VTWG01044319.1	1
VTWG01046375.1	1
VTWG01048030.1	1
VTWG01048069.1	1
VTWG01050114.1	1
VTWG01061655.1	1
VTWG01065098.1	1
VTWG01068569.1	1